{
  "pid": 50100,
  "started_at": 1780758910.810315,
  "saved_at": 1780758910.825248,
  "metrics": {
    "starts": 1,
    "crashes": 0,
    "restarts": 0,
    "uptime_total": 0.014903068542480469
  },
  "subsystems": {}
}