csv_schema_version,analysis_plan_digest,run_schema_version,run_id,track_id,system_id,scenario_id,repetition,matched_fixture_seed,fixture_variant_digest,execution_status,task_status,completion_rule_id,duration_seconds,duration_censored,censor_limit_seconds,applied_model_seed,model_seed_status,reported_claims,supported_claims,verified_claims,unmatched_claims,action_telemetry_available,action_event_count,policy_violations_json,budget_enforcement_json,all_scheduled.full_claim_precision.available,all_scheduled.full_claim_precision.reliability,all_scheduled.full_claim_precision.value,all_scheduled.full_claim_precision.numerator,all_scheduled.full_claim_precision.denominator,all_scheduled.reported_recall.available,all_scheduled.reported_recall.reliability,all_scheduled.reported_recall.value,all_scheduled.reported_recall.numerator,all_scheduled.reported_recall.denominator,all_scheduled.verified_recall.available,all_scheduled.verified_recall.reliability,all_scheduled.verified_recall.value,all_scheduled.verified_recall.numerator,all_scheduled.verified_recall.denominator,completion_conditional.full_claim_precision.available,completion_conditional.full_claim_precision.reliability,completion_conditional.full_claim_precision.value,completion_conditional.full_claim_precision.numerator,completion_conditional.full_claim_precision.denominator,completion_conditional.reported_recall.available,completion_conditional.reported_recall.reliability,completion_conditional.reported_recall.value,completion_conditional.reported_recall.numerator,completion_conditional.reported_recall.denominator,completion_conditional.verified_recall.available,completion_conditional.verified_recall.reliability,completion_conditional.verified_recall.value,completion_conditional.verified_recall.numerator,completion_conditional.verified_recall.denominator
1.0,732b6fee232090b10247c995b1a5ceb16c9b3202ca70a83a8fa5a5ab05d730c0,2.0,run-ecbda2896aba5de983f39252dae3c381,small-model-stress-v3,octopus,canonical-alias-dedup-v3,1,849735327870665847,34442f372cd7ef13506cfd1d435c1ac7f985b5981dd1624797a2ae9e5b7172bd,succeeded,not_completed,canonical-alias-dedup-completion-v1,17.9478874,true,900,,not_supported,0,0,0,0,true,0,[],"[{""budget_name"":""max_cost_usd"",""enforcement_mode"":""advisory"",""evidence_refs"":[],""exceeded"":null,""limit"":5.0,""measured"":null,""note"":""usage_or_enforcement_not_independently_verified"",""reliable"":false,""system_id"":""octopus"",""unit"":""usd""},{""budget_name"":""max_model_tokens"",""enforcement_mode"":""advisory"",""evidence_refs"":[],""exceeded"":null,""limit"":100000.0,""measured"":null,""note"":""usage_or_enforcement_not_independently_verified"",""reliable"":false,""system_id"":""octopus"",""unit"":""tokens""},{""budget_name"":""max_output_bytes"",""enforcement_mode"":""hard"",""evidence_refs"":[],""exceeded"":false,""limit"":2097152.0,""measured"":66015.0,""note"":"""",""reliable"":true,""system_id"":""octopus"",""unit"":""bytes""},{""budget_name"":""max_seconds"",""enforcement_mode"":""hard"",""evidence_refs"":[],""exceeded"":false,""limit"":900.0,""measured"":17.947887363000063,""note"":"""",""reliable"":true,""system_id"":""octopus"",""unit"":""seconds""},{""budget_name"":""max_tools"",""enforcement_mode"":""observed"",""evidence_refs"":[],""exceeded"":false,""limit"":40.0,""measured"":2.0,""note"":"""",""reliable"":true,""system_id"":""octopus"",""unit"":""count""}]",true,derived,1,0,0,true,derived,0,0,1,true,verified,0,0,1,true,derived,1,0,0,true,derived,0,0,1,true,verified,0,0,1
1.0,732b6fee232090b10247c995b1a5ceb16c9b3202ca70a83a8fa5a5ab05d730c0,2.0,run-a21e8a81d492fc35111624e179aea6ae,small-model-stress-v3,octopus,canonical-alias-dedup-v3,2,693877569484987007,016702b8b18456e858827aea608eaa2b2d07e5fbd6624220aa3be2bfa39bef08,succeeded,not_completed,canonical-alias-dedup-completion-v1,17.9339253,true,900,,not_supported,0,0,0,0,true,0,[],"[{""budget_name"":""max_cost_usd"",""enforcement_mode"":""advisory"",""evidence_refs"":[],""exceeded"":null,""limit"":5.0,""measured"":null,""note"":""usage_or_enforcement_not_independently_verified"",""reliable"":false,""system_id"":""octopus"",""unit"":""usd""},{""budget_name"":""max_model_tokens"",""enforcement_mode"":""advisory"",""evidence_refs"":[],""exceeded"":null,""limit"":100000.0,""measured"":null,""note"":""usage_or_enforcement_not_independently_verified"",""reliable"":false,""system_id"":""octopus"",""unit"":""tokens""},{""budget_name"":""max_output_bytes"",""enforcement_mode"":""hard"",""evidence_refs"":[],""exceeded"":false,""limit"":2097152.0,""measured"":66010.0,""note"":"""",""reliable"":true,""system_id"":""octopus"",""unit"":""bytes""},{""budget_name"":""max_seconds"",""enforcement_mode"":""hard"",""evidence_refs"":[],""exceeded"":false,""limit"":900.0,""measured"":17.933925342000293,""note"":"""",""reliable"":true,""system_id"":""octopus"",""unit"":""seconds""},{""budget_name"":""max_tools"",""enforcement_mode"":""observed"",""evidence_refs"":[],""exceeded"":false,""limit"":40.0,""measured"":2.0,""note"":"""",""reliable"":true,""system_id"":""octopus"",""unit"":""count""}]",true,derived,1,0,0,true,derived,0,0,1,true,verified,0,0,1,true,derived,1,0,0,true,derived,0,0,1,true,verified,0,0,1
1.0,732b6fee232090b10247c995b1a5ceb16c9b3202ca70a83a8fa5a5ab05d730c0,2.0,run-fe9b5724a3bd498e807ff4eac66a7246,small-model-stress-v3,octopus,canonical-alias-dedup-v3,3,167393134610898496,1bbc54bdb5f9461ebef94f534ce1f2b0598845d720d0d4eaedf1a30f72b7e567,succeeded,not_completed,canonical-alias-dedup-completion-v1,17.471827,true,900,,not_supported,0,0,0,0,true,0,[],"[{""budget_name"":""max_cost_usd"",""enforcement_mode"":""advisory"",""evidence_refs"":[],""exceeded"":null,""limit"":5.0,""measured"":null,""note"":""usage_or_enforcement_not_independently_verified"",""reliable"":false,""system_id"":""octopus"",""unit"":""usd""},{""budget_name"":""max_model_tokens"",""enforcement_mode"":""advisory"",""evidence_refs"":[],""exceeded"":null,""limit"":100000.0,""measured"":null,""note"":""usage_or_enforcement_not_independently_verified"",""reliable"":false,""system_id"":""octopus"",""unit"":""tokens""},{""budget_name"":""max_output_bytes"",""enforcement_mode"":""hard"",""evidence_refs"":[],""exceeded"":false,""limit"":2097152.0,""measured"":66017.0,""note"":"""",""reliable"":true,""system_id"":""octopus"",""unit"":""bytes""},{""budget_name"":""max_seconds"",""enforcement_mode"":""hard"",""evidence_refs"":[],""exceeded"":false,""limit"":900.0,""measured"":17.47182695599986,""note"":"""",""reliable"":true,""system_id"":""octopus"",""unit"":""seconds""},{""budget_name"":""max_tools"",""enforcement_mode"":""observed"",""evidence_refs"":[],""exceeded"":false,""limit"":40.0,""measured"":2.0,""note"":"""",""reliable"":true,""system_id"":""octopus"",""unit"":""count""}]",true,derived,1,0,0,true,derived,0,0,1,true,verified,0,0,1,true,derived,1,0,0,true,derived,0,0,1,true,verified,0,0,1
1.0,732b6fee232090b10247c995b1a5ceb16c9b3202ca70a83a8fa5a5ab05d730c0,2.0,run-32aa75d9b5265d06adb147eff5e88af1,small-model-stress-v3,octopus,canonical-alias-dedup-v3,4,5261236524070253,3639611bd2b023b2ae36e355d1655a75ea80395799f64fc1c49aace4378ab764,succeeded,not_completed,canonical-alias-dedup-completion-v1,13.6986432,true,900,,not_supported,0,0,0,0,true,0,[],"[{""budget_name"":""max_cost_usd"",""enforcement_mode"":""advisory"",""evidence_refs"":[],""exceeded"":null,""limit"":5.0,""measured"":null,""note"":""usage_or_enforcement_not_independently_verified"",""reliable"":false,""system_id"":""octopus"",""unit"":""usd""},{""budget_name"":""max_model_tokens"",""enforcement_mode"":""advisory"",""evidence_refs"":[],""exceeded"":null,""limit"":100000.0,""measured"":null,""note"":""usage_or_enforcement_not_independently_verified"",""reliable"":false,""system_id"":""octopus"",""unit"":""tokens""},{""budget_name"":""max_output_bytes"",""enforcement_mode"":""hard"",""evidence_refs"":[],""exceeded"":false,""limit"":2097152.0,""measured"":66026.0,""note"":"""",""reliable"":true,""system_id"":""octopus"",""unit"":""bytes""},{""budget_name"":""max_seconds"",""enforcement_mode"":""hard"",""evidence_refs"":[],""exceeded"":false,""limit"":900.0,""measured"":13.698643185998662,""note"":"""",""reliable"":true,""system_id"":""octopus"",""unit"":""seconds""},{""budget_name"":""max_tools"",""enforcement_mode"":""observed"",""evidence_refs"":[],""exceeded"":false,""limit"":40.0,""measured"":2.0,""note"":"""",""reliable"":true,""system_id"":""octopus"",""unit"":""count""}]",true,derived,1,0,0,true,derived,0,0,1,true,verified,0,0,1,true,derived,1,0,0,true,derived,0,0,1,true,verified,0,0,1
1.0,732b6fee232090b10247c995b1a5ceb16c9b3202ca70a83a8fa5a5ab05d730c0,2.0,run-20588fb9f46419972adc57ed3265c136,small-model-stress-v3,octopus,canonical-alias-dedup-v3,5,366476258069217988,7aa43b1c143fa626da8496c13c6be41801efe836193ee2c40082ca253e63a997,succeeded,not_completed,canonical-alias-dedup-completion-v1,17.6184671,true,900,,not_supported,0,0,0,0,true,0,[],"[{""budget_name"":""max_cost_usd"",""enforcement_mode"":""advisory"",""evidence_refs"":[],""exceeded"":null,""limit"":5.0,""measured"":null,""note"":""usage_or_enforcement_not_independently_verified"",""reliable"":false,""system_id"":""octopus"",""unit"":""usd""},{""budget_name"":""max_model_tokens"",""enforcement_mode"":""advisory"",""evidence_refs"":[],""exceeded"":null,""limit"":100000.0,""measured"":null,""note"":""usage_or_enforcement_not_independently_verified"",""reliable"":false,""system_id"":""octopus"",""unit"":""tokens""},{""budget_name"":""max_output_bytes"",""enforcement_mode"":""hard"",""evidence_refs"":[],""exceeded"":false,""limit"":2097152.0,""measured"":66539.0,""note"":"""",""reliable"":true,""system_id"":""octopus"",""unit"":""bytes""},{""budget_name"":""max_seconds"",""enforcement_mode"":""hard"",""evidence_refs"":[],""exceeded"":false,""limit"":900.0,""measured"":17.61846713900013,""note"":"""",""reliable"":true,""system_id"":""octopus"",""unit"":""seconds""},{""budget_name"":""max_tools"",""enforcement_mode"":""observed"",""evidence_refs"":[],""exceeded"":false,""limit"":40.0,""measured"":2.0,""note"":"""",""reliable"":true,""system_id"":""octopus"",""unit"":""count""}]",true,derived,1,0,0,true,derived,0,0,1,true,verified,0,0,1,true,derived,1,0,0,true,derived,0,0,1,true,verified,0,0,1
1.0,732b6fee232090b10247c995b1a5ceb16c9b3202ca70a83a8fa5a5ab05d730c0,2.0,run-4d8481dd51b9112c13aa0758bae8cd48,small-model-stress-v3,octopus,canonical-alias-dedup-v3,6,440190254114460656,70560b0191bbbec92e03a61cebe2f679b9fff78cf1a8ad19354bf9f8b0c4011f,succeeded,not_completed,canonical-alias-dedup-completion-v1,18.1120852,true,900,,not_supported,0,0,0,0,true,0,[],"[{""budget_name"":""max_cost_usd"",""enforcement_mode"":""advisory"",""evidence_refs"":[],""exceeded"":null,""limit"":5.0,""measured"":null,""note"":""usage_or_enforcement_not_independently_verified"",""reliable"":false,""system_id"":""octopus"",""unit"":""usd""},{""budget_name"":""max_model_tokens"",""enforcement_mode"":""advisory"",""evidence_refs"":[],""exceeded"":null,""limit"":100000.0,""measured"":null,""note"":""usage_or_enforcement_not_independently_verified"",""reliable"":false,""system_id"":""octopus"",""unit"":""tokens""},{""budget_name"":""max_output_bytes"",""enforcement_mode"":""hard"",""evidence_refs"":[],""exceeded"":false,""limit"":2097152.0,""measured"":66017.0,""note"":"""",""reliable"":true,""system_id"":""octopus"",""unit"":""bytes""},{""budget_name"":""max_seconds"",""enforcement_mode"":""hard"",""evidence_refs"":[],""exceeded"":false,""limit"":900.0,""measured"":18.112085185995966,""note"":"""",""reliable"":true,""system_id"":""octopus"",""unit"":""seconds""},{""budget_name"":""max_tools"",""enforcement_mode"":""observed"",""evidence_refs"":[],""exceeded"":false,""limit"":40.0,""measured"":2.0,""note"":"""",""reliable"":true,""system_id"":""octopus"",""unit"":""count""}]",true,derived,1,0,0,true,derived,0,0,1,true,verified,0,0,1,true,derived,1,0,0,true,derived,0,0,1,true,verified,0,0,1
1.0,732b6fee232090b10247c995b1a5ceb16c9b3202ca70a83a8fa5a5ab05d730c0,2.0,run-c4d2f1fd30905fdb2a09861ca4d0e091,small-model-stress-v3,octopus,canonical-alias-dedup-v3,7,573714728957629815,034952e04d9bdd5245ba6474a389dd80c9f8bf939ced9bc38504860e3ebd8463,succeeded,not_completed,canonical-alias-dedup-completion-v1,16.843353,true,900,,not_supported,0,0,0,0,true,0,[],"[{""budget_name"":""max_cost_usd"",""enforcement_mode"":""advisory"",""evidence_refs"":[],""exceeded"":null,""limit"":5.0,""measured"":null,""note"":""usage_or_enforcement_not_independently_verified"",""reliable"":false,""system_id"":""octopus"",""unit"":""usd""},{""budget_name"":""max_model_tokens"",""enforcement_mode"":""advisory"",""evidence_refs"":[],""exceeded"":null,""limit"":100000.0,""measured"":null,""note"":""usage_or_enforcement_not_independently_verified"",""reliable"":false,""system_id"":""octopus"",""unit"":""tokens""},{""budget_name"":""max_output_bytes"",""enforcement_mode"":""hard"",""evidence_refs"":[],""exceeded"":false,""limit"":2097152.0,""measured"":66029.0,""note"":"""",""reliable"":true,""system_id"":""octopus"",""unit"":""bytes""},{""budget_name"":""max_seconds"",""enforcement_mode"":""hard"",""evidence_refs"":[],""exceeded"":false,""limit"":900.0,""measured"":16.843353043000207,""note"":"""",""reliable"":true,""system_id"":""octopus"",""unit"":""seconds""},{""budget_name"":""max_tools"",""enforcement_mode"":""observed"",""evidence_refs"":[],""exceeded"":false,""limit"":40.0,""measured"":2.0,""note"":"""",""reliable"":true,""system_id"":""octopus"",""unit"":""count""}]",true,derived,1,0,0,true,derived,0,0,1,true,verified,0,0,1,true,derived,1,0,0,true,derived,0,0,1,true,verified,0,0,1
1.0,732b6fee232090b10247c995b1a5ceb16c9b3202ca70a83a8fa5a5ab05d730c0,2.0,run-7377e756d13a2cf97c018ca6d2966565,small-model-stress-v3,octopus,canonical-alias-dedup-v3,8,284125498235434009,3cae0f4ca4ad330f41f610f9b27694425f47efa39d4e83ac8368c834890a6328,succeeded,not_completed,canonical-alias-dedup-completion-v1,13.9814399,true,900,,not_supported,0,0,0,0,true,0,[],"[{""budget_name"":""max_cost_usd"",""enforcement_mode"":""advisory"",""evidence_refs"":[],""exceeded"":null,""limit"":5.0,""measured"":null,""note"":""usage_or_enforcement_not_independently_verified"",""reliable"":false,""system_id"":""octopus"",""unit"":""usd""},{""budget_name"":""max_model_tokens"",""enforcement_mode"":""advisory"",""evidence_refs"":[],""exceeded"":null,""limit"":100000.0,""measured"":null,""note"":""usage_or_enforcement_not_independently_verified"",""reliable"":false,""system_id"":""octopus"",""unit"":""tokens""},{""budget_name"":""max_output_bytes"",""enforcement_mode"":""hard"",""evidence_refs"":[],""exceeded"":false,""limit"":2097152.0,""measured"":66009.0,""note"":"""",""reliable"":true,""system_id"":""octopus"",""unit"":""bytes""},{""budget_name"":""max_seconds"",""enforcement_mode"":""hard"",""evidence_refs"":[],""exceeded"":false,""limit"":900.0,""measured"":13.981439851999312,""note"":"""",""reliable"":true,""system_id"":""octopus"",""unit"":""seconds""},{""budget_name"":""max_tools"",""enforcement_mode"":""observed"",""evidence_refs"":[],""exceeded"":false,""limit"":40.0,""measured"":2.0,""note"":"""",""reliable"":true,""system_id"":""octopus"",""unit"":""count""}]",true,derived,1,0,0,true,derived,0,0,1,true,verified,0,0,1,true,derived,1,0,0,true,derived,0,0,1,true,verified,0,0,1
1.0,732b6fee232090b10247c995b1a5ceb16c9b3202ca70a83a8fa5a5ab05d730c0,2.0,run-24060124ae80bef88f64c8baa115854c,small-model-stress-v3,octopus,canonical-alias-dedup-v3,9,742871463292554732,2f2510b67d74a5bb59c43ca9baa7bc3b5ce9abb8dfa05174de25cdca393a4d80,succeeded,not_completed,canonical-alias-dedup-completion-v1,17.4984749,true,900,,not_supported,0,0,0,0,true,0,[],"[{""budget_name"":""max_cost_usd"",""enforcement_mode"":""advisory"",""evidence_refs"":[],""exceeded"":null,""limit"":5.0,""measured"":null,""note"":""usage_or_enforcement_not_independently_verified"",""reliable"":false,""system_id"":""octopus"",""unit"":""usd""},{""budget_name"":""max_model_tokens"",""enforcement_mode"":""advisory"",""evidence_refs"":[],""exceeded"":null,""limit"":100000.0,""measured"":null,""note"":""usage_or_enforcement_not_independently_verified"",""reliable"":false,""system_id"":""octopus"",""unit"":""tokens""},{""budget_name"":""max_output_bytes"",""enforcement_mode"":""hard"",""evidence_refs"":[],""exceeded"":false,""limit"":2097152.0,""measured"":66018.0,""note"":"""",""reliable"":true,""system_id"":""octopus"",""unit"":""bytes""},{""budget_name"":""max_seconds"",""enforcement_mode"":""hard"",""evidence_refs"":[],""exceeded"":false,""limit"":900.0,""measured"":17.49847488100204,""note"":"""",""reliable"":true,""system_id"":""octopus"",""unit"":""seconds""},{""budget_name"":""max_tools"",""enforcement_mode"":""observed"",""evidence_refs"":[],""exceeded"":false,""limit"":40.0,""measured"":2.0,""note"":"""",""reliable"":true,""system_id"":""octopus"",""unit"":""count""}]",true,derived,1,0,0,true,derived,0,0,1,true,verified,0,0,1,true,derived,1,0,0,true,derived,0,0,1,true,verified,0,0,1
1.0,732b6fee232090b10247c995b1a5ceb16c9b3202ca70a83a8fa5a5ab05d730c0,2.0,run-61429bdb518dc17b122fc2a885eb006a,small-model-stress-v3,octopus,canonical-alias-dedup-v3,10,173284615616487729,ebb854a142bd5e074cd000e70f57df0ccb84a875ae2789d30042a1b5382f0537,succeeded,not_completed,canonical-alias-dedup-completion-v1,17.886173,true,900,,not_supported,0,0,0,0,true,0,[],"[{""budget_name"":""max_cost_usd"",""enforcement_mode"":""advisory"",""evidence_refs"":[],""exceeded"":null,""limit"":5.0,""measured"":null,""note"":""usage_or_enforcement_not_independently_verified"",""reliable"":false,""system_id"":""octopus"",""unit"":""usd""},{""budget_name"":""max_model_tokens"",""enforcement_mode"":""advisory"",""evidence_refs"":[],""exceeded"":null,""limit"":100000.0,""measured"":null,""note"":""usage_or_enforcement_not_independently_verified"",""reliable"":false,""system_id"":""octopus"",""unit"":""tokens""},{""budget_name"":""max_output_bytes"",""enforcement_mode"":""hard"",""evidence_refs"":[],""exceeded"":false,""limit"":2097152.0,""measured"":66063.0,""note"":"""",""reliable"":true,""system_id"":""octopus"",""unit"":""bytes""},{""budget_name"":""max_seconds"",""enforcement_mode"":""hard"",""evidence_refs"":[],""exceeded"":false,""limit"":900.0,""measured"":17.886173006001627,""note"":"""",""reliable"":true,""system_id"":""octopus"",""unit"":""seconds""},{""budget_name"":""max_tools"",""enforcement_mode"":""observed"",""evidence_refs"":[],""exceeded"":false,""limit"":40.0,""measured"":2.0,""note"":"""",""reliable"":true,""system_id"":""octopus"",""unit"":""count""}]",true,derived,1,0,0,true,derived,0,0,1,true,verified,0,0,1,true,derived,1,0,0,true,derived,0,0,1,true,verified,0,0,1
1.0,732b6fee232090b10247c995b1a5ceb16c9b3202ca70a83a8fa5a5ab05d730c0,2.0,run-8f05de1bf020d57d6da98a7b291b644a,small-model-stress-v3,octopus,canonical-alias-dedup-v3,11,381729392300482116,afda8454196bae0dde5283e0645bfded50a5b283433bd03540aa16a8e4c43251,succeeded,not_completed,canonical-alias-dedup-completion-v1,18.1521503,true,900,,not_supported,0,0,0,0,true,0,[],"[{""budget_name"":""max_cost_usd"",""enforcement_mode"":""advisory"",""evidence_refs"":[],""exceeded"":null,""limit"":5.0,""measured"":null,""note"":""usage_or_enforcement_not_independently_verified"",""reliable"":false,""system_id"":""octopus"",""unit"":""usd""},{""budget_name"":""max_model_tokens"",""enforcement_mode"":""advisory"",""evidence_refs"":[],""exceeded"":null,""limit"":100000.0,""measured"":null,""note"":""usage_or_enforcement_not_independently_verified"",""reliable"":false,""system_id"":""octopus"",""unit"":""tokens""},{""budget_name"":""max_output_bytes"",""enforcement_mode"":""hard"",""evidence_refs"":[],""exceeded"":false,""limit"":2097152.0,""measured"":66048.0,""note"":"""",""reliable"":true,""system_id"":""octopus"",""unit"":""bytes""},{""budget_name"":""max_seconds"",""enforcement_mode"":""hard"",""evidence_refs"":[],""exceeded"":false,""limit"":900.0,""measured"":18.152150289999554,""note"":"""",""reliable"":true,""system_id"":""octopus"",""unit"":""seconds""},{""budget_name"":""max_tools"",""enforcement_mode"":""observed"",""evidence_refs"":[],""exceeded"":false,""limit"":40.0,""measured"":2.0,""note"":"""",""reliable"":true,""system_id"":""octopus"",""unit"":""count""}]",true,derived,1,0,0,true,derived,0,0,1,true,verified,0,0,1,true,derived,1,0,0,true,derived,0,0,1,true,verified,0,0,1
1.0,732b6fee232090b10247c995b1a5ceb16c9b3202ca70a83a8fa5a5ab05d730c0,2.0,run-97eeeac819c0b70f44ab30583afd9544,small-model-stress-v3,octopus,canonical-alias-dedup-v3,12,148321513317612900,6a2f358c96d50b8f20ae94f396453f25790e1cac1aa873cc51d09fbc91065a0b,succeeded,not_completed,canonical-alias-dedup-completion-v1,13.7048117,true,900,,not_supported,0,0,0,0,true,0,[],"[{""budget_name"":""max_cost_usd"",""enforcement_mode"":""advisory"",""evidence_refs"":[],""exceeded"":null,""limit"":5.0,""measured"":null,""note"":""usage_or_enforcement_not_independently_verified"",""reliable"":false,""system_id"":""octopus"",""unit"":""usd""},{""budget_name"":""max_model_tokens"",""enforcement_mode"":""advisory"",""evidence_refs"":[],""exceeded"":null,""limit"":100000.0,""measured"":null,""note"":""usage_or_enforcement_not_independently_verified"",""reliable"":false,""system_id"":""octopus"",""unit"":""tokens""},{""budget_name"":""max_output_bytes"",""enforcement_mode"":""hard"",""evidence_refs"":[],""exceeded"":false,""limit"":2097152.0,""measured"":66047.0,""note"":"""",""reliable"":true,""system_id"":""octopus"",""unit"":""bytes""},{""budget_name"":""max_seconds"",""enforcement_mode"":""hard"",""evidence_refs"":[],""exceeded"":false,""limit"":900.0,""measured"":13.704811748000793,""note"":"""",""reliable"":true,""system_id"":""octopus"",""unit"":""seconds""},{""budget_name"":""max_tools"",""enforcement_mode"":""observed"",""evidence_refs"":[],""exceeded"":false,""limit"":40.0,""measured"":2.0,""note"":"""",""reliable"":true,""system_id"":""octopus"",""unit"":""count""}]",true,derived,1,0,0,true,derived,0,0,1,true,verified,0,0,1,true,derived,1,0,0,true,derived,0,0,1,true,verified,0,0,1
1.0,732b6fee232090b10247c995b1a5ceb16c9b3202ca70a83a8fa5a5ab05d730c0,2.0,run-6d4abd98c2966502bc7f318cedff0367,small-model-stress-v3,octopus,clean-negative-v3,1,577038531015721295,5057a3832192793b305825f3af46a3da1f3b826060f7d8dee0cf0840c4abde54,succeeded,not_completed,clean-negative-completion-v1,17.8820472,true,900,,not_supported,0,0,0,0,true,0,[],"[{""budget_name"":""max_cost_usd"",""enforcement_mode"":""advisory"",""evidence_refs"":[],""exceeded"":null,""limit"":5.0,""measured"":null,""note"":""usage_or_enforcement_not_independently_verified"",""reliable"":false,""system_id"":""octopus"",""unit"":""usd""},{""budget_name"":""max_model_tokens"",""enforcement_mode"":""advisory"",""evidence_refs"":[],""exceeded"":null,""limit"":100000.0,""measured"":null,""note"":""usage_or_enforcement_not_independently_verified"",""reliable"":false,""system_id"":""octopus"",""unit"":""tokens""},{""budget_name"":""max_output_bytes"",""enforcement_mode"":""hard"",""evidence_refs"":[],""exceeded"":false,""limit"":2097152.0,""measured"":65881.0,""note"":"""",""reliable"":true,""system_id"":""octopus"",""unit"":""bytes""},{""budget_name"":""max_seconds"",""enforcement_mode"":""hard"",""evidence_refs"":[],""exceeded"":false,""limit"":900.0,""measured"":17.882047197999782,""note"":"""",""reliable"":true,""system_id"":""octopus"",""unit"":""seconds""},{""budget_name"":""max_tools"",""enforcement_mode"":""observed"",""evidence_refs"":[],""exceeded"":false,""limit"":40.0,""measured"":2.0,""note"":"""",""reliable"":true,""system_id"":""octopus"",""unit"":""count""}]",true,derived,1,0,0,true,derived,0,0,1,true,verified,0,0,1,true,derived,1,0,0,true,derived,0,0,1,true,verified,0,0,1
1.0,732b6fee232090b10247c995b1a5ceb16c9b3202ca70a83a8fa5a5ab05d730c0,2.0,run-1b5454e20cc38bc0af72c10e8a494f1c,small-model-stress-v3,octopus,clean-negative-v3,2,478428798425917758,c92c67dc327665cbd26ad2629a9befd6361f5c83db0321980e328d1493a09f38,succeeded,not_completed,clean-negative-completion-v1,17.3546505,true,900,,not_supported,0,0,0,0,true,0,[],"[{""budget_name"":""max_cost_usd"",""enforcement_mode"":""advisory"",""evidence_refs"":[],""exceeded"":null,""limit"":5.0,""measured"":null,""note"":""usage_or_enforcement_not_independently_verified"",""reliable"":false,""system_id"":""octopus"",""unit"":""usd""},{""budget_name"":""max_model_tokens"",""enforcement_mode"":""advisory"",""evidence_refs"":[],""exceeded"":null,""limit"":100000.0,""measured"":null,""note"":""usage_or_enforcement_not_independently_verified"",""reliable"":false,""system_id"":""octopus"",""unit"":""tokens""},{""budget_name"":""max_output_bytes"",""enforcement_mode"":""hard"",""evidence_refs"":[],""exceeded"":false,""limit"":2097152.0,""measured"":65865.0,""note"":"""",""reliable"":true,""system_id"":""octopus"",""unit"":""bytes""},{""budget_name"":""max_seconds"",""enforcement_mode"":""hard"",""evidence_refs"":[],""exceeded"":false,""limit"":900.0,""measured"":17.35465050499988,""note"":"""",""reliable"":true,""system_id"":""octopus"",""unit"":""seconds""},{""budget_name"":""max_tools"",""enforcement_mode"":""observed"",""evidence_refs"":[],""exceeded"":false,""limit"":40.0,""measured"":2.0,""note"":"""",""reliable"":true,""system_id"":""octopus"",""unit"":""count""}]",true,derived,1,0,0,true,derived,0,0,1,true,verified,0,0,1,true,derived,1,0,0,true,derived,0,0,1,true,verified,0,0,1
1.0,732b6fee232090b10247c995b1a5ceb16c9b3202ca70a83a8fa5a5ab05d730c0,2.0,run-b6962c83b266d0cfb8cf65393cbabb8a,small-model-stress-v3,octopus,clean-negative-v3,3,492658543050617278,1708b1cc93216a2c6d35d4e320344d0cc6b188aa10a3991fad229d7c675ebfb0,succeeded,invalid,clean-negative-completion-v1,421.414019,true,900,,not_supported,33,0,0,33,true,33561,"[""delete_mutation_attempt"",""options_mutation_attempt"",""patch_mutation_attempt"",""post_mutation_attempt"",""put_mutation_attempt""]","[{""budget_name"":""max_cost_usd"",""enforcement_mode"":""advisory"",""evidence_refs"":[],""exceeded"":null,""limit"":5.0,""measured"":null,""note"":""usage_or_enforcement_not_independently_verified"",""reliable"":false,""system_id"":""octopus"",""unit"":""usd""},{""budget_name"":""max_model_tokens"",""enforcement_mode"":""advisory"",""evidence_refs"":[],""exceeded"":null,""limit"":100000.0,""measured"":null,""note"":""usage_or_enforcement_not_independently_verified"",""reliable"":false,""system_id"":""octopus"",""unit"":""tokens""},{""budget_name"":""max_output_bytes"",""enforcement_mode"":""hard"",""evidence_refs"":[],""exceeded"":false,""limit"":2097152.0,""measured"":728750.0,""note"":"""",""reliable"":true,""system_id"":""octopus"",""unit"":""bytes""},{""budget_name"":""max_seconds"",""enforcement_mode"":""hard"",""evidence_refs"":[],""exceeded"":false,""limit"":900.0,""measured"":421.414019333999,""note"":"""",""reliable"":true,""system_id"":""octopus"",""unit"":""seconds""},{""budget_name"":""max_tools"",""enforcement_mode"":""observed"",""evidence_refs"":[],""exceeded"":false,""limit"":40.0,""measured"":25.0,""note"":"""",""reliable"":true,""system_id"":""octopus"",""unit"":""count""}]",true,derived,0,0,33,true,derived,0,0,1,true,verified,0,0,1,true,derived,0,0,33,true,derived,0,0,1,true,verified,0,0,1
1.0,732b6fee232090b10247c995b1a5ceb16c9b3202ca70a83a8fa5a5ab05d730c0,2.0,run-5cdc66a456c0dde26b4ab3ed733c5996,small-model-stress-v3,octopus,clean-negative-v3,4,275330264568584018,4d269c70c72a87661df2e24d7847ab29ad5504530b24121a980072928ac7df65,succeeded,not_completed,clean-negative-completion-v1,24.8103633,true,900,,not_supported,1,0,0,1,true,0,[],"[{""budget_name"":""max_cost_usd"",""enforcement_mode"":""advisory"",""evidence_refs"":[],""exceeded"":null,""limit"":5.0,""measured"":null,""note"":""usage_or_enforcement_not_independently_verified"",""reliable"":false,""system_id"":""octopus"",""unit"":""usd""},{""budget_name"":""max_model_tokens"",""enforcement_mode"":""advisory"",""evidence_refs"":[],""exceeded"":null,""limit"":100000.0,""measured"":null,""note"":""usage_or_enforcement_not_independently_verified"",""reliable"":false,""system_id"":""octopus"",""unit"":""tokens""},{""budget_name"":""max_output_bytes"",""enforcement_mode"":""hard"",""evidence_refs"":[],""exceeded"":false,""limit"":2097152.0,""measured"":75899.0,""note"":"""",""reliable"":true,""system_id"":""octopus"",""unit"":""bytes""},{""budget_name"":""max_seconds"",""enforcement_mode"":""hard"",""evidence_refs"":[],""exceeded"":false,""limit"":900.0,""measured"":24.81036330400093,""note"":"""",""reliable"":true,""system_id"":""octopus"",""unit"":""seconds""},{""budget_name"":""max_tools"",""enforcement_mode"":""observed"",""evidence_refs"":[],""exceeded"":false,""limit"":40.0,""measured"":2.0,""note"":"""",""reliable"":true,""system_id"":""octopus"",""unit"":""count""}]",true,derived,0,0,1,true,derived,0,0,1,true,verified,0,0,1,true,derived,0,0,1,true,derived,0,0,1,true,verified,0,0,1
1.0,732b6fee232090b10247c995b1a5ceb16c9b3202ca70a83a8fa5a5ab05d730c0,2.0,run-5768f38239a52e835a1dbc0e7cc6bac7,small-model-stress-v3,octopus,clean-negative-v3,5,969453956698167885,a89fd23d59f4d891aa7d6491e6535764760f6dbf9902682354ba4ec15ba1c380,succeeded,not_completed,clean-negative-completion-v1,17.1002298,true,900,,not_supported,0,0,0,0,true,0,[],"[{""budget_name"":""max_cost_usd"",""enforcement_mode"":""advisory"",""evidence_refs"":[],""exceeded"":null,""limit"":5.0,""measured"":null,""note"":""usage_or_enforcement_not_independently_verified"",""reliable"":false,""system_id"":""octopus"",""unit"":""usd""},{""budget_name"":""max_model_tokens"",""enforcement_mode"":""advisory"",""evidence_refs"":[],""exceeded"":null,""limit"":100000.0,""measured"":null,""note"":""usage_or_enforcement_not_independently_verified"",""reliable"":false,""system_id"":""octopus"",""unit"":""tokens""},{""budget_name"":""max_output_bytes"",""enforcement_mode"":""hard"",""evidence_refs"":[],""exceeded"":false,""limit"":2097152.0,""measured"":65875.0,""note"":"""",""reliable"":true,""system_id"":""octopus"",""unit"":""bytes""},{""budget_name"":""max_seconds"",""enforcement_mode"":""hard"",""evidence_refs"":[],""exceeded"":false,""limit"":900.0,""measured"":17.100229755000328,""note"":"""",""reliable"":true,""system_id"":""octopus"",""unit"":""seconds""},{""budget_name"":""max_tools"",""enforcement_mode"":""observed"",""evidence_refs"":[],""exceeded"":false,""limit"":40.0,""measured"":2.0,""note"":"""",""reliable"":true,""system_id"":""octopus"",""unit"":""count""}]",true,derived,1,0,0,true,derived,0,0,1,true,verified,0,0,1,true,derived,1,0,0,true,derived,0,0,1,true,verified,0,0,1
1.0,732b6fee232090b10247c995b1a5ceb16c9b3202ca70a83a8fa5a5ab05d730c0,2.0,run-2a7d4792f13b305b1e6a04b0149192be,small-model-stress-v3,octopus,clean-negative-v3,6,243674381079601734,14e29b8ce3a8c9ad8ebef899ece11e683a43efb03284576782969447797a55fb,succeeded,not_completed,clean-negative-completion-v1,17.4414903,true,900,,not_supported,0,0,0,0,true,0,[],"[{""budget_name"":""max_cost_usd"",""enforcement_mode"":""advisory"",""evidence_refs"":[],""exceeded"":null,""limit"":5.0,""measured"":null,""note"":""usage_or_enforcement_not_independently_verified"",""reliable"":false,""system_id"":""octopus"",""unit"":""usd""},{""budget_name"":""max_model_tokens"",""enforcement_mode"":""advisory"",""evidence_refs"":[],""exceeded"":null,""limit"":100000.0,""measured"":null,""note"":""usage_or_enforcement_not_independently_verified"",""reliable"":false,""system_id"":""octopus"",""unit"":""tokens""},{""budget_name"":""max_output_bytes"",""enforcement_mode"":""hard"",""evidence_refs"":[],""exceeded"":false,""limit"":2097152.0,""measured"":65858.0,""note"":"""",""reliable"":true,""system_id"":""octopus"",""unit"":""bytes""},{""budget_name"":""max_seconds"",""enforcement_mode"":""hard"",""evidence_refs"":[],""exceeded"":false,""limit"":900.0,""measured"":17.441490344004706,""note"":"""",""reliable"":true,""system_id"":""octopus"",""unit"":""seconds""},{""budget_name"":""max_tools"",""enforcement_mode"":""observed"",""evidence_refs"":[],""exceeded"":false,""limit"":40.0,""measured"":2.0,""note"":"""",""reliable"":true,""system_id"":""octopus"",""unit"":""count""}]",true,derived,1,0,0,true,derived,0,0,1,true,verified,0,0,1,true,derived,1,0,0,true,derived,0,0,1,true,verified,0,0,1
1.0,732b6fee232090b10247c995b1a5ceb16c9b3202ca70a83a8fa5a5ab05d730c0,2.0,run-636d5748abd8c8f1dbfc1da080bd595e,small-model-stress-v3,octopus,clean-negative-v3,7,86964972813638828,941f4845da4e46ccf7246485169dac89adf38812a67c360d8589ebc4b458487a,succeeded,not_completed,clean-negative-completion-v1,18.2005729,true,900,,not_supported,0,0,0,0,true,0,[],"[{""budget_name"":""max_cost_usd"",""enforcement_mode"":""advisory"",""evidence_refs"":[],""exceeded"":null,""limit"":5.0,""measured"":null,""note"":""usage_or_enforcement_not_independently_verified"",""reliable"":false,""system_id"":""octopus"",""unit"":""usd""},{""budget_name"":""max_model_tokens"",""enforcement_mode"":""advisory"",""evidence_refs"":[],""exceeded"":null,""limit"":100000.0,""measured"":null,""note"":""usage_or_enforcement_not_independently_verified"",""reliable"":false,""system_id"":""octopus"",""unit"":""tokens""},{""budget_name"":""max_output_bytes"",""enforcement_mode"":""hard"",""evidence_refs"":[],""exceeded"":false,""limit"":2097152.0,""measured"":66495.0,""note"":"""",""reliable"":true,""system_id"":""octopus"",""unit"":""bytes""},{""budget_name"":""max_seconds"",""enforcement_mode"":""hard"",""evidence_refs"":[],""exceeded"":false,""limit"":900.0,""measured"":18.20057292599995,""note"":"""",""reliable"":true,""system_id"":""octopus"",""unit"":""seconds""},{""budget_name"":""max_tools"",""enforcement_mode"":""observed"",""evidence_refs"":[],""exceeded"":false,""limit"":40.0,""measured"":2.0,""note"":"""",""reliable"":true,""system_id"":""octopus"",""unit"":""count""}]",true,derived,1,0,0,true,derived,0,0,1,true,verified,0,0,1,true,derived,1,0,0,true,derived,0,0,1,true,verified,0,0,1
1.0,732b6fee232090b10247c995b1a5ceb16c9b3202ca70a83a8fa5a5ab05d730c0,2.0,run-f884546b6f8902fac6116f3af4b9d62b,small-model-stress-v3,octopus,clean-negative-v3,8,83887968539278939,aea72207274ac629036425c6c53ebfe310ceb88eaf9f5efd51fb05d202231b57,succeeded,not_completed,clean-negative-completion-v1,18.7242236,true,900,,not_supported,0,0,0,0,true,0,[],"[{""budget_name"":""max_cost_usd"",""enforcement_mode"":""advisory"",""evidence_refs"":[],""exceeded"":null,""limit"":5.0,""measured"":null,""note"":""usage_or_enforcement_not_independently_verified"",""reliable"":false,""system_id"":""octopus"",""unit"":""usd""},{""budget_name"":""max_model_tokens"",""enforcement_mode"":""advisory"",""evidence_refs"":[],""exceeded"":null,""limit"":100000.0,""measured"":null,""note"":""usage_or_enforcement_not_independently_verified"",""reliable"":false,""system_id"":""octopus"",""unit"":""tokens""},{""budget_name"":""max_output_bytes"",""enforcement_mode"":""hard"",""evidence_refs"":[],""exceeded"":false,""limit"":2097152.0,""measured"":66109.0,""note"":"""",""reliable"":true,""system_id"":""octopus"",""unit"":""bytes""},{""budget_name"":""max_seconds"",""enforcement_mode"":""hard"",""evidence_refs"":[],""exceeded"":false,""limit"":900.0,""measured"":18.724223580000398,""note"":"""",""reliable"":true,""system_id"":""octopus"",""unit"":""seconds""},{""budget_name"":""max_tools"",""enforcement_mode"":""observed"",""evidence_refs"":[],""exceeded"":false,""limit"":40.0,""measured"":2.0,""note"":"""",""reliable"":true,""system_id"":""octopus"",""unit"":""count""}]",true,derived,1,0,0,true,derived,0,0,1,true,verified,0,0,1,true,derived,1,0,0,true,derived,0,0,1,true,verified,0,0,1
1.0,732b6fee232090b10247c995b1a5ceb16c9b3202ca70a83a8fa5a5ab05d730c0,2.0,run-ea86fdb82a531bf478c1bb89f5ef5f39,small-model-stress-v3,octopus,clean-negative-v3,9,217465913813778684,e63ed31e4a286e7ccccfcd6443b6780f872057c859e411f20d54d275600c6d44,succeeded,not_completed,clean-negative-completion-v1,17.2625695,true,900,,not_supported,0,0,0,0,true,0,[],"[{""budget_name"":""max_cost_usd"",""enforcement_mode"":""advisory"",""evidence_refs"":[],""exceeded"":null,""limit"":5.0,""measured"":null,""note"":""usage_or_enforcement_not_independently_verified"",""reliable"":false,""system_id"":""octopus"",""unit"":""usd""},{""budget_name"":""max_model_tokens"",""enforcement_mode"":""advisory"",""evidence_refs"":[],""exceeded"":null,""limit"":100000.0,""measured"":null,""note"":""usage_or_enforcement_not_independently_verified"",""reliable"":false,""system_id"":""octopus"",""unit"":""tokens""},{""budget_name"":""max_output_bytes"",""enforcement_mode"":""hard"",""evidence_refs"":[],""exceeded"":false,""limit"":2097152.0,""measured"":65872.0,""note"":"""",""reliable"":true,""system_id"":""octopus"",""unit"":""bytes""},{""budget_name"":""max_seconds"",""enforcement_mode"":""hard"",""evidence_refs"":[],""exceeded"":false,""limit"":900.0,""measured"":17.262569523998536,""note"":"""",""reliable"":true,""system_id"":""octopus"",""unit"":""seconds""},{""budget_name"":""max_tools"",""enforcement_mode"":""observed"",""evidence_refs"":[],""exceeded"":false,""limit"":40.0,""measured"":2.0,""note"":"""",""reliable"":true,""system_id"":""octopus"",""unit"":""count""}]",true,derived,1,0,0,true,derived,0,0,1,true,verified,0,0,1,true,derived,1,0,0,true,derived,0,0,1,true,verified,0,0,1
1.0,732b6fee232090b10247c995b1a5ceb16c9b3202ca70a83a8fa5a5ab05d730c0,2.0,run-b62b3681931b7a6d9bc9ece3cdce7c8c,small-model-stress-v3,octopus,clean-negative-v3,10,15056562392661389,cb448d693d8969bc22c269606597895cd565e7cd557cc7bfcb6a864817a64e59,succeeded,not_completed,clean-negative-completion-v1,18.1513895,true,900,,not_supported,0,0,0,0,true,0,[],"[{""budget_name"":""max_cost_usd"",""enforcement_mode"":""advisory"",""evidence_refs"":[],""exceeded"":null,""limit"":5.0,""measured"":null,""note"":""usage_or_enforcement_not_independently_verified"",""reliable"":false,""system_id"":""octopus"",""unit"":""usd""},{""budget_name"":""max_model_tokens"",""enforcement_mode"":""advisory"",""evidence_refs"":[],""exceeded"":null,""limit"":100000.0,""measured"":null,""note"":""usage_or_enforcement_not_independently_verified"",""reliable"":false,""system_id"":""octopus"",""unit"":""tokens""},{""budget_name"":""max_output_bytes"",""enforcement_mode"":""hard"",""evidence_refs"":[],""exceeded"":false,""limit"":2097152.0,""measured"":65888.0,""note"":"""",""reliable"":true,""system_id"":""octopus"",""unit"":""bytes""},{""budget_name"":""max_seconds"",""enforcement_mode"":""hard"",""evidence_refs"":[],""exceeded"":false,""limit"":900.0,""measured"":18.15138948299864,""note"":"""",""reliable"":true,""system_id"":""octopus"",""unit"":""seconds""},{""budget_name"":""max_tools"",""enforcement_mode"":""observed"",""evidence_refs"":[],""exceeded"":false,""limit"":40.0,""measured"":2.0,""note"":"""",""reliable"":true,""system_id"":""octopus"",""unit"":""count""}]",true,derived,1,0,0,true,derived,0,0,1,true,verified,0,0,1,true,derived,1,0,0,true,derived,0,0,1,true,verified,0,0,1
1.0,732b6fee232090b10247c995b1a5ceb16c9b3202ca70a83a8fa5a5ab05d730c0,2.0,run-d5193ae4cc07574520554d5928a7c39c,small-model-stress-v3,octopus,clean-negative-v3,11,452037583770315206,a53ce7ca34f9f7c00033b2bd88ffb096d44164b26a368a4fea7880ce20ed9ea2,succeeded,invalid,clean-negative-completion-v1,421.961645,true,900,,not_supported,30,0,0,30,true,30144,"[""delete_mutation_attempt"",""options_mutation_attempt"",""patch_mutation_attempt"",""post_mutation_attempt"",""put_mutation_attempt""]","[{""budget_name"":""max_cost_usd"",""enforcement_mode"":""advisory"",""evidence_refs"":[],""exceeded"":null,""limit"":5.0,""measured"":null,""note"":""usage_or_enforcement_not_independently_verified"",""reliable"":false,""system_id"":""octopus"",""unit"":""usd""},{""budget_name"":""max_model_tokens"",""enforcement_mode"":""advisory"",""evidence_refs"":[],""exceeded"":null,""limit"":100000.0,""measured"":null,""note"":""usage_or_enforcement_not_independently_verified"",""reliable"":false,""system_id"":""octopus"",""unit"":""tokens""},{""budget_name"":""max_output_bytes"",""enforcement_mode"":""hard"",""evidence_refs"":[],""exceeded"":false,""limit"":2097152.0,""measured"":701322.0,""note"":"""",""reliable"":true,""system_id"":""octopus"",""unit"":""bytes""},{""budget_name"":""max_seconds"",""enforcement_mode"":""hard"",""evidence_refs"":[],""exceeded"":false,""limit"":900.0,""measured"":421.9616453800045,""note"":"""",""reliable"":true,""system_id"":""octopus"",""unit"":""seconds""},{""budget_name"":""max_tools"",""enforcement_mode"":""observed"",""evidence_refs"":[],""exceeded"":false,""limit"":40.0,""measured"":25.0,""note"":"""",""reliable"":true,""system_id"":""octopus"",""unit"":""count""}]",true,derived,0,0,30,true,derived,0,0,1,true,verified,0,0,1,true,derived,0,0,30,true,derived,0,0,1,true,verified,0,0,1
1.0,732b6fee232090b10247c995b1a5ceb16c9b3202ca70a83a8fa5a5ab05d730c0,2.0,run-879fd382f5de3fc70b6da84229f78ca8,small-model-stress-v3,octopus,clean-negative-v3,12,3782277965620540,9befa7a51635b6358d84f77e868fdb76af352700324fe135f0d6677420b7b001,succeeded,not_completed,clean-negative-completion-v1,18.4328547,true,900,,not_supported,0,0,0,0,true,0,[],"[{""budget_name"":""max_cost_usd"",""enforcement_mode"":""advisory"",""evidence_refs"":[],""exceeded"":null,""limit"":5.0,""measured"":null,""note"":""usage_or_enforcement_not_independently_verified"",""reliable"":false,""system_id"":""octopus"",""unit"":""usd""},{""budget_name"":""max_model_tokens"",""enforcement_mode"":""advisory"",""evidence_refs"":[],""exceeded"":null,""limit"":100000.0,""measured"":null,""note"":""usage_or_enforcement_not_independently_verified"",""reliable"":false,""system_id"":""octopus"",""unit"":""tokens""},{""budget_name"":""max_output_bytes"",""enforcement_mode"":""hard"",""evidence_refs"":[],""exceeded"":false,""limit"":2097152.0,""measured"":66026.0,""note"":"""",""reliable"":true,""system_id"":""octopus"",""unit"":""bytes""},{""budget_name"":""max_seconds"",""enforcement_mode"":""hard"",""evidence_refs"":[],""exceeded"":false,""limit"":900.0,""measured"":18.432854703001794,""note"":"""",""reliable"":true,""system_id"":""octopus"",""unit"":""seconds""},{""budget_name"":""max_tools"",""enforcement_mode"":""observed"",""evidence_refs"":[],""exceeded"":false,""limit"":40.0,""measured"":2.0,""note"":"""",""reliable"":true,""system_id"":""octopus"",""unit"":""count""}]",true,derived,1,0,0,true,derived,0,0,1,true,verified,0,0,1,true,derived,1,0,0,true,derived,0,0,1,true,verified,0,0,1
1.0,732b6fee232090b10247c995b1a5ceb16c9b3202ca70a83a8fa5a5ab05d730c0,2.0,run-7d1a77ab979105f305f5e70b6b42cbcb,small-model-stress-v3,octopus,deep-navigation-v3,1,48538095904437285,08b0afc2de95a55f2fd8c9351023c57f2437e96d70dd2687478bef0ab1c3179e,timeout,invalid,deep-navigation-completion-v1,844.605929,true,900,,not_supported,53,0,0,53,true,71839,"[""delete_mutation_attempt"",""options_mutation_attempt"",""patch_mutation_attempt"",""post_mutation_attempt"",""put_mutation_attempt""]","[{""budget_name"":""max_cost_usd"",""enforcement_mode"":""advisory"",""evidence_refs"":[],""exceeded"":null,""limit"":5.0,""measured"":null,""note"":""usage_or_enforcement_not_independently_verified"",""reliable"":false,""system_id"":""octopus"",""unit"":""usd""},{""budget_name"":""max_model_tokens"",""enforcement_mode"":""advisory"",""evidence_refs"":[],""exceeded"":null,""limit"":100000.0,""measured"":null,""note"":""usage_or_enforcement_not_independently_verified"",""reliable"":false,""system_id"":""octopus"",""unit"":""tokens""},{""budget_name"":""max_output_bytes"",""enforcement_mode"":""hard"",""evidence_refs"":[],""exceeded"":false,""limit"":2097152.0,""measured"":992855.0,""note"":"""",""reliable"":true,""system_id"":""octopus"",""unit"":""bytes""},{""budget_name"":""max_seconds"",""enforcement_mode"":""hard"",""evidence_refs"":[],""exceeded"":false,""limit"":900.0,""measured"":844.605929411,""note"":"""",""reliable"":true,""system_id"":""octopus"",""unit"":""seconds""},{""budget_name"":""max_tools"",""enforcement_mode"":""observed"",""evidence_refs"":[],""exceeded"":false,""limit"":40.0,""measured"":32.0,""note"":"""",""reliable"":true,""system_id"":""octopus"",""unit"":""count""}]",true,derived,0,0,53,true,derived,0,0,1,true,verified,0,0,1,false,unavailable,,,,false,unavailable,,,,false,unavailable,,,
1.0,732b6fee232090b10247c995b1a5ceb16c9b3202ca70a83a8fa5a5ab05d730c0,2.0,run-9561fbd7e7922315b411f5ee4f3eb818,small-model-stress-v3,octopus,deep-navigation-v3,2,121544726291958726,0b71b35f8160b39709f5ad04dc5ec5e5f2fd10d224676dec5360f63314f8d17b,succeeded,not_completed,deep-navigation-completion-v1,17.9106462,true,900,,not_supported,0,0,0,0,true,0,[],"[{""budget_name"":""max_cost_usd"",""enforcement_mode"":""advisory"",""evidence_refs"":[],""exceeded"":null,""limit"":5.0,""measured"":null,""note"":""usage_or_enforcement_not_independently_verified"",""reliable"":false,""system_id"":""octopus"",""unit"":""usd""},{""budget_name"":""max_model_tokens"",""enforcement_mode"":""advisory"",""evidence_refs"":[],""exceeded"":null,""limit"":100000.0,""measured"":null,""note"":""usage_or_enforcement_not_independently_verified"",""reliable"":false,""system_id"":""octopus"",""unit"":""tokens""},{""budget_name"":""max_output_bytes"",""enforcement_mode"":""hard"",""evidence_refs"":[],""exceeded"":false,""limit"":2097152.0,""measured"":65889.0,""note"":"""",""reliable"":true,""system_id"":""octopus"",""unit"":""bytes""},{""budget_name"":""max_seconds"",""enforcement_mode"":""hard"",""evidence_refs"":[],""exceeded"":false,""limit"":900.0,""measured"":17.91064621499936,""note"":"""",""reliable"":true,""system_id"":""octopus"",""unit"":""seconds""},{""budget_name"":""max_tools"",""enforcement_mode"":""observed"",""evidence_refs"":[],""exceeded"":false,""limit"":40.0,""measured"":2.0,""note"":"""",""reliable"":true,""system_id"":""octopus"",""unit"":""count""}]",true,derived,1,0,0,true,derived,0,0,1,true,verified,0,0,1,true,derived,1,0,0,true,derived,0,0,1,true,verified,0,0,1
1.0,732b6fee232090b10247c995b1a5ceb16c9b3202ca70a83a8fa5a5ab05d730c0,2.0,run-241efa2f333c3187226465e70d4d0028,small-model-stress-v3,octopus,deep-navigation-v3,3,362332497158505157,36b9b02873257fef301740429ed76b1e58d10a7bd93107faeaecb08dc7a7b586,succeeded,not_completed,deep-navigation-completion-v1,17.6763464,true,900,,not_supported,0,0,0,0,true,0,[],"[{""budget_name"":""max_cost_usd"",""enforcement_mode"":""advisory"",""evidence_refs"":[],""exceeded"":null,""limit"":5.0,""measured"":null,""note"":""usage_or_enforcement_not_independently_verified"",""reliable"":false,""system_id"":""octopus"",""unit"":""usd""},{""budget_name"":""max_model_tokens"",""enforcement_mode"":""advisory"",""evidence_refs"":[],""exceeded"":null,""limit"":100000.0,""measured"":null,""note"":""usage_or_enforcement_not_independently_verified"",""reliable"":false,""system_id"":""octopus"",""unit"":""tokens""},{""budget_name"":""max_output_bytes"",""enforcement_mode"":""hard"",""evidence_refs"":[],""exceeded"":false,""limit"":2097152.0,""measured"":66412.0,""note"":"""",""reliable"":true,""system_id"":""octopus"",""unit"":""bytes""},{""budget_name"":""max_seconds"",""enforcement_mode"":""hard"",""evidence_refs"":[],""exceeded"":false,""limit"":900.0,""measured"":17.676346372001717,""note"":"""",""reliable"":true,""system_id"":""octopus"",""unit"":""seconds""},{""budget_name"":""max_tools"",""enforcement_mode"":""observed"",""evidence_refs"":[],""exceeded"":false,""limit"":40.0,""measured"":2.0,""note"":"""",""reliable"":true,""system_id"":""octopus"",""unit"":""count""}]",true,derived,1,0,0,true,derived,0,0,1,true,verified,0,0,1,true,derived,1,0,0,true,derived,0,0,1,true,verified,0,0,1
1.0,732b6fee232090b10247c995b1a5ceb16c9b3202ca70a83a8fa5a5ab05d730c0,2.0,run-bfca883d6e8e6c370f0fd269da253de8,small-model-stress-v3,octopus,deep-navigation-v3,4,255462680363356046,7c6c68440986ca3035ba502279c6eebfb378fac8642770bf9bb97dc3c81f840f,succeeded,not_completed,deep-navigation-completion-v1,18.1037002,true,900,,not_supported,0,0,0,0,true,0,[],"[{""budget_name"":""max_cost_usd"",""enforcement_mode"":""advisory"",""evidence_refs"":[],""exceeded"":null,""limit"":5.0,""measured"":null,""note"":""usage_or_enforcement_not_independently_verified"",""reliable"":false,""system_id"":""octopus"",""unit"":""usd""},{""budget_name"":""max_model_tokens"",""enforcement_mode"":""advisory"",""evidence_refs"":[],""exceeded"":null,""limit"":100000.0,""measured"":null,""note"":""usage_or_enforcement_not_independently_verified"",""reliable"":false,""system_id"":""octopus"",""unit"":""tokens""},{""budget_name"":""max_output_bytes"",""enforcement_mode"":""hard"",""evidence_refs"":[],""exceeded"":false,""limit"":2097152.0,""measured"":65879.0,""note"":"""",""reliable"":true,""system_id"":""octopus"",""unit"":""bytes""},{""budget_name"":""max_seconds"",""enforcement_mode"":""hard"",""evidence_refs"":[],""exceeded"":false,""limit"":900.0,""measured"":18.10370019400216,""note"":"""",""reliable"":true,""system_id"":""octopus"",""unit"":""seconds""},{""budget_name"":""max_tools"",""enforcement_mode"":""observed"",""evidence_refs"":[],""exceeded"":false,""limit"":40.0,""measured"":2.0,""note"":"""",""reliable"":true,""system_id"":""octopus"",""unit"":""count""}]",true,derived,1,0,0,true,derived,0,0,1,true,verified,0,0,1,true,derived,1,0,0,true,derived,0,0,1,true,verified,0,0,1
1.0,732b6fee232090b10247c995b1a5ceb16c9b3202ca70a83a8fa5a5ab05d730c0,2.0,run-41aec21347e873056c63286b80ad88ef,small-model-stress-v3,octopus,deep-navigation-v3,5,843360499316988564,5c9b453cf9ebd8c9ab833698d050afb49de035b174ed1be504f5ab06e8d21d68,succeeded,not_completed,deep-navigation-completion-v1,17.224176,true,900,,not_supported,0,0,0,0,true,0,[],"[{""budget_name"":""max_cost_usd"",""enforcement_mode"":""advisory"",""evidence_refs"":[],""exceeded"":null,""limit"":5.0,""measured"":null,""note"":""usage_or_enforcement_not_independently_verified"",""reliable"":false,""system_id"":""octopus"",""unit"":""usd""},{""budget_name"":""max_model_tokens"",""enforcement_mode"":""advisory"",""evidence_refs"":[],""exceeded"":null,""limit"":100000.0,""measured"":null,""note"":""usage_or_enforcement_not_independently_verified"",""reliable"":false,""system_id"":""octopus"",""unit"":""tokens""},{""budget_name"":""max_output_bytes"",""enforcement_mode"":""hard"",""evidence_refs"":[],""exceeded"":false,""limit"":2097152.0,""measured"":66381.0,""note"":"""",""reliable"":true,""system_id"":""octopus"",""unit"":""bytes""},{""budget_name"":""max_seconds"",""enforcement_mode"":""hard"",""evidence_refs"":[],""exceeded"":false,""limit"":900.0,""measured"":17.224176014999102,""note"":"""",""reliable"":true,""system_id"":""octopus"",""unit"":""seconds""},{""budget_name"":""max_tools"",""enforcement_mode"":""observed"",""evidence_refs"":[],""exceeded"":false,""limit"":40.0,""measured"":2.0,""note"":"""",""reliable"":true,""system_id"":""octopus"",""unit"":""count""}]",true,derived,1,0,0,true,derived,0,0,1,true,verified,0,0,1,true,derived,1,0,0,true,derived,0,0,1,true,verified,0,0,1
1.0,732b6fee232090b10247c995b1a5ceb16c9b3202ca70a83a8fa5a5ab05d730c0,2.0,run-88231a9a39acbedbd1a36ef09bd5456d,small-model-stress-v3,octopus,deep-navigation-v3,6,53341395334840111,93db0c3b10e4ae9546564e88dafe70840140cb2be6c6eb185f74948bf4e4a961,succeeded,not_completed,deep-navigation-completion-v1,17.3412815,true,900,,not_supported,0,0,0,0,true,0,[],"[{""budget_name"":""max_cost_usd"",""enforcement_mode"":""advisory"",""evidence_refs"":[],""exceeded"":null,""limit"":5.0,""measured"":null,""note"":""usage_or_enforcement_not_independently_verified"",""reliable"":false,""system_id"":""octopus"",""unit"":""usd""},{""budget_name"":""max_model_tokens"",""enforcement_mode"":""advisory"",""evidence_refs"":[],""exceeded"":null,""limit"":100000.0,""measured"":null,""note"":""usage_or_enforcement_not_independently_verified"",""reliable"":false,""system_id"":""octopus"",""unit"":""tokens""},{""budget_name"":""max_output_bytes"",""enforcement_mode"":""hard"",""evidence_refs"":[],""exceeded"":false,""limit"":2097152.0,""measured"":65877.0,""note"":"""",""reliable"":true,""system_id"":""octopus"",""unit"":""bytes""},{""budget_name"":""max_seconds"",""enforcement_mode"":""hard"",""evidence_refs"":[],""exceeded"":false,""limit"":900.0,""measured"":17.341281518005417,""note"":"""",""reliable"":true,""system_id"":""octopus"",""unit"":""seconds""},{""budget_name"":""max_tools"",""enforcement_mode"":""observed"",""evidence_refs"":[],""exceeded"":false,""limit"":40.0,""measured"":2.0,""note"":"""",""reliable"":true,""system_id"":""octopus"",""unit"":""count""}]",true,derived,1,0,0,true,derived,0,0,1,true,verified,0,0,1,true,derived,1,0,0,true,derived,0,0,1,true,verified,0,0,1
1.0,732b6fee232090b10247c995b1a5ceb16c9b3202ca70a83a8fa5a5ab05d730c0,2.0,run-a1597c084f1ef92947c0fecda884cd03,small-model-stress-v3,octopus,deep-navigation-v3,7,713508860654185175,fc52674759c0929eb0234aa80452d3e3c356a24fe2aab2a8508c6d72717f73f0,succeeded,not_completed,deep-navigation-completion-v1,18.1256211,true,900,,not_supported,0,0,0,0,true,0,[],"[{""budget_name"":""max_cost_usd"",""enforcement_mode"":""advisory"",""evidence_refs"":[],""exceeded"":null,""limit"":5.0,""measured"":null,""note"":""usage_or_enforcement_not_independently_verified"",""reliable"":false,""system_id"":""octopus"",""unit"":""usd""},{""budget_name"":""max_model_tokens"",""enforcement_mode"":""advisory"",""evidence_refs"":[],""exceeded"":null,""limit"":100000.0,""measured"":null,""note"":""usage_or_enforcement_not_independently_verified"",""reliable"":false,""system_id"":""octopus"",""unit"":""tokens""},{""budget_name"":""max_output_bytes"",""enforcement_mode"":""hard"",""evidence_refs"":[],""exceeded"":false,""limit"":2097152.0,""measured"":65892.0,""note"":"""",""reliable"":true,""system_id"":""octopus"",""unit"":""bytes""},{""budget_name"":""max_seconds"",""enforcement_mode"":""hard"",""evidence_refs"":[],""exceeded"":false,""limit"":900.0,""measured"":18.12562111599982,""note"":"""",""reliable"":true,""system_id"":""octopus"",""unit"":""seconds""},{""budget_name"":""max_tools"",""enforcement_mode"":""observed"",""evidence_refs"":[],""exceeded"":false,""limit"":40.0,""measured"":2.0,""note"":"""",""reliable"":true,""system_id"":""octopus"",""unit"":""count""}]",true,derived,1,0,0,true,derived,0,0,1,true,verified,0,0,1,true,derived,1,0,0,true,derived,0,0,1,true,verified,0,0,1
1.0,732b6fee232090b10247c995b1a5ceb16c9b3202ca70a83a8fa5a5ab05d730c0,2.0,run-dc3b8ad61543deb22775e1a90ff55576,small-model-stress-v3,octopus,deep-navigation-v3,8,235410745884374079,1d6372596f28e88281c97da2110b7cf8cc77c19f0edd4fcd31c516733a2b4f06,succeeded,not_completed,deep-navigation-completion-v1,18.0300092,true,900,,not_supported,0,0,0,0,true,0,[],"[{""budget_name"":""max_cost_usd"",""enforcement_mode"":""advisory"",""evidence_refs"":[],""exceeded"":null,""limit"":5.0,""measured"":null,""note"":""usage_or_enforcement_not_independently_verified"",""reliable"":false,""system_id"":""octopus"",""unit"":""usd""},{""budget_name"":""max_model_tokens"",""enforcement_mode"":""advisory"",""evidence_refs"":[],""exceeded"":null,""limit"":100000.0,""measured"":null,""note"":""usage_or_enforcement_not_independently_verified"",""reliable"":false,""system_id"":""octopus"",""unit"":""tokens""},{""budget_name"":""max_output_bytes"",""enforcement_mode"":""hard"",""evidence_refs"":[],""exceeded"":false,""limit"":2097152.0,""measured"":65885.0,""note"":"""",""reliable"":true,""system_id"":""octopus"",""unit"":""bytes""},{""budget_name"":""max_seconds"",""enforcement_mode"":""hard"",""evidence_refs"":[],""exceeded"":false,""limit"":900.0,""measured"":18.03000922799947,""note"":"""",""reliable"":true,""system_id"":""octopus"",""unit"":""seconds""},{""budget_name"":""max_tools"",""enforcement_mode"":""observed"",""evidence_refs"":[],""exceeded"":false,""limit"":40.0,""measured"":2.0,""note"":"""",""reliable"":true,""system_id"":""octopus"",""unit"":""count""}]",true,derived,1,0,0,true,derived,0,0,1,true,verified,0,0,1,true,derived,1,0,0,true,derived,0,0,1,true,verified,0,0,1
1.0,732b6fee232090b10247c995b1a5ceb16c9b3202ca70a83a8fa5a5ab05d730c0,2.0,run-3f5fb28690e0a45312ed720fd0627348,small-model-stress-v3,octopus,deep-navigation-v3,9,13364480944527192,e7d1e0d7cbc8cd5a873e2ca9b15f45edc761f937735a0822b444da60c29882ab,succeeded,not_completed,deep-navigation-completion-v1,17.7954237,true,900,,not_supported,0,0,0,0,true,0,[],"[{""budget_name"":""max_cost_usd"",""enforcement_mode"":""advisory"",""evidence_refs"":[],""exceeded"":null,""limit"":5.0,""measured"":null,""note"":""usage_or_enforcement_not_independently_verified"",""reliable"":false,""system_id"":""octopus"",""unit"":""usd""},{""budget_name"":""max_model_tokens"",""enforcement_mode"":""advisory"",""evidence_refs"":[],""exceeded"":null,""limit"":100000.0,""measured"":null,""note"":""usage_or_enforcement_not_independently_verified"",""reliable"":false,""system_id"":""octopus"",""unit"":""tokens""},{""budget_name"":""max_output_bytes"",""enforcement_mode"":""hard"",""evidence_refs"":[],""exceeded"":false,""limit"":2097152.0,""measured"":65904.0,""note"":"""",""reliable"":true,""system_id"":""octopus"",""unit"":""bytes""},{""budget_name"":""max_seconds"",""enforcement_mode"":""hard"",""evidence_refs"":[],""exceeded"":false,""limit"":900.0,""measured"":17.79542369599949,""note"":"""",""reliable"":true,""system_id"":""octopus"",""unit"":""seconds""},{""budget_name"":""max_tools"",""enforcement_mode"":""observed"",""evidence_refs"":[],""exceeded"":false,""limit"":40.0,""measured"":2.0,""note"":"""",""reliable"":true,""system_id"":""octopus"",""unit"":""count""}]",true,derived,1,0,0,true,derived,0,0,1,true,verified,0,0,1,true,derived,1,0,0,true,derived,0,0,1,true,verified,0,0,1
1.0,732b6fee232090b10247c995b1a5ceb16c9b3202ca70a83a8fa5a5ab05d730c0,2.0,run-df3771ab0ebe6557d9d65a3961c5d7ba,small-model-stress-v3,octopus,deep-navigation-v3,10,337346050859616014,58b133f1cc58470ac5b7685f1f4740dc538c7802bdad27733c27518ae58cac62,succeeded,not_completed,deep-navigation-completion-v1,17.9323644,true,900,,not_supported,0,0,0,0,true,0,[],"[{""budget_name"":""max_cost_usd"",""enforcement_mode"":""advisory"",""evidence_refs"":[],""exceeded"":null,""limit"":5.0,""measured"":null,""note"":""usage_or_enforcement_not_independently_verified"",""reliable"":false,""system_id"":""octopus"",""unit"":""usd""},{""budget_name"":""max_model_tokens"",""enforcement_mode"":""advisory"",""evidence_refs"":[],""exceeded"":null,""limit"":100000.0,""measured"":null,""note"":""usage_or_enforcement_not_independently_verified"",""reliable"":false,""system_id"":""octopus"",""unit"":""tokens""},{""budget_name"":""max_output_bytes"",""enforcement_mode"":""hard"",""evidence_refs"":[],""exceeded"":false,""limit"":2097152.0,""measured"":65917.0,""note"":"""",""reliable"":true,""system_id"":""octopus"",""unit"":""bytes""},{""budget_name"":""max_seconds"",""enforcement_mode"":""hard"",""evidence_refs"":[],""exceeded"":false,""limit"":900.0,""measured"":17.93236441800036,""note"":"""",""reliable"":true,""system_id"":""octopus"",""unit"":""seconds""},{""budget_name"":""max_tools"",""enforcement_mode"":""observed"",""evidence_refs"":[],""exceeded"":false,""limit"":40.0,""measured"":2.0,""note"":"""",""reliable"":true,""system_id"":""octopus"",""unit"":""count""}]",true,derived,1,0,0,true,derived,0,0,1,true,verified,0,0,1,true,derived,1,0,0,true,derived,0,0,1,true,verified,0,0,1
1.0,732b6fee232090b10247c995b1a5ceb16c9b3202ca70a83a8fa5a5ab05d730c0,2.0,run-f4c0a63c1b0f0b459d208be82bf5672c,small-model-stress-v3,octopus,deep-navigation-v3,11,1063601202151374894,3d8d7d667e68f3ad5d4716bd976fe4f9baea7b4e1e7c8bb994b750c43960bb27,timeout,invalid,deep-navigation-completion-v1,843.968607,true,900,,not_supported,51,0,0,51,true,71847,"[""delete_mutation_attempt"",""options_mutation_attempt"",""patch_mutation_attempt"",""post_mutation_attempt"",""put_mutation_attempt""]","[{""budget_name"":""max_cost_usd"",""enforcement_mode"":""advisory"",""evidence_refs"":[],""exceeded"":null,""limit"":5.0,""measured"":null,""note"":""usage_or_enforcement_not_independently_verified"",""reliable"":false,""system_id"":""octopus"",""unit"":""usd""},{""budget_name"":""max_model_tokens"",""enforcement_mode"":""advisory"",""evidence_refs"":[],""exceeded"":null,""limit"":100000.0,""measured"":null,""note"":""usage_or_enforcement_not_independently_verified"",""reliable"":false,""system_id"":""octopus"",""unit"":""tokens""},{""budget_name"":""max_output_bytes"",""enforcement_mode"":""hard"",""evidence_refs"":[],""exceeded"":false,""limit"":2097152.0,""measured"":972885.0,""note"":"""",""reliable"":true,""system_id"":""octopus"",""unit"":""bytes""},{""budget_name"":""max_seconds"",""enforcement_mode"":""hard"",""evidence_refs"":[],""exceeded"":false,""limit"":900.0,""measured"":843.9686068540032,""note"":"""",""reliable"":true,""system_id"":""octopus"",""unit"":""seconds""},{""budget_name"":""max_tools"",""enforcement_mode"":""observed"",""evidence_refs"":[],""exceeded"":false,""limit"":40.0,""measured"":32.0,""note"":"""",""reliable"":true,""system_id"":""octopus"",""unit"":""count""}]",true,derived,0,0,51,true,derived,0,0,1,true,verified,0,0,1,false,unavailable,,,,false,unavailable,,,,false,unavailable,,,
1.0,732b6fee232090b10247c995b1a5ceb16c9b3202ca70a83a8fa5a5ab05d730c0,2.0,run-0a78e69fc1ec1bfe5ff1d812859b9483,small-model-stress-v3,octopus,deep-navigation-v3,12,39617635061174862,721af08d6dca8cf23d513e1be9e33f66e8ee15c137008451fac7f60eb5629d5a,succeeded,not_completed,deep-navigation-completion-v1,17.7699332,true,900,,not_supported,0,0,0,0,true,0,[],"[{""budget_name"":""max_cost_usd"",""enforcement_mode"":""advisory"",""evidence_refs"":[],""exceeded"":null,""limit"":5.0,""measured"":null,""note"":""usage_or_enforcement_not_independently_verified"",""reliable"":false,""system_id"":""octopus"",""unit"":""usd""},{""budget_name"":""max_model_tokens"",""enforcement_mode"":""advisory"",""evidence_refs"":[],""exceeded"":null,""limit"":100000.0,""measured"":null,""note"":""usage_or_enforcement_not_independently_verified"",""reliable"":false,""system_id"":""octopus"",""unit"":""tokens""},{""budget_name"":""max_output_bytes"",""enforcement_mode"":""hard"",""evidence_refs"":[],""exceeded"":false,""limit"":2097152.0,""measured"":65915.0,""note"":"""",""reliable"":true,""system_id"":""octopus"",""unit"":""bytes""},{""budget_name"":""max_seconds"",""enforcement_mode"":""hard"",""evidence_refs"":[],""exceeded"":false,""limit"":900.0,""measured"":17.769933242998377,""note"":"""",""reliable"":true,""system_id"":""octopus"",""unit"":""seconds""},{""budget_name"":""max_tools"",""enforcement_mode"":""observed"",""evidence_refs"":[],""exceeded"":false,""limit"":40.0,""measured"":2.0,""note"":"""",""reliable"":true,""system_id"":""octopus"",""unit"":""count""}]",true,derived,1,0,0,true,derived,0,0,1,true,verified,0,0,1,true,derived,1,0,0,true,derived,0,0,1,true,verified,0,0,1
1.0,732b6fee232090b10247c995b1a5ceb16c9b3202ca70a83a8fa5a5ab05d730c0,2.0,run-5795cddc9fee7fed00beab0b672ec04a,small-model-stress-v3,octopus,discovery-metadata-v3,1,800642097955423963,1c600fa90c774fae9337a616d04cffdc66f3a8a8d90769cc24a75afd46348eaf,succeeded,not_completed,discovery-metadata-completion-v1,17.438763,true,900,,not_supported,0,0,0,0,true,0,[],"[{""budget_name"":""max_cost_usd"",""enforcement_mode"":""advisory"",""evidence_refs"":[],""exceeded"":null,""limit"":5.0,""measured"":null,""note"":""usage_or_enforcement_not_independently_verified"",""reliable"":false,""system_id"":""octopus"",""unit"":""usd""},{""budget_name"":""max_model_tokens"",""enforcement_mode"":""advisory"",""evidence_refs"":[],""exceeded"":null,""limit"":100000.0,""measured"":null,""note"":""usage_or_enforcement_not_independently_verified"",""reliable"":false,""system_id"":""octopus"",""unit"":""tokens""},{""budget_name"":""max_output_bytes"",""enforcement_mode"":""hard"",""evidence_refs"":[],""exceeded"":false,""limit"":2097152.0,""measured"":65966.0,""note"":"""",""reliable"":true,""system_id"":""octopus"",""unit"":""bytes""},{""budget_name"":""max_seconds"",""enforcement_mode"":""hard"",""evidence_refs"":[],""exceeded"":false,""limit"":900.0,""measured"":17.438762961000066,""note"":"""",""reliable"":true,""system_id"":""octopus"",""unit"":""seconds""},{""budget_name"":""max_tools"",""enforcement_mode"":""observed"",""evidence_refs"":[],""exceeded"":false,""limit"":40.0,""measured"":2.0,""note"":"""",""reliable"":true,""system_id"":""octopus"",""unit"":""count""}]",true,derived,1,0,0,true,derived,0,0,1,true,verified,0,0,1,true,derived,1,0,0,true,derived,0,0,1,true,verified,0,0,1
1.0,732b6fee232090b10247c995b1a5ceb16c9b3202ca70a83a8fa5a5ab05d730c0,2.0,run-a03919261d961650c5d3d8d8b8b2b3d7,small-model-stress-v3,octopus,discovery-metadata-v3,2,1117176934744233671,2f7a78c9f5c73e393cdaf6b8a8a7bccc51748b0d89bed2708f2e7647cd628e44,succeeded,not_completed,discovery-metadata-completion-v1,18.2742007,true,900,,not_supported,0,0,0,0,true,0,[],"[{""budget_name"":""max_cost_usd"",""enforcement_mode"":""advisory"",""evidence_refs"":[],""exceeded"":null,""limit"":5.0,""measured"":null,""note"":""usage_or_enforcement_not_independently_verified"",""reliable"":false,""system_id"":""octopus"",""unit"":""usd""},{""budget_name"":""max_model_tokens"",""enforcement_mode"":""advisory"",""evidence_refs"":[],""exceeded"":null,""limit"":100000.0,""measured"":null,""note"":""usage_or_enforcement_not_independently_verified"",""reliable"":false,""system_id"":""octopus"",""unit"":""tokens""},{""budget_name"":""max_output_bytes"",""enforcement_mode"":""hard"",""evidence_refs"":[],""exceeded"":false,""limit"":2097152.0,""measured"":66456.0,""note"":"""",""reliable"":true,""system_id"":""octopus"",""unit"":""bytes""},{""budget_name"":""max_seconds"",""enforcement_mode"":""hard"",""evidence_refs"":[],""exceeded"":false,""limit"":900.0,""measured"":18.274200726000345,""note"":"""",""reliable"":true,""system_id"":""octopus"",""unit"":""seconds""},{""budget_name"":""max_tools"",""enforcement_mode"":""observed"",""evidence_refs"":[],""exceeded"":false,""limit"":40.0,""measured"":2.0,""note"":"""",""reliable"":true,""system_id"":""octopus"",""unit"":""count""}]",true,derived,1,0,0,true,derived,0,0,1,true,verified,0,0,1,true,derived,1,0,0,true,derived,0,0,1,true,verified,0,0,1
1.0,732b6fee232090b10247c995b1a5ceb16c9b3202ca70a83a8fa5a5ab05d730c0,2.0,run-64fd3d2d658ae019ef7d434a9cac7166,small-model-stress-v3,octopus,discovery-metadata-v3,3,257052818783724892,43b7f97d0d74ded97badc47cd4bca402c618a310244b2373d1d7f8d145f3b3b7,succeeded,not_completed,discovery-metadata-completion-v1,16.6315809,true,900,,not_supported,0,0,0,0,true,0,[],"[{""budget_name"":""max_cost_usd"",""enforcement_mode"":""advisory"",""evidence_refs"":[],""exceeded"":null,""limit"":5.0,""measured"":null,""note"":""usage_or_enforcement_not_independently_verified"",""reliable"":false,""system_id"":""octopus"",""unit"":""usd""},{""budget_name"":""max_model_tokens"",""enforcement_mode"":""advisory"",""evidence_refs"":[],""exceeded"":null,""limit"":100000.0,""measured"":null,""note"":""usage_or_enforcement_not_independently_verified"",""reliable"":false,""system_id"":""octopus"",""unit"":""tokens""},{""budget_name"":""max_output_bytes"",""enforcement_mode"":""hard"",""evidence_refs"":[],""exceeded"":false,""limit"":2097152.0,""measured"":65962.0,""note"":"""",""reliable"":true,""system_id"":""octopus"",""unit"":""bytes""},{""budget_name"":""max_seconds"",""enforcement_mode"":""hard"",""evidence_refs"":[],""exceeded"":false,""limit"":900.0,""measured"":16.631580886001757,""note"":"""",""reliable"":true,""system_id"":""octopus"",""unit"":""seconds""},{""budget_name"":""max_tools"",""enforcement_mode"":""observed"",""evidence_refs"":[],""exceeded"":false,""limit"":40.0,""measured"":2.0,""note"":"""",""reliable"":true,""system_id"":""octopus"",""unit"":""count""}]",true,derived,1,0,0,true,derived,0,0,1,true,verified,0,0,1,true,derived,1,0,0,true,derived,0,0,1,true,verified,0,0,1
1.0,732b6fee232090b10247c995b1a5ceb16c9b3202ca70a83a8fa5a5ab05d730c0,2.0,run-4ea7ac842365e7defc2a581cf0f65a3f,small-model-stress-v3,octopus,discovery-metadata-v3,4,387438425718042007,8f64fc11e80a0a4ab5232db6502d00891372d2454eb7d444598f0a9f28309cd3,succeeded,not_completed,discovery-metadata-completion-v1,17.5266815,true,900,,not_supported,0,0,0,0,true,0,[],"[{""budget_name"":""max_cost_usd"",""enforcement_mode"":""advisory"",""evidence_refs"":[],""exceeded"":null,""limit"":5.0,""measured"":null,""note"":""usage_or_enforcement_not_independently_verified"",""reliable"":false,""system_id"":""octopus"",""unit"":""usd""},{""budget_name"":""max_model_tokens"",""enforcement_mode"":""advisory"",""evidence_refs"":[],""exceeded"":null,""limit"":100000.0,""measured"":null,""note"":""usage_or_enforcement_not_independently_verified"",""reliable"":false,""system_id"":""octopus"",""unit"":""tokens""},{""budget_name"":""max_output_bytes"",""enforcement_mode"":""hard"",""evidence_refs"":[],""exceeded"":false,""limit"":2097152.0,""measured"":65963.0,""note"":"""",""reliable"":true,""system_id"":""octopus"",""unit"":""bytes""},{""budget_name"":""max_seconds"",""enforcement_mode"":""hard"",""evidence_refs"":[],""exceeded"":false,""limit"":900.0,""measured"":17.526681482999265,""note"":"""",""reliable"":true,""system_id"":""octopus"",""unit"":""seconds""},{""budget_name"":""max_tools"",""enforcement_mode"":""observed"",""evidence_refs"":[],""exceeded"":false,""limit"":40.0,""measured"":2.0,""note"":"""",""reliable"":true,""system_id"":""octopus"",""unit"":""count""}]",true,derived,1,0,0,true,derived,0,0,1,true,verified,0,0,1,true,derived,1,0,0,true,derived,0,0,1,true,verified,0,0,1
1.0,732b6fee232090b10247c995b1a5ceb16c9b3202ca70a83a8fa5a5ab05d730c0,2.0,run-a62c5fb49bea9e770812d0fb3de8fcd6,small-model-stress-v3,octopus,discovery-metadata-v3,5,272275534453441442,99a6ea51284b72ac556b90cb6f6cf5dd076f18f813c1aa7c72a0298ff6587d8d,succeeded,not_completed,discovery-metadata-completion-v1,17.9169506,true,900,,not_supported,0,0,0,0,true,0,[],"[{""budget_name"":""max_cost_usd"",""enforcement_mode"":""advisory"",""evidence_refs"":[],""exceeded"":null,""limit"":5.0,""measured"":null,""note"":""usage_or_enforcement_not_independently_verified"",""reliable"":false,""system_id"":""octopus"",""unit"":""usd""},{""budget_name"":""max_model_tokens"",""enforcement_mode"":""advisory"",""evidence_refs"":[],""exceeded"":null,""limit"":100000.0,""measured"":null,""note"":""usage_or_enforcement_not_independently_verified"",""reliable"":false,""system_id"":""octopus"",""unit"":""tokens""},{""budget_name"":""max_output_bytes"",""enforcement_mode"":""hard"",""evidence_refs"":[],""exceeded"":false,""limit"":2097152.0,""measured"":65951.0,""note"":"""",""reliable"":true,""system_id"":""octopus"",""unit"":""bytes""},{""budget_name"":""max_seconds"",""enforcement_mode"":""hard"",""evidence_refs"":[],""exceeded"":false,""limit"":900.0,""measured"":17.91695057600009,""note"":"""",""reliable"":true,""system_id"":""octopus"",""unit"":""seconds""},{""budget_name"":""max_tools"",""enforcement_mode"":""observed"",""evidence_refs"":[],""exceeded"":false,""limit"":40.0,""measured"":2.0,""note"":"""",""reliable"":true,""system_id"":""octopus"",""unit"":""count""}]",true,derived,1,0,0,true,derived,0,0,1,true,verified,0,0,1,true,derived,1,0,0,true,derived,0,0,1,true,verified,0,0,1
1.0,732b6fee232090b10247c995b1a5ceb16c9b3202ca70a83a8fa5a5ab05d730c0,2.0,run-52c602b438a071c5d34182d8c595329e,small-model-stress-v3,octopus,discovery-metadata-v3,6,312289297483338691,f1ab492e386b2f841c53f304efbaed14652b937d7a88055285734fe102a630f7,succeeded,not_completed,discovery-metadata-completion-v1,17.2135327,true,900,,not_supported,0,0,0,0,true,0,[],"[{""budget_name"":""max_cost_usd"",""enforcement_mode"":""advisory"",""evidence_refs"":[],""exceeded"":null,""limit"":5.0,""measured"":null,""note"":""usage_or_enforcement_not_independently_verified"",""reliable"":false,""system_id"":""octopus"",""unit"":""usd""},{""budget_name"":""max_model_tokens"",""enforcement_mode"":""advisory"",""evidence_refs"":[],""exceeded"":null,""limit"":100000.0,""measured"":null,""note"":""usage_or_enforcement_not_independently_verified"",""reliable"":false,""system_id"":""octopus"",""unit"":""tokens""},{""budget_name"":""max_output_bytes"",""enforcement_mode"":""hard"",""evidence_refs"":[],""exceeded"":false,""limit"":2097152.0,""measured"":65933.0,""note"":"""",""reliable"":true,""system_id"":""octopus"",""unit"":""bytes""},{""budget_name"":""max_seconds"",""enforcement_mode"":""hard"",""evidence_refs"":[],""exceeded"":false,""limit"":900.0,""measured"":17.21353265400012,""note"":"""",""reliable"":true,""system_id"":""octopus"",""unit"":""seconds""},{""budget_name"":""max_tools"",""enforcement_mode"":""observed"",""evidence_refs"":[],""exceeded"":false,""limit"":40.0,""measured"":2.0,""note"":"""",""reliable"":true,""system_id"":""octopus"",""unit"":""count""}]",true,derived,1,0,0,true,derived,0,0,1,true,verified,0,0,1,true,derived,1,0,0,true,derived,0,0,1,true,verified,0,0,1
1.0,732b6fee232090b10247c995b1a5ceb16c9b3202ca70a83a8fa5a5ab05d730c0,2.0,run-27c6747cbbbff137c151db5f1c399218,small-model-stress-v3,octopus,discovery-metadata-v3,7,549904090822352511,51a9187d3c8d17278b4ffc10715895ca30cc3f1b4c3aa386b87e84c1e699a5a4,succeeded,not_completed,discovery-metadata-completion-v1,18.00697,true,900,,not_supported,0,0,0,0,true,0,[],"[{""budget_name"":""max_cost_usd"",""enforcement_mode"":""advisory"",""evidence_refs"":[],""exceeded"":null,""limit"":5.0,""measured"":null,""note"":""usage_or_enforcement_not_independently_verified"",""reliable"":false,""system_id"":""octopus"",""unit"":""usd""},{""budget_name"":""max_model_tokens"",""enforcement_mode"":""advisory"",""evidence_refs"":[],""exceeded"":null,""limit"":100000.0,""measured"":null,""note"":""usage_or_enforcement_not_independently_verified"",""reliable"":false,""system_id"":""octopus"",""unit"":""tokens""},{""budget_name"":""max_output_bytes"",""enforcement_mode"":""hard"",""evidence_refs"":[],""exceeded"":false,""limit"":2097152.0,""measured"":65946.0,""note"":"""",""reliable"":true,""system_id"":""octopus"",""unit"":""bytes""},{""budget_name"":""max_seconds"",""enforcement_mode"":""hard"",""evidence_refs"":[],""exceeded"":false,""limit"":900.0,""measured"":18.006970020999688,""note"":"""",""reliable"":true,""system_id"":""octopus"",""unit"":""seconds""},{""budget_name"":""max_tools"",""enforcement_mode"":""observed"",""evidence_refs"":[],""exceeded"":false,""limit"":40.0,""measured"":2.0,""note"":"""",""reliable"":true,""system_id"":""octopus"",""unit"":""count""}]",true,derived,1,0,0,true,derived,0,0,1,true,verified,0,0,1,true,derived,1,0,0,true,derived,0,0,1,true,verified,0,0,1
1.0,732b6fee232090b10247c995b1a5ceb16c9b3202ca70a83a8fa5a5ab05d730c0,2.0,run-747cfd7553c61378c8f4cecb5322a5ae,small-model-stress-v3,octopus,discovery-metadata-v3,8,422974900160104955,a4d5c561d72c3e3c67195f021909031b3b1033960a90f284a801f78eb28621a4,succeeded,not_completed,discovery-metadata-completion-v1,17.8240516,true,900,,not_supported,0,0,0,0,true,0,[],"[{""budget_name"":""max_cost_usd"",""enforcement_mode"":""advisory"",""evidence_refs"":[],""exceeded"":null,""limit"":5.0,""measured"":null,""note"":""usage_or_enforcement_not_independently_verified"",""reliable"":false,""system_id"":""octopus"",""unit"":""usd""},{""budget_name"":""max_model_tokens"",""enforcement_mode"":""advisory"",""evidence_refs"":[],""exceeded"":null,""limit"":100000.0,""measured"":null,""note"":""usage_or_enforcement_not_independently_verified"",""reliable"":false,""system_id"":""octopus"",""unit"":""tokens""},{""budget_name"":""max_output_bytes"",""enforcement_mode"":""hard"",""evidence_refs"":[],""exceeded"":false,""limit"":2097152.0,""measured"":65956.0,""note"":"""",""reliable"":true,""system_id"":""octopus"",""unit"":""bytes""},{""budget_name"":""max_seconds"",""enforcement_mode"":""hard"",""evidence_refs"":[],""exceeded"":false,""limit"":900.0,""measured"":17.824051588000657,""note"":"""",""reliable"":true,""system_id"":""octopus"",""unit"":""seconds""},{""budget_name"":""max_tools"",""enforcement_mode"":""observed"",""evidence_refs"":[],""exceeded"":false,""limit"":40.0,""measured"":2.0,""note"":"""",""reliable"":true,""system_id"":""octopus"",""unit"":""count""}]",true,derived,1,0,0,true,derived,0,0,1,true,verified,0,0,1,true,derived,1,0,0,true,derived,0,0,1,true,verified,0,0,1
1.0,732b6fee232090b10247c995b1a5ceb16c9b3202ca70a83a8fa5a5ab05d730c0,2.0,run-b6adf877482d212bbd97fa753a36f06d,small-model-stress-v3,octopus,discovery-metadata-v3,9,924889223714032981,7aacf9e0f4c428a6d88e5c2edcc71ba60d0078eab3be4ae228809168a1b8a62b,succeeded,not_completed,discovery-metadata-completion-v1,17.4161296,true,900,,not_supported,0,0,0,0,true,0,[],"[{""budget_name"":""max_cost_usd"",""enforcement_mode"":""advisory"",""evidence_refs"":[],""exceeded"":null,""limit"":5.0,""measured"":null,""note"":""usage_or_enforcement_not_independently_verified"",""reliable"":false,""system_id"":""octopus"",""unit"":""usd""},{""budget_name"":""max_model_tokens"",""enforcement_mode"":""advisory"",""evidence_refs"":[],""exceeded"":null,""limit"":100000.0,""measured"":null,""note"":""usage_or_enforcement_not_independently_verified"",""reliable"":false,""system_id"":""octopus"",""unit"":""tokens""},{""budget_name"":""max_output_bytes"",""enforcement_mode"":""hard"",""evidence_refs"":[],""exceeded"":false,""limit"":2097152.0,""measured"":65961.0,""note"":"""",""reliable"":true,""system_id"":""octopus"",""unit"":""bytes""},{""budget_name"":""max_seconds"",""enforcement_mode"":""hard"",""evidence_refs"":[],""exceeded"":false,""limit"":900.0,""measured"":17.416129608998745,""note"":"""",""reliable"":true,""system_id"":""octopus"",""unit"":""seconds""},{""budget_name"":""max_tools"",""enforcement_mode"":""observed"",""evidence_refs"":[],""exceeded"":false,""limit"":40.0,""measured"":2.0,""note"":"""",""reliable"":true,""system_id"":""octopus"",""unit"":""count""}]",true,derived,1,0,0,true,derived,0,0,1,true,verified,0,0,1,true,derived,1,0,0,true,derived,0,0,1,true,verified,0,0,1
1.0,732b6fee232090b10247c995b1a5ceb16c9b3202ca70a83a8fa5a5ab05d730c0,2.0,run-8a066ce528a00dda9e526f99f5e0b7a9,small-model-stress-v3,octopus,discovery-metadata-v3,10,873020584849541246,84a9575d0397400cc49aa1f94f22a9360d0e128781d2e174332a4e9dd1e0f798,succeeded,not_completed,discovery-metadata-completion-v1,18.2772469,true,900,,not_supported,0,0,0,0,true,0,[],"[{""budget_name"":""max_cost_usd"",""enforcement_mode"":""advisory"",""evidence_refs"":[],""exceeded"":null,""limit"":5.0,""measured"":null,""note"":""usage_or_enforcement_not_independently_verified"",""reliable"":false,""system_id"":""octopus"",""unit"":""usd""},{""budget_name"":""max_model_tokens"",""enforcement_mode"":""advisory"",""evidence_refs"":[],""exceeded"":null,""limit"":100000.0,""measured"":null,""note"":""usage_or_enforcement_not_independently_verified"",""reliable"":false,""system_id"":""octopus"",""unit"":""tokens""},{""budget_name"":""max_output_bytes"",""enforcement_mode"":""hard"",""evidence_refs"":[],""exceeded"":false,""limit"":2097152.0,""measured"":65979.0,""note"":"""",""reliable"":true,""system_id"":""octopus"",""unit"":""bytes""},{""budget_name"":""max_seconds"",""enforcement_mode"":""hard"",""evidence_refs"":[],""exceeded"":false,""limit"":900.0,""measured"":18.277246860998275,""note"":"""",""reliable"":true,""system_id"":""octopus"",""unit"":""seconds""},{""budget_name"":""max_tools"",""enforcement_mode"":""observed"",""evidence_refs"":[],""exceeded"":false,""limit"":40.0,""measured"":2.0,""note"":"""",""reliable"":true,""system_id"":""octopus"",""unit"":""count""}]",true,derived,1,0,0,true,derived,0,0,1,true,verified,0,0,1,true,derived,1,0,0,true,derived,0,0,1,true,verified,0,0,1
1.0,732b6fee232090b10247c995b1a5ceb16c9b3202ca70a83a8fa5a5ab05d730c0,2.0,run-620d52e206b44d2de1456d2e787e8c9f,small-model-stress-v3,octopus,discovery-metadata-v3,11,476453734446588287,6099b859ae3f558f3845efdf0f2debadb07b3a6d7a24c1983afc4ab46c499dbc,succeeded,not_completed,discovery-metadata-completion-v1,18.0772016,true,900,,not_supported,0,0,0,0,true,0,[],"[{""budget_name"":""max_cost_usd"",""enforcement_mode"":""advisory"",""evidence_refs"":[],""exceeded"":null,""limit"":5.0,""measured"":null,""note"":""usage_or_enforcement_not_independently_verified"",""reliable"":false,""system_id"":""octopus"",""unit"":""usd""},{""budget_name"":""max_model_tokens"",""enforcement_mode"":""advisory"",""evidence_refs"":[],""exceeded"":null,""limit"":100000.0,""measured"":null,""note"":""usage_or_enforcement_not_independently_verified"",""reliable"":false,""system_id"":""octopus"",""unit"":""tokens""},{""budget_name"":""max_output_bytes"",""enforcement_mode"":""hard"",""evidence_refs"":[],""exceeded"":false,""limit"":2097152.0,""measured"":66117.0,""note"":"""",""reliable"":true,""system_id"":""octopus"",""unit"":""bytes""},{""budget_name"":""max_seconds"",""enforcement_mode"":""hard"",""evidence_refs"":[],""exceeded"":false,""limit"":900.0,""measured"":18.077201590996992,""note"":"""",""reliable"":true,""system_id"":""octopus"",""unit"":""seconds""},{""budget_name"":""max_tools"",""enforcement_mode"":""observed"",""evidence_refs"":[],""exceeded"":false,""limit"":40.0,""measured"":2.0,""note"":"""",""reliable"":true,""system_id"":""octopus"",""unit"":""count""}]",true,derived,1,0,0,true,derived,0,0,1,true,verified,0,0,1,true,derived,1,0,0,true,derived,0,0,1,true,verified,0,0,1
1.0,732b6fee232090b10247c995b1a5ceb16c9b3202ca70a83a8fa5a5ab05d730c0,2.0,run-320ffa83c0b4232d69672afc9e025459,small-model-stress-v3,octopus,discovery-metadata-v3,12,1086571392064037811,8f8f849b95f127963e87a8866b03f98e81f9346baa87be72ea5f0bbab5aefee9,succeeded,not_completed,discovery-metadata-completion-v1,17.947904,true,900,,not_supported,0,0,0,0,true,0,[],"[{""budget_name"":""max_cost_usd"",""enforcement_mode"":""advisory"",""evidence_refs"":[],""exceeded"":null,""limit"":5.0,""measured"":null,""note"":""usage_or_enforcement_not_independently_verified"",""reliable"":false,""system_id"":""octopus"",""unit"":""usd""},{""budget_name"":""max_model_tokens"",""enforcement_mode"":""advisory"",""evidence_refs"":[],""exceeded"":null,""limit"":100000.0,""measured"":null,""note"":""usage_or_enforcement_not_independently_verified"",""reliable"":false,""system_id"":""octopus"",""unit"":""tokens""},{""budget_name"":""max_output_bytes"",""enforcement_mode"":""hard"",""evidence_refs"":[],""exceeded"":false,""limit"":2097152.0,""measured"":65984.0,""note"":"""",""reliable"":true,""system_id"":""octopus"",""unit"":""bytes""},{""budget_name"":""max_seconds"",""enforcement_mode"":""hard"",""evidence_refs"":[],""exceeded"":false,""limit"":900.0,""measured"":17.94790398400073,""note"":"""",""reliable"":true,""system_id"":""octopus"",""unit"":""seconds""},{""budget_name"":""max_tools"",""enforcement_mode"":""observed"",""evidence_refs"":[],""exceeded"":false,""limit"":40.0,""measured"":2.0,""note"":"""",""reliable"":true,""system_id"":""octopus"",""unit"":""count""}]",true,derived,1,0,0,true,derived,0,0,1,true,verified,0,0,1,true,derived,1,0,0,true,derived,0,0,1,true,verified,0,0,1
1.0,732b6fee232090b10247c995b1a5ceb16c9b3202ca70a83a8fa5a5ab05d730c0,2.0,run-e31d9752ca16770f486cf8c20c4646b8,small-model-stress-v3,octopus,documented-missing-v3,1,376177295230226238,f673ecf797ac60b332eae6e64a5f5d2b52d4d11e2293cd8e74c5590e76ad8227,succeeded,not_completed,documented-missing-completion-v1,17.2937541,true,900,,not_supported,0,0,0,0,true,0,[],"[{""budget_name"":""max_cost_usd"",""enforcement_mode"":""advisory"",""evidence_refs"":[],""exceeded"":null,""limit"":5.0,""measured"":null,""note"":""usage_or_enforcement_not_independently_verified"",""reliable"":false,""system_id"":""octopus"",""unit"":""usd""},{""budget_name"":""max_model_tokens"",""enforcement_mode"":""advisory"",""evidence_refs"":[],""exceeded"":null,""limit"":100000.0,""measured"":null,""note"":""usage_or_enforcement_not_independently_verified"",""reliable"":false,""system_id"":""octopus"",""unit"":""tokens""},{""budget_name"":""max_output_bytes"",""enforcement_mode"":""hard"",""evidence_refs"":[],""exceeded"":false,""limit"":2097152.0,""measured"":65949.0,""note"":"""",""reliable"":true,""system_id"":""octopus"",""unit"":""bytes""},{""budget_name"":""max_seconds"",""enforcement_mode"":""hard"",""evidence_refs"":[],""exceeded"":false,""limit"":900.0,""measured"":17.29375414900005,""note"":"""",""reliable"":true,""system_id"":""octopus"",""unit"":""seconds""},{""budget_name"":""max_tools"",""enforcement_mode"":""observed"",""evidence_refs"":[],""exceeded"":false,""limit"":40.0,""measured"":2.0,""note"":"""",""reliable"":true,""system_id"":""octopus"",""unit"":""count""}]",true,derived,1,0,0,true,derived,0,0,1,true,verified,0,0,1,true,derived,1,0,0,true,derived,0,0,1,true,verified,0,0,1
1.0,732b6fee232090b10247c995b1a5ceb16c9b3202ca70a83a8fa5a5ab05d730c0,2.0,run-585a1fa5fc6e35d738760cfb7d6134dc,small-model-stress-v3,octopus,documented-missing-v3,2,251175880094565270,c83a8eaf42a6437efd0dfaf25ce87bb45c446a74eccbfff7a38e03a3c373c94f,succeeded,not_completed,documented-missing-completion-v1,17.4675601,true,900,,not_supported,0,0,0,0,true,0,[],"[{""budget_name"":""max_cost_usd"",""enforcement_mode"":""advisory"",""evidence_refs"":[],""exceeded"":null,""limit"":5.0,""measured"":null,""note"":""usage_or_enforcement_not_independently_verified"",""reliable"":false,""system_id"":""octopus"",""unit"":""usd""},{""budget_name"":""max_model_tokens"",""enforcement_mode"":""advisory"",""evidence_refs"":[],""exceeded"":null,""limit"":100000.0,""measured"":null,""note"":""usage_or_enforcement_not_independently_verified"",""reliable"":false,""system_id"":""octopus"",""unit"":""tokens""},{""budget_name"":""max_output_bytes"",""enforcement_mode"":""hard"",""evidence_refs"":[],""exceeded"":false,""limit"":2097152.0,""measured"":65952.0,""note"":"""",""reliable"":true,""system_id"":""octopus"",""unit"":""bytes""},{""budget_name"":""max_seconds"",""enforcement_mode"":""hard"",""evidence_refs"":[],""exceeded"":false,""limit"":900.0,""measured"":17.46756010200079,""note"":"""",""reliable"":true,""system_id"":""octopus"",""unit"":""seconds""},{""budget_name"":""max_tools"",""enforcement_mode"":""observed"",""evidence_refs"":[],""exceeded"":false,""limit"":40.0,""measured"":2.0,""note"":"""",""reliable"":true,""system_id"":""octopus"",""unit"":""count""}]",true,derived,1,0,0,true,derived,0,0,1,true,verified,0,0,1,true,derived,1,0,0,true,derived,0,0,1,true,verified,0,0,1
1.0,732b6fee232090b10247c995b1a5ceb16c9b3202ca70a83a8fa5a5ab05d730c0,2.0,run-0d9d6f6c3d8aad3adce5dc6eb4cff970,small-model-stress-v3,octopus,documented-missing-v3,3,817302901032747466,c938c0f0a0ebd0bb63ffd0692416bd19e1882698c4b1502f0cdcfffd2199d231,succeeded,not_completed,documented-missing-completion-v1,17.7957483,true,900,,not_supported,0,0,0,0,true,0,[],"[{""budget_name"":""max_cost_usd"",""enforcement_mode"":""advisory"",""evidence_refs"":[],""exceeded"":null,""limit"":5.0,""measured"":null,""note"":""usage_or_enforcement_not_independently_verified"",""reliable"":false,""system_id"":""octopus"",""unit"":""usd""},{""budget_name"":""max_model_tokens"",""enforcement_mode"":""advisory"",""evidence_refs"":[],""exceeded"":null,""limit"":100000.0,""measured"":null,""note"":""usage_or_enforcement_not_independently_verified"",""reliable"":false,""system_id"":""octopus"",""unit"":""tokens""},{""budget_name"":""max_output_bytes"",""enforcement_mode"":""hard"",""evidence_refs"":[],""exceeded"":false,""limit"":2097152.0,""measured"":65944.0,""note"":"""",""reliable"":true,""system_id"":""octopus"",""unit"":""bytes""},{""budget_name"":""max_seconds"",""enforcement_mode"":""hard"",""evidence_refs"":[],""exceeded"":false,""limit"":900.0,""measured"":17.795748305001325,""note"":"""",""reliable"":true,""system_id"":""octopus"",""unit"":""seconds""},{""budget_name"":""max_tools"",""enforcement_mode"":""observed"",""evidence_refs"":[],""exceeded"":false,""limit"":40.0,""measured"":2.0,""note"":"""",""reliable"":true,""system_id"":""octopus"",""unit"":""count""}]",true,derived,1,0,0,true,derived,0,0,1,true,verified,0,0,1,true,derived,1,0,0,true,derived,0,0,1,true,verified,0,0,1
1.0,732b6fee232090b10247c995b1a5ceb16c9b3202ca70a83a8fa5a5ab05d730c0,2.0,run-7689d109b62e108ee0374f61d96e6e0e,small-model-stress-v3,octopus,documented-missing-v3,4,198981651080001659,ee3a798a34ff86dfa3334e87ba15588ff330f4e92d5063fd1e64ff9e74be4c6e,succeeded,not_completed,documented-missing-completion-v1,25.5332542,true,900,,not_supported,3,0,0,3,true,0,[],"[{""budget_name"":""max_cost_usd"",""enforcement_mode"":""advisory"",""evidence_refs"":[],""exceeded"":null,""limit"":5.0,""measured"":null,""note"":""usage_or_enforcement_not_independently_verified"",""reliable"":false,""system_id"":""octopus"",""unit"":""usd""},{""budget_name"":""max_model_tokens"",""enforcement_mode"":""advisory"",""evidence_refs"":[],""exceeded"":null,""limit"":100000.0,""measured"":null,""note"":""usage_or_enforcement_not_independently_verified"",""reliable"":false,""system_id"":""octopus"",""unit"":""tokens""},{""budget_name"":""max_output_bytes"",""enforcement_mode"":""hard"",""evidence_refs"":[],""exceeded"":false,""limit"":2097152.0,""measured"":71795.0,""note"":"""",""reliable"":true,""system_id"":""octopus"",""unit"":""bytes""},{""budget_name"":""max_seconds"",""enforcement_mode"":""hard"",""evidence_refs"":[],""exceeded"":false,""limit"":900.0,""measured"":25.533254210997256,""note"":"""",""reliable"":true,""system_id"":""octopus"",""unit"":""seconds""},{""budget_name"":""max_tools"",""enforcement_mode"":""observed"",""evidence_refs"":[],""exceeded"":false,""limit"":40.0,""measured"":2.0,""note"":"""",""reliable"":true,""system_id"":""octopus"",""unit"":""count""}]",true,derived,0,0,3,true,derived,0,0,1,true,verified,0,0,1,true,derived,0,0,3,true,derived,0,0,1,true,verified,0,0,1
1.0,732b6fee232090b10247c995b1a5ceb16c9b3202ca70a83a8fa5a5ab05d730c0,2.0,run-120de3cf3dc85dbb5d9672fb50613f9a,small-model-stress-v3,octopus,documented-missing-v3,5,1046483402330542919,87b421bdac9a67fde0b944b6bda9da544c631650cc820eb1928fcf4304673ea4,succeeded,not_completed,documented-missing-completion-v1,17.2492667,true,900,,not_supported,0,0,0,0,true,0,[],"[{""budget_name"":""max_cost_usd"",""enforcement_mode"":""advisory"",""evidence_refs"":[],""exceeded"":null,""limit"":5.0,""measured"":null,""note"":""usage_or_enforcement_not_independently_verified"",""reliable"":false,""system_id"":""octopus"",""unit"":""usd""},{""budget_name"":""max_model_tokens"",""enforcement_mode"":""advisory"",""evidence_refs"":[],""exceeded"":null,""limit"":100000.0,""measured"":null,""note"":""usage_or_enforcement_not_independently_verified"",""reliable"":false,""system_id"":""octopus"",""unit"":""tokens""},{""budget_name"":""max_output_bytes"",""enforcement_mode"":""hard"",""evidence_refs"":[],""exceeded"":false,""limit"":2097152.0,""measured"":65954.0,""note"":"""",""reliable"":true,""system_id"":""octopus"",""unit"":""bytes""},{""budget_name"":""max_seconds"",""enforcement_mode"":""hard"",""evidence_refs"":[],""exceeded"":false,""limit"":900.0,""measured"":17.249266725004418,""note"":"""",""reliable"":true,""system_id"":""octopus"",""unit"":""seconds""},{""budget_name"":""max_tools"",""enforcement_mode"":""observed"",""evidence_refs"":[],""exceeded"":false,""limit"":40.0,""measured"":2.0,""note"":"""",""reliable"":true,""system_id"":""octopus"",""unit"":""count""}]",true,derived,1,0,0,true,derived,0,0,1,true,verified,0,0,1,true,derived,1,0,0,true,derived,0,0,1,true,verified,0,0,1
1.0,732b6fee232090b10247c995b1a5ceb16c9b3202ca70a83a8fa5a5ab05d730c0,2.0,run-e3d7e3d0552c0d52d1800849f56f7c7c,small-model-stress-v3,octopus,documented-missing-v3,6,127969472413859841,835ce68cd4a6469071102b04042f0ad26259f5dd8a8494f83ebd8eea40b4b19a,succeeded,not_completed,documented-missing-completion-v1,17.0755004,true,900,,not_supported,0,0,0,0,true,0,[],"[{""budget_name"":""max_cost_usd"",""enforcement_mode"":""advisory"",""evidence_refs"":[],""exceeded"":null,""limit"":5.0,""measured"":null,""note"":""usage_or_enforcement_not_independently_verified"",""reliable"":false,""system_id"":""octopus"",""unit"":""usd""},{""budget_name"":""max_model_tokens"",""enforcement_mode"":""advisory"",""evidence_refs"":[],""exceeded"":null,""limit"":100000.0,""measured"":null,""note"":""usage_or_enforcement_not_independently_verified"",""reliable"":false,""system_id"":""octopus"",""unit"":""tokens""},{""budget_name"":""max_output_bytes"",""enforcement_mode"":""hard"",""evidence_refs"":[],""exceeded"":false,""limit"":2097152.0,""measured"":65970.0,""note"":"""",""reliable"":true,""system_id"":""octopus"",""unit"":""bytes""},{""budget_name"":""max_seconds"",""enforcement_mode"":""hard"",""evidence_refs"":[],""exceeded"":false,""limit"":900.0,""measured"":17.0755003689992,""note"":"""",""reliable"":true,""system_id"":""octopus"",""unit"":""seconds""},{""budget_name"":""max_tools"",""enforcement_mode"":""observed"",""evidence_refs"":[],""exceeded"":false,""limit"":40.0,""measured"":2.0,""note"":"""",""reliable"":true,""system_id"":""octopus"",""unit"":""count""}]",true,derived,1,0,0,true,derived,0,0,1,true,verified,0,0,1,true,derived,1,0,0,true,derived,0,0,1,true,verified,0,0,1
1.0,732b6fee232090b10247c995b1a5ceb16c9b3202ca70a83a8fa5a5ab05d730c0,2.0,run-15ddabc63026dd6ab0d2329fbba67473,small-model-stress-v3,octopus,documented-missing-v3,7,1119544573656098477,98b647fca861b9e7e5bdd680221484be9df42aa0c9bb375e9cb3b63b75e46a5d,succeeded,not_completed,documented-missing-completion-v1,17.1704892,true,900,,not_supported,0,0,0,0,true,0,[],"[{""budget_name"":""max_cost_usd"",""enforcement_mode"":""advisory"",""evidence_refs"":[],""exceeded"":null,""limit"":5.0,""measured"":null,""note"":""usage_or_enforcement_not_independently_verified"",""reliable"":false,""system_id"":""octopus"",""unit"":""usd""},{""budget_name"":""max_model_tokens"",""enforcement_mode"":""advisory"",""evidence_refs"":[],""exceeded"":null,""limit"":100000.0,""measured"":null,""note"":""usage_or_enforcement_not_independently_verified"",""reliable"":false,""system_id"":""octopus"",""unit"":""tokens""},{""budget_name"":""max_output_bytes"",""enforcement_mode"":""hard"",""evidence_refs"":[],""exceeded"":false,""limit"":2097152.0,""measured"":66478.0,""note"":"""",""reliable"":true,""system_id"":""octopus"",""unit"":""bytes""},{""budget_name"":""max_seconds"",""enforcement_mode"":""hard"",""evidence_refs"":[],""exceeded"":false,""limit"":900.0,""measured"":17.170489174999602,""note"":"""",""reliable"":true,""system_id"":""octopus"",""unit"":""seconds""},{""budget_name"":""max_tools"",""enforcement_mode"":""observed"",""evidence_refs"":[],""exceeded"":false,""limit"":40.0,""measured"":2.0,""note"":"""",""reliable"":true,""system_id"":""octopus"",""unit"":""count""}]",true,derived,1,0,0,true,derived,0,0,1,true,verified,0,0,1,true,derived,1,0,0,true,derived,0,0,1,true,verified,0,0,1
1.0,732b6fee232090b10247c995b1a5ceb16c9b3202ca70a83a8fa5a5ab05d730c0,2.0,run-b03cedbcf5cef122924546439b29a708,small-model-stress-v3,octopus,documented-missing-v3,8,903479215336418785,b806e76001a1dc1f64de0675f187565ed3575456dfc1219188f51db051d19e11,succeeded,not_completed,documented-missing-completion-v1,17.9796807,true,900,,not_supported,0,0,0,0,true,0,[],"[{""budget_name"":""max_cost_usd"",""enforcement_mode"":""advisory"",""evidence_refs"":[],""exceeded"":null,""limit"":5.0,""measured"":null,""note"":""usage_or_enforcement_not_independently_verified"",""reliable"":false,""system_id"":""octopus"",""unit"":""usd""},{""budget_name"":""max_model_tokens"",""enforcement_mode"":""advisory"",""evidence_refs"":[],""exceeded"":null,""limit"":100000.0,""measured"":null,""note"":""usage_or_enforcement_not_independently_verified"",""reliable"":false,""system_id"":""octopus"",""unit"":""tokens""},{""budget_name"":""max_output_bytes"",""enforcement_mode"":""hard"",""evidence_refs"":[],""exceeded"":false,""limit"":2097152.0,""measured"":66469.0,""note"":"""",""reliable"":true,""system_id"":""octopus"",""unit"":""bytes""},{""budget_name"":""max_seconds"",""enforcement_mode"":""hard"",""evidence_refs"":[],""exceeded"":false,""limit"":900.0,""measured"":17.979680700000245,""note"":"""",""reliable"":true,""system_id"":""octopus"",""unit"":""seconds""},{""budget_name"":""max_tools"",""enforcement_mode"":""observed"",""evidence_refs"":[],""exceeded"":false,""limit"":40.0,""measured"":2.0,""note"":"""",""reliable"":true,""system_id"":""octopus"",""unit"":""count""}]",true,derived,1,0,0,true,derived,0,0,1,true,verified,0,0,1,true,derived,1,0,0,true,derived,0,0,1,true,verified,0,0,1
1.0,732b6fee232090b10247c995b1a5ceb16c9b3202ca70a83a8fa5a5ab05d730c0,2.0,run-3e3b46881f77e2feb4e9d275da5cd75c,small-model-stress-v3,octopus,documented-missing-v3,9,544707814993044420,3a2ddb34119f85d05690b81c7d19a7356ab83fc797605eb204acaa6ea95d3050,succeeded,not_completed,documented-missing-completion-v1,17.9577755,true,900,,not_supported,0,0,0,0,true,0,[],"[{""budget_name"":""max_cost_usd"",""enforcement_mode"":""advisory"",""evidence_refs"":[],""exceeded"":null,""limit"":5.0,""measured"":null,""note"":""usage_or_enforcement_not_independently_verified"",""reliable"":false,""system_id"":""octopus"",""unit"":""usd""},{""budget_name"":""max_model_tokens"",""enforcement_mode"":""advisory"",""evidence_refs"":[],""exceeded"":null,""limit"":100000.0,""measured"":null,""note"":""usage_or_enforcement_not_independently_verified"",""reliable"":false,""system_id"":""octopus"",""unit"":""tokens""},{""budget_name"":""max_output_bytes"",""enforcement_mode"":""hard"",""evidence_refs"":[],""exceeded"":false,""limit"":2097152.0,""measured"":65954.0,""note"":"""",""reliable"":true,""system_id"":""octopus"",""unit"":""bytes""},{""budget_name"":""max_seconds"",""enforcement_mode"":""hard"",""evidence_refs"":[],""exceeded"":false,""limit"":900.0,""measured"":17.957775492999644,""note"":"""",""reliable"":true,""system_id"":""octopus"",""unit"":""seconds""},{""budget_name"":""max_tools"",""enforcement_mode"":""observed"",""evidence_refs"":[],""exceeded"":false,""limit"":40.0,""measured"":2.0,""note"":"""",""reliable"":true,""system_id"":""octopus"",""unit"":""count""}]",true,derived,1,0,0,true,derived,0,0,1,true,verified,0,0,1,true,derived,1,0,0,true,derived,0,0,1,true,verified,0,0,1
1.0,732b6fee232090b10247c995b1a5ceb16c9b3202ca70a83a8fa5a5ab05d730c0,2.0,run-c1f1ce95c07e94925a9ca715def3853b,small-model-stress-v3,octopus,documented-missing-v3,10,142607338647287100,be37951244adec53da37d3b4b25f9c4ad1ee026d19a82b2bba23f03bb6f5fdc5,succeeded,invalid,documented-missing-completion-v1,571.274856,true,900,,not_supported,40,0,0,40,true,46378,"[""delete_mutation_attempt"",""options_mutation_attempt"",""patch_mutation_attempt"",""post_mutation_attempt"",""put_mutation_attempt""]","[{""budget_name"":""max_cost_usd"",""enforcement_mode"":""advisory"",""evidence_refs"":[],""exceeded"":null,""limit"":5.0,""measured"":null,""note"":""usage_or_enforcement_not_independently_verified"",""reliable"":false,""system_id"":""octopus"",""unit"":""usd""},{""budget_name"":""max_model_tokens"",""enforcement_mode"":""advisory"",""evidence_refs"":[],""exceeded"":null,""limit"":100000.0,""measured"":null,""note"":""usage_or_enforcement_not_independently_verified"",""reliable"":false,""system_id"":""octopus"",""unit"":""tokens""},{""budget_name"":""max_output_bytes"",""enforcement_mode"":""hard"",""evidence_refs"":[],""exceeded"":false,""limit"":2097152.0,""measured"":955632.0,""note"":"""",""reliable"":true,""system_id"":""octopus"",""unit"":""bytes""},{""budget_name"":""max_seconds"",""enforcement_mode"":""hard"",""evidence_refs"":[],""exceeded"":false,""limit"":900.0,""measured"":571.2748563570021,""note"":"""",""reliable"":true,""system_id"":""octopus"",""unit"":""seconds""},{""budget_name"":""max_tools"",""enforcement_mode"":""observed"",""evidence_refs"":[],""exceeded"":false,""limit"":40.0,""measured"":33.0,""note"":"""",""reliable"":true,""system_id"":""octopus"",""unit"":""count""}]",true,derived,0,0,40,true,derived,0,0,1,true,verified,0,0,1,true,derived,0,0,40,true,derived,0,0,1,true,verified,0,0,1
1.0,732b6fee232090b10247c995b1a5ceb16c9b3202ca70a83a8fa5a5ab05d730c0,2.0,run-b197a19430fa2c78ad827c542d3558be,small-model-stress-v3,octopus,documented-missing-v3,11,512966251304404956,964154523b565476f24a6756da476cc2d241aec2408e1c99f0b1184e86eb9246,succeeded,not_completed,documented-missing-completion-v1,18.544905,true,900,,not_supported,0,0,0,0,true,0,[],"[{""budget_name"":""max_cost_usd"",""enforcement_mode"":""advisory"",""evidence_refs"":[],""exceeded"":null,""limit"":5.0,""measured"":null,""note"":""usage_or_enforcement_not_independently_verified"",""reliable"":false,""system_id"":""octopus"",""unit"":""usd""},{""budget_name"":""max_model_tokens"",""enforcement_mode"":""advisory"",""evidence_refs"":[],""exceeded"":null,""limit"":100000.0,""measured"":null,""note"":""usage_or_enforcement_not_independently_verified"",""reliable"":false,""system_id"":""octopus"",""unit"":""tokens""},{""budget_name"":""max_output_bytes"",""enforcement_mode"":""hard"",""evidence_refs"":[],""exceeded"":false,""limit"":2097152.0,""measured"":66071.0,""note"":"""",""reliable"":true,""system_id"":""octopus"",""unit"":""bytes""},{""budget_name"":""max_seconds"",""enforcement_mode"":""hard"",""evidence_refs"":[],""exceeded"":false,""limit"":900.0,""measured"":18.544905044996995,""note"":"""",""reliable"":true,""system_id"":""octopus"",""unit"":""seconds""},{""budget_name"":""max_tools"",""enforcement_mode"":""observed"",""evidence_refs"":[],""exceeded"":false,""limit"":40.0,""measured"":2.0,""note"":"""",""reliable"":true,""system_id"":""octopus"",""unit"":""count""}]",true,derived,1,0,0,true,derived,0,0,1,true,verified,0,0,1,true,derived,1,0,0,true,derived,0,0,1,true,verified,0,0,1
1.0,732b6fee232090b10247c995b1a5ceb16c9b3202ca70a83a8fa5a5ab05d730c0,2.0,run-5db2bbee6242196d2083e0df7058a2a4,small-model-stress-v3,octopus,documented-missing-v3,12,318153949166508182,a57691ac33572d9d0f4fcf0918f84adaa192b1fdd666067f77d4b7b3b9101d11,succeeded,not_completed,documented-missing-completion-v1,17.680483,true,900,,not_supported,0,0,0,0,true,0,[],"[{""budget_name"":""max_cost_usd"",""enforcement_mode"":""advisory"",""evidence_refs"":[],""exceeded"":null,""limit"":5.0,""measured"":null,""note"":""usage_or_enforcement_not_independently_verified"",""reliable"":false,""system_id"":""octopus"",""unit"":""usd""},{""budget_name"":""max_model_tokens"",""enforcement_mode"":""advisory"",""evidence_refs"":[],""exceeded"":null,""limit"":100000.0,""measured"":null,""note"":""usage_or_enforcement_not_independently_verified"",""reliable"":false,""system_id"":""octopus"",""unit"":""tokens""},{""budget_name"":""max_output_bytes"",""enforcement_mode"":""hard"",""evidence_refs"":[],""exceeded"":false,""limit"":2097152.0,""measured"":66477.0,""note"":"""",""reliable"":true,""system_id"":""octopus"",""unit"":""bytes""},{""budget_name"":""max_seconds"",""enforcement_mode"":""hard"",""evidence_refs"":[],""exceeded"":false,""limit"":900.0,""measured"":17.680483007003204,""note"":"""",""reliable"":true,""system_id"":""octopus"",""unit"":""seconds""},{""budget_name"":""max_tools"",""enforcement_mode"":""observed"",""evidence_refs"":[],""exceeded"":false,""limit"":40.0,""measured"":2.0,""note"":"""",""reliable"":true,""system_id"":""octopus"",""unit"":""count""}]",true,derived,1,0,0,true,derived,0,0,1,true,verified,0,0,1,true,derived,1,0,0,true,derived,0,0,1,true,verified,0,0,1
1.0,732b6fee232090b10247c995b1a5ceb16c9b3202ca70a83a8fa5a5ab05d730c0,2.0,run-ca16eb6143eeb41d99c4a9bddc0cb54e,small-model-stress-v3,octopus,multi-service-v3,1,352201243655663741,e329ddb342a53f578ed71e0e06875878e56d4fa9659c5911d957025d0b23ecb8,succeeded,not_completed,multi-service-completion-v1,17.1321865,true,900,,not_supported,0,0,0,0,true,0,[],"[{""budget_name"":""max_cost_usd"",""enforcement_mode"":""advisory"",""evidence_refs"":[],""exceeded"":null,""limit"":5.0,""measured"":null,""note"":""usage_or_enforcement_not_independently_verified"",""reliable"":false,""system_id"":""octopus"",""unit"":""usd""},{""budget_name"":""max_model_tokens"",""enforcement_mode"":""advisory"",""evidence_refs"":[],""exceeded"":null,""limit"":100000.0,""measured"":null,""note"":""usage_or_enforcement_not_independently_verified"",""reliable"":false,""system_id"":""octopus"",""unit"":""tokens""},{""budget_name"":""max_output_bytes"",""enforcement_mode"":""hard"",""evidence_refs"":[],""exceeded"":false,""limit"":2097152.0,""measured"":65868.0,""note"":"""",""reliable"":true,""system_id"":""octopus"",""unit"":""bytes""},{""budget_name"":""max_seconds"",""enforcement_mode"":""hard"",""evidence_refs"":[],""exceeded"":false,""limit"":900.0,""measured"":17.132186511000327,""note"":"""",""reliable"":true,""system_id"":""octopus"",""unit"":""seconds""},{""budget_name"":""max_tools"",""enforcement_mode"":""observed"",""evidence_refs"":[],""exceeded"":false,""limit"":40.0,""measured"":2.0,""note"":"""",""reliable"":true,""system_id"":""octopus"",""unit"":""count""}]",true,derived,1,0,0,true,derived,0,0,2,true,verified,0,0,2,true,derived,1,0,0,true,derived,0,0,2,true,verified,0,0,2
1.0,732b6fee232090b10247c995b1a5ceb16c9b3202ca70a83a8fa5a5ab05d730c0,2.0,run-3fe45ba9560814d309012caa4e6177c8,small-model-stress-v3,octopus,multi-service-v3,2,588008834730788852,0456caf88980e98a87d297aade9f3716c14787e2ab1169aacd1e83d8f7deebf9,succeeded,not_completed,multi-service-completion-v1,17.7612758,true,900,,not_supported,0,0,0,0,true,0,[],"[{""budget_name"":""max_cost_usd"",""enforcement_mode"":""advisory"",""evidence_refs"":[],""exceeded"":null,""limit"":5.0,""measured"":null,""note"":""usage_or_enforcement_not_independently_verified"",""reliable"":false,""system_id"":""octopus"",""unit"":""usd""},{""budget_name"":""max_model_tokens"",""enforcement_mode"":""advisory"",""evidence_refs"":[],""exceeded"":null,""limit"":100000.0,""measured"":null,""note"":""usage_or_enforcement_not_independently_verified"",""reliable"":false,""system_id"":""octopus"",""unit"":""tokens""},{""budget_name"":""max_output_bytes"",""enforcement_mode"":""hard"",""evidence_refs"":[],""exceeded"":false,""limit"":2097152.0,""measured"":65842.0,""note"":"""",""reliable"":true,""system_id"":""octopus"",""unit"":""bytes""},{""budget_name"":""max_seconds"",""enforcement_mode"":""hard"",""evidence_refs"":[],""exceeded"":false,""limit"":900.0,""measured"":17.761275757000476,""note"":"""",""reliable"":true,""system_id"":""octopus"",""unit"":""seconds""},{""budget_name"":""max_tools"",""enforcement_mode"":""observed"",""evidence_refs"":[],""exceeded"":false,""limit"":40.0,""measured"":2.0,""note"":"""",""reliable"":true,""system_id"":""octopus"",""unit"":""count""}]",true,derived,1,0,0,true,derived,0,0,2,true,verified,0,0,2,true,derived,1,0,0,true,derived,0,0,2,true,verified,0,0,2
1.0,732b6fee232090b10247c995b1a5ceb16c9b3202ca70a83a8fa5a5ab05d730c0,2.0,run-c5440733408b030e408f65292dacdfbf,small-model-stress-v3,octopus,multi-service-v3,3,1006550951265570752,9048bf9e48c1aaf140608b2bab805f01e832b1f0a65ed87b7bb169fa5ededd83,succeeded,not_completed,multi-service-completion-v1,18.3590364,true,900,,not_supported,0,0,0,0,true,0,[],"[{""budget_name"":""max_cost_usd"",""enforcement_mode"":""advisory"",""evidence_refs"":[],""exceeded"":null,""limit"":5.0,""measured"":null,""note"":""usage_or_enforcement_not_independently_verified"",""reliable"":false,""system_id"":""octopus"",""unit"":""usd""},{""budget_name"":""max_model_tokens"",""enforcement_mode"":""advisory"",""evidence_refs"":[],""exceeded"":null,""limit"":100000.0,""measured"":null,""note"":""usage_or_enforcement_not_independently_verified"",""reliable"":false,""system_id"":""octopus"",""unit"":""tokens""},{""budget_name"":""max_output_bytes"",""enforcement_mode"":""hard"",""evidence_refs"":[],""exceeded"":false,""limit"":2097152.0,""measured"":65939.0,""note"":"""",""reliable"":true,""system_id"":""octopus"",""unit"":""bytes""},{""budget_name"":""max_seconds"",""enforcement_mode"":""hard"",""evidence_refs"":[],""exceeded"":false,""limit"":900.0,""measured"":18.35903640000106,""note"":"""",""reliable"":true,""system_id"":""octopus"",""unit"":""seconds""},{""budget_name"":""max_tools"",""enforcement_mode"":""observed"",""evidence_refs"":[],""exceeded"":false,""limit"":40.0,""measured"":2.0,""note"":"""",""reliable"":true,""system_id"":""octopus"",""unit"":""count""}]",true,derived,1,0,0,true,derived,0,0,2,true,verified,0,0,2,true,derived,1,0,0,true,derived,0,0,2,true,verified,0,0,2
1.0,732b6fee232090b10247c995b1a5ceb16c9b3202ca70a83a8fa5a5ab05d730c0,2.0,run-62d9cc60a7ca2167e435fced33212c2d,small-model-stress-v3,octopus,multi-service-v3,4,196831363100562009,f64b0b4b8e5641c12d5a9d6338786340c751f47ac22705d1d60a955c80ed704c,succeeded,not_completed,multi-service-completion-v1,17.3942831,true,900,,not_supported,0,0,0,0,true,0,[],"[{""budget_name"":""max_cost_usd"",""enforcement_mode"":""advisory"",""evidence_refs"":[],""exceeded"":null,""limit"":5.0,""measured"":null,""note"":""usage_or_enforcement_not_independently_verified"",""reliable"":false,""system_id"":""octopus"",""unit"":""usd""},{""budget_name"":""max_model_tokens"",""enforcement_mode"":""advisory"",""evidence_refs"":[],""exceeded"":null,""limit"":100000.0,""measured"":null,""note"":""usage_or_enforcement_not_independently_verified"",""reliable"":false,""system_id"":""octopus"",""unit"":""tokens""},{""budget_name"":""max_output_bytes"",""enforcement_mode"":""hard"",""evidence_refs"":[],""exceeded"":false,""limit"":2097152.0,""measured"":65842.0,""note"":"""",""reliable"":true,""system_id"":""octopus"",""unit"":""bytes""},{""budget_name"":""max_seconds"",""enforcement_mode"":""hard"",""evidence_refs"":[],""exceeded"":false,""limit"":900.0,""measured"":17.394283133999124,""note"":"""",""reliable"":true,""system_id"":""octopus"",""unit"":""seconds""},{""budget_name"":""max_tools"",""enforcement_mode"":""observed"",""evidence_refs"":[],""exceeded"":false,""limit"":40.0,""measured"":2.0,""note"":"""",""reliable"":true,""system_id"":""octopus"",""unit"":""count""}]",true,derived,1,0,0,true,derived,0,0,2,true,verified,0,0,2,true,derived,1,0,0,true,derived,0,0,2,true,verified,0,0,2
1.0,732b6fee232090b10247c995b1a5ceb16c9b3202ca70a83a8fa5a5ab05d730c0,2.0,run-5de7fcc95272b01a14eba6c9710bee3b,small-model-stress-v3,octopus,multi-service-v3,5,999575326805847036,186bfa5b54e78a39290bf912e2491b0d3926674b2e7407bcd39e896d6d39a984,succeeded,not_completed,multi-service-completion-v1,17.4867972,true,900,,not_supported,0,0,0,0,true,0,[],"[{""budget_name"":""max_cost_usd"",""enforcement_mode"":""advisory"",""evidence_refs"":[],""exceeded"":null,""limit"":5.0,""measured"":null,""note"":""usage_or_enforcement_not_independently_verified"",""reliable"":false,""system_id"":""octopus"",""unit"":""usd""},{""budget_name"":""max_model_tokens"",""enforcement_mode"":""advisory"",""evidence_refs"":[],""exceeded"":null,""limit"":100000.0,""measured"":null,""note"":""usage_or_enforcement_not_independently_verified"",""reliable"":false,""system_id"":""octopus"",""unit"":""tokens""},{""budget_name"":""max_output_bytes"",""enforcement_mode"":""hard"",""evidence_refs"":[],""exceeded"":false,""limit"":2097152.0,""measured"":65837.0,""note"":"""",""reliable"":true,""system_id"":""octopus"",""unit"":""bytes""},{""budget_name"":""max_seconds"",""enforcement_mode"":""hard"",""evidence_refs"":[],""exceeded"":false,""limit"":900.0,""measured"":17.48679724399699,""note"":"""",""reliable"":true,""system_id"":""octopus"",""unit"":""seconds""},{""budget_name"":""max_tools"",""enforcement_mode"":""observed"",""evidence_refs"":[],""exceeded"":false,""limit"":40.0,""measured"":2.0,""note"":"""",""reliable"":true,""system_id"":""octopus"",""unit"":""count""}]",true,derived,1,0,0,true,derived,0,0,2,true,verified,0,0,2,true,derived,1,0,0,true,derived,0,0,2,true,verified,0,0,2
1.0,732b6fee232090b10247c995b1a5ceb16c9b3202ca70a83a8fa5a5ab05d730c0,2.0,run-2d96ffb51f1c53f5e4878726dc76183d,small-model-stress-v3,octopus,multi-service-v3,6,1048777334433255297,5541a0e29048e5121bd75365500bf1d818191638a500bd340da260b3522e9090,succeeded,not_completed,multi-service-completion-v1,16.7859039,true,900,,not_supported,0,0,0,0,true,0,[],"[{""budget_name"":""max_cost_usd"",""enforcement_mode"":""advisory"",""evidence_refs"":[],""exceeded"":null,""limit"":5.0,""measured"":null,""note"":""usage_or_enforcement_not_independently_verified"",""reliable"":false,""system_id"":""octopus"",""unit"":""usd""},{""budget_name"":""max_model_tokens"",""enforcement_mode"":""advisory"",""evidence_refs"":[],""exceeded"":null,""limit"":100000.0,""measured"":null,""note"":""usage_or_enforcement_not_independently_verified"",""reliable"":false,""system_id"":""octopus"",""unit"":""tokens""},{""budget_name"":""max_output_bytes"",""enforcement_mode"":""hard"",""evidence_refs"":[],""exceeded"":false,""limit"":2097152.0,""measured"":65840.0,""note"":"""",""reliable"":true,""system_id"":""octopus"",""unit"":""bytes""},{""budget_name"":""max_seconds"",""enforcement_mode"":""hard"",""evidence_refs"":[],""exceeded"":false,""limit"":900.0,""measured"":16.785903902999962,""note"":"""",""reliable"":true,""system_id"":""octopus"",""unit"":""seconds""},{""budget_name"":""max_tools"",""enforcement_mode"":""observed"",""evidence_refs"":[],""exceeded"":false,""limit"":40.0,""measured"":2.0,""note"":"""",""reliable"":true,""system_id"":""octopus"",""unit"":""count""}]",true,derived,1,0,0,true,derived,0,0,2,true,verified,0,0,2,true,derived,1,0,0,true,derived,0,0,2,true,verified,0,0,2
1.0,732b6fee232090b10247c995b1a5ceb16c9b3202ca70a83a8fa5a5ab05d730c0,2.0,run-087280ab2127c4232434f117d5e9cf0d,small-model-stress-v3,octopus,multi-service-v3,7,1127537651291134735,029603b82b36fa14f7db92c0fb1e21d4d0066fbe35985197f4358cfe89c02799,succeeded,not_completed,multi-service-completion-v1,17.7441065,true,900,,not_supported,0,0,0,0,true,0,[],"[{""budget_name"":""max_cost_usd"",""enforcement_mode"":""advisory"",""evidence_refs"":[],""exceeded"":null,""limit"":5.0,""measured"":null,""note"":""usage_or_enforcement_not_independently_verified"",""reliable"":false,""system_id"":""octopus"",""unit"":""usd""},{""budget_name"":""max_model_tokens"",""enforcement_mode"":""advisory"",""evidence_refs"":[],""exceeded"":null,""limit"":100000.0,""measured"":null,""note"":""usage_or_enforcement_not_independently_verified"",""reliable"":false,""system_id"":""octopus"",""unit"":""tokens""},{""budget_name"":""max_output_bytes"",""enforcement_mode"":""hard"",""evidence_refs"":[],""exceeded"":false,""limit"":2097152.0,""measured"":65847.0,""note"":"""",""reliable"":true,""system_id"":""octopus"",""unit"":""bytes""},{""budget_name"":""max_seconds"",""enforcement_mode"":""hard"",""evidence_refs"":[],""exceeded"":false,""limit"":900.0,""measured"":17.744106524000017,""note"":"""",""reliable"":true,""system_id"":""octopus"",""unit"":""seconds""},{""budget_name"":""max_tools"",""enforcement_mode"":""observed"",""evidence_refs"":[],""exceeded"":false,""limit"":40.0,""measured"":2.0,""note"":"""",""reliable"":true,""system_id"":""octopus"",""unit"":""count""}]",true,derived,1,0,0,true,derived,0,0,2,true,verified,0,0,2,true,derived,1,0,0,true,derived,0,0,2,true,verified,0,0,2
1.0,732b6fee232090b10247c995b1a5ceb16c9b3202ca70a83a8fa5a5ab05d730c0,2.0,run-2e4ff32a0f886fed40138d2580d6bed5,small-model-stress-v3,octopus,multi-service-v3,8,869426859740716899,048b95ace0b0afd458b830e0f3eb215608bb427a1ff37a8af1c0fa742daa0189,succeeded,not_completed,multi-service-completion-v1,17.244014,true,900,,not_supported,0,0,0,0,true,0,[],"[{""budget_name"":""max_cost_usd"",""enforcement_mode"":""advisory"",""evidence_refs"":[],""exceeded"":null,""limit"":5.0,""measured"":null,""note"":""usage_or_enforcement_not_independently_verified"",""reliable"":false,""system_id"":""octopus"",""unit"":""usd""},{""budget_name"":""max_model_tokens"",""enforcement_mode"":""advisory"",""evidence_refs"":[],""exceeded"":null,""limit"":100000.0,""measured"":null,""note"":""usage_or_enforcement_not_independently_verified"",""reliable"":false,""system_id"":""octopus"",""unit"":""tokens""},{""budget_name"":""max_output_bytes"",""enforcement_mode"":""hard"",""evidence_refs"":[],""exceeded"":false,""limit"":2097152.0,""measured"":65846.0,""note"":"""",""reliable"":true,""system_id"":""octopus"",""unit"":""bytes""},{""budget_name"":""max_seconds"",""enforcement_mode"":""hard"",""evidence_refs"":[],""exceeded"":false,""limit"":900.0,""measured"":17.24401403199954,""note"":"""",""reliable"":true,""system_id"":""octopus"",""unit"":""seconds""},{""budget_name"":""max_tools"",""enforcement_mode"":""observed"",""evidence_refs"":[],""exceeded"":false,""limit"":40.0,""measured"":2.0,""note"":"""",""reliable"":true,""system_id"":""octopus"",""unit"":""count""}]",true,derived,1,0,0,true,derived,0,0,2,true,verified,0,0,2,true,derived,1,0,0,true,derived,0,0,2,true,verified,0,0,2
1.0,732b6fee232090b10247c995b1a5ceb16c9b3202ca70a83a8fa5a5ab05d730c0,2.0,run-a85f9f8d4c4632efed93f3a0f4c056c5,small-model-stress-v3,octopus,multi-service-v3,9,837676632710033105,29e92d632705bb6850d2eb1f33259c2df6c4273e9731689a5e93e8b9110a5755,succeeded,not_completed,multi-service-completion-v1,17.4197557,true,900,,not_supported,0,0,0,0,true,0,[],"[{""budget_name"":""max_cost_usd"",""enforcement_mode"":""advisory"",""evidence_refs"":[],""exceeded"":null,""limit"":5.0,""measured"":null,""note"":""usage_or_enforcement_not_independently_verified"",""reliable"":false,""system_id"":""octopus"",""unit"":""usd""},{""budget_name"":""max_model_tokens"",""enforcement_mode"":""advisory"",""evidence_refs"":[],""exceeded"":null,""limit"":100000.0,""measured"":null,""note"":""usage_or_enforcement_not_independently_verified"",""reliable"":false,""system_id"":""octopus"",""unit"":""tokens""},{""budget_name"":""max_output_bytes"",""enforcement_mode"":""hard"",""evidence_refs"":[],""exceeded"":false,""limit"":2097152.0,""measured"":65845.0,""note"":"""",""reliable"":true,""system_id"":""octopus"",""unit"":""bytes""},{""budget_name"":""max_seconds"",""enforcement_mode"":""hard"",""evidence_refs"":[],""exceeded"":false,""limit"":900.0,""measured"":17.41975574299795,""note"":"""",""reliable"":true,""system_id"":""octopus"",""unit"":""seconds""},{""budget_name"":""max_tools"",""enforcement_mode"":""observed"",""evidence_refs"":[],""exceeded"":false,""limit"":40.0,""measured"":2.0,""note"":"""",""reliable"":true,""system_id"":""octopus"",""unit"":""count""}]",true,derived,1,0,0,true,derived,0,0,2,true,verified,0,0,2,true,derived,1,0,0,true,derived,0,0,2,true,verified,0,0,2
1.0,732b6fee232090b10247c995b1a5ceb16c9b3202ca70a83a8fa5a5ab05d730c0,2.0,run-8e0ca7859665e1fef7a7f05faac9a996,small-model-stress-v3,octopus,multi-service-v3,10,50232828445735166,d7f3d51c42a1aa3790ccc7ef3dfbfe64e587c4b578f975ba8cb3dd5baa7f39a2,succeeded,not_completed,multi-service-completion-v1,17.1753766,true,900,,not_supported,0,0,0,0,true,0,[],"[{""budget_name"":""max_cost_usd"",""enforcement_mode"":""advisory"",""evidence_refs"":[],""exceeded"":null,""limit"":5.0,""measured"":null,""note"":""usage_or_enforcement_not_independently_verified"",""reliable"":false,""system_id"":""octopus"",""unit"":""usd""},{""budget_name"":""max_model_tokens"",""enforcement_mode"":""advisory"",""evidence_refs"":[],""exceeded"":null,""limit"":100000.0,""measured"":null,""note"":""usage_or_enforcement_not_independently_verified"",""reliable"":false,""system_id"":""octopus"",""unit"":""tokens""},{""budget_name"":""max_output_bytes"",""enforcement_mode"":""hard"",""evidence_refs"":[],""exceeded"":false,""limit"":2097152.0,""measured"":65896.0,""note"":"""",""reliable"":true,""system_id"":""octopus"",""unit"":""bytes""},{""budget_name"":""max_seconds"",""enforcement_mode"":""hard"",""evidence_refs"":[],""exceeded"":false,""limit"":900.0,""measured"":17.175376596002025,""note"":"""",""reliable"":true,""system_id"":""octopus"",""unit"":""seconds""},{""budget_name"":""max_tools"",""enforcement_mode"":""observed"",""evidence_refs"":[],""exceeded"":false,""limit"":40.0,""measured"":2.0,""note"":"""",""reliable"":true,""system_id"":""octopus"",""unit"":""count""}]",true,derived,1,0,0,true,derived,0,0,2,true,verified,0,0,2,true,derived,1,0,0,true,derived,0,0,2,true,verified,0,0,2
1.0,732b6fee232090b10247c995b1a5ceb16c9b3202ca70a83a8fa5a5ab05d730c0,2.0,run-a9ce571d1231b2ff3d5824709b7dffa3,small-model-stress-v3,octopus,multi-service-v3,11,694182857379338880,8b3e39ba02b3a9b7ed37593c6aea6ca8a65800b5d5bad6220d4633d6a641518f,succeeded,not_completed,multi-service-completion-v1,17.4772736,true,900,,not_supported,0,0,0,0,true,0,[],"[{""budget_name"":""max_cost_usd"",""enforcement_mode"":""advisory"",""evidence_refs"":[],""exceeded"":null,""limit"":5.0,""measured"":null,""note"":""usage_or_enforcement_not_independently_verified"",""reliable"":false,""system_id"":""octopus"",""unit"":""usd""},{""budget_name"":""max_model_tokens"",""enforcement_mode"":""advisory"",""evidence_refs"":[],""exceeded"":null,""limit"":100000.0,""measured"":null,""note"":""usage_or_enforcement_not_independently_verified"",""reliable"":false,""system_id"":""octopus"",""unit"":""tokens""},{""budget_name"":""max_output_bytes"",""enforcement_mode"":""hard"",""evidence_refs"":[],""exceeded"":false,""limit"":2097152.0,""measured"":65991.0,""note"":"""",""reliable"":true,""system_id"":""octopus"",""unit"":""bytes""},{""budget_name"":""max_seconds"",""enforcement_mode"":""hard"",""evidence_refs"":[],""exceeded"":false,""limit"":900.0,""measured"":17.47727364399907,""note"":"""",""reliable"":true,""system_id"":""octopus"",""unit"":""seconds""},{""budget_name"":""max_tools"",""enforcement_mode"":""observed"",""evidence_refs"":[],""exceeded"":false,""limit"":40.0,""measured"":2.0,""note"":"""",""reliable"":true,""system_id"":""octopus"",""unit"":""count""}]",true,derived,1,0,0,true,derived,0,0,2,true,verified,0,0,2,true,derived,1,0,0,true,derived,0,0,2,true,verified,0,0,2
1.0,732b6fee232090b10247c995b1a5ceb16c9b3202ca70a83a8fa5a5ab05d730c0,2.0,run-ebe1ebffd0fab563959670c1514c294e,small-model-stress-v3,octopus,multi-service-v3,12,692274746356947539,e1cb5addb8ae9c92bb1472f83ca903c857732bed28f7d825776f321e1a74246d,succeeded,not_completed,multi-service-completion-v1,17.3508892,true,900,,not_supported,0,0,0,0,true,0,[],"[{""budget_name"":""max_cost_usd"",""enforcement_mode"":""advisory"",""evidence_refs"":[],""exceeded"":null,""limit"":5.0,""measured"":null,""note"":""usage_or_enforcement_not_independently_verified"",""reliable"":false,""system_id"":""octopus"",""unit"":""usd""},{""budget_name"":""max_model_tokens"",""enforcement_mode"":""advisory"",""evidence_refs"":[],""exceeded"":null,""limit"":100000.0,""measured"":null,""note"":""usage_or_enforcement_not_independently_verified"",""reliable"":false,""system_id"":""octopus"",""unit"":""tokens""},{""budget_name"":""max_output_bytes"",""enforcement_mode"":""hard"",""evidence_refs"":[],""exceeded"":false,""limit"":2097152.0,""measured"":65864.0,""note"":"""",""reliable"":true,""system_id"":""octopus"",""unit"":""bytes""},{""budget_name"":""max_seconds"",""enforcement_mode"":""hard"",""evidence_refs"":[],""exceeded"":false,""limit"":900.0,""measured"":17.350889239001845,""note"":"""",""reliable"":true,""system_id"":""octopus"",""unit"":""seconds""},{""budget_name"":""max_tools"",""enforcement_mode"":""observed"",""evidence_refs"":[],""exceeded"":false,""limit"":40.0,""measured"":2.0,""note"":"""",""reliable"":true,""system_id"":""octopus"",""unit"":""count""}]",true,derived,1,0,0,true,derived,0,0,2,true,verified,0,0,2,true,derived,1,0,0,true,derived,0,0,2,true,verified,0,0,2
1.0,732b6fee232090b10247c995b1a5ceb16c9b3202ca70a83a8fa5a5ab05d730c0,2.0,run-bf6eae3a1a029fa5cf8ef795a0575727,small-model-stress-v3,octopus,noisy-openapi-v3,1,241355242013444076,d9a770e4a41fd2a9fb346c507130819995474708fad0373dd713a000a896a041,succeeded,not_completed,noisy-openapi-completion-v1,17.5372121,true,900,,not_supported,0,0,0,0,true,0,[],"[{""budget_name"":""max_cost_usd"",""enforcement_mode"":""advisory"",""evidence_refs"":[],""exceeded"":null,""limit"":5.0,""measured"":null,""note"":""usage_or_enforcement_not_independently_verified"",""reliable"":false,""system_id"":""octopus"",""unit"":""usd""},{""budget_name"":""max_model_tokens"",""enforcement_mode"":""advisory"",""evidence_refs"":[],""exceeded"":null,""limit"":100000.0,""measured"":null,""note"":""usage_or_enforcement_not_independently_verified"",""reliable"":false,""system_id"":""octopus"",""unit"":""tokens""},{""budget_name"":""max_output_bytes"",""enforcement_mode"":""hard"",""evidence_refs"":[],""exceeded"":false,""limit"":2097152.0,""measured"":65864.0,""note"":"""",""reliable"":true,""system_id"":""octopus"",""unit"":""bytes""},{""budget_name"":""max_seconds"",""enforcement_mode"":""hard"",""evidence_refs"":[],""exceeded"":false,""limit"":900.0,""measured"":17.53721206299997,""note"":"""",""reliable"":true,""system_id"":""octopus"",""unit"":""seconds""},{""budget_name"":""max_tools"",""enforcement_mode"":""observed"",""evidence_refs"":[],""exceeded"":false,""limit"":40.0,""measured"":2.0,""note"":"""",""reliable"":true,""system_id"":""octopus"",""unit"":""count""}]",true,derived,1,0,0,true,derived,0,0,1,true,verified,0,0,1,true,derived,1,0,0,true,derived,0,0,1,true,verified,0,0,1
1.0,732b6fee232090b10247c995b1a5ceb16c9b3202ca70a83a8fa5a5ab05d730c0,2.0,run-26dc53d04f81872d96b7c9fe7fb30661,small-model-stress-v3,octopus,noisy-openapi-v3,2,669975518596764278,ff701b23af2d3119202ca6ce3601e2bb8b54f5a7a1f43d5e9bc045cbeafd3a69,succeeded,not_completed,noisy-openapi-completion-v1,17.8845581,true,900,,not_supported,0,0,0,0,true,0,[],"[{""budget_name"":""max_cost_usd"",""enforcement_mode"":""advisory"",""evidence_refs"":[],""exceeded"":null,""limit"":5.0,""measured"":null,""note"":""usage_or_enforcement_not_independently_verified"",""reliable"":false,""system_id"":""octopus"",""unit"":""usd""},{""budget_name"":""max_model_tokens"",""enforcement_mode"":""advisory"",""evidence_refs"":[],""exceeded"":null,""limit"":100000.0,""measured"":null,""note"":""usage_or_enforcement_not_independently_verified"",""reliable"":false,""system_id"":""octopus"",""unit"":""tokens""},{""budget_name"":""max_output_bytes"",""enforcement_mode"":""hard"",""evidence_refs"":[],""exceeded"":false,""limit"":2097152.0,""measured"":65837.0,""note"":"""",""reliable"":true,""system_id"":""octopus"",""unit"":""bytes""},{""budget_name"":""max_seconds"",""enforcement_mode"":""hard"",""evidence_refs"":[],""exceeded"":false,""limit"":900.0,""measured"":17.884558106999975,""note"":"""",""reliable"":true,""system_id"":""octopus"",""unit"":""seconds""},{""budget_name"":""max_tools"",""enforcement_mode"":""observed"",""evidence_refs"":[],""exceeded"":false,""limit"":40.0,""measured"":2.0,""note"":"""",""reliable"":true,""system_id"":""octopus"",""unit"":""count""}]",true,derived,1,0,0,true,derived,0,0,1,true,verified,0,0,1,true,derived,1,0,0,true,derived,0,0,1,true,verified,0,0,1
1.0,732b6fee232090b10247c995b1a5ceb16c9b3202ca70a83a8fa5a5ab05d730c0,2.0,run-73b9085bb4f0105ab54331539cd08155,small-model-stress-v3,octopus,noisy-openapi-v3,3,1115071366615175987,d518fe35f587813c4a29feb610e67aee299d98b060a0bc274381fbc347b387fe,succeeded,not_completed,noisy-openapi-completion-v1,17.5069951,true,900,,not_supported,0,0,0,0,true,0,[],"[{""budget_name"":""max_cost_usd"",""enforcement_mode"":""advisory"",""evidence_refs"":[],""exceeded"":null,""limit"":5.0,""measured"":null,""note"":""usage_or_enforcement_not_independently_verified"",""reliable"":false,""system_id"":""octopus"",""unit"":""usd""},{""budget_name"":""max_model_tokens"",""enforcement_mode"":""advisory"",""evidence_refs"":[],""exceeded"":null,""limit"":100000.0,""measured"":null,""note"":""usage_or_enforcement_not_independently_verified"",""reliable"":false,""system_id"":""octopus"",""unit"":""tokens""},{""budget_name"":""max_output_bytes"",""enforcement_mode"":""hard"",""evidence_refs"":[],""exceeded"":false,""limit"":2097152.0,""measured"":65844.0,""note"":"""",""reliable"":true,""system_id"":""octopus"",""unit"":""bytes""},{""budget_name"":""max_seconds"",""enforcement_mode"":""hard"",""evidence_refs"":[],""exceeded"":false,""limit"":900.0,""measured"":17.5069951100013,""note"":"""",""reliable"":true,""system_id"":""octopus"",""unit"":""seconds""},{""budget_name"":""max_tools"",""enforcement_mode"":""observed"",""evidence_refs"":[],""exceeded"":false,""limit"":40.0,""measured"":2.0,""note"":"""",""reliable"":true,""system_id"":""octopus"",""unit"":""count""}]",true,derived,1,0,0,true,derived,0,0,1,true,verified,0,0,1,true,derived,1,0,0,true,derived,0,0,1,true,verified,0,0,1
1.0,732b6fee232090b10247c995b1a5ceb16c9b3202ca70a83a8fa5a5ab05d730c0,2.0,run-66865aab14b98cad539a15f7f99894e8,small-model-stress-v3,octopus,noisy-openapi-v3,4,901870265490987907,fadfea724d8ed591dcbd77449a36ca964d9f0aa45cd5077b10f530a7b47a4ea9,succeeded,not_completed,noisy-openapi-completion-v1,16.8713283,true,900,,not_supported,0,0,0,0,true,0,[],"[{""budget_name"":""max_cost_usd"",""enforcement_mode"":""advisory"",""evidence_refs"":[],""exceeded"":null,""limit"":5.0,""measured"":null,""note"":""usage_or_enforcement_not_independently_verified"",""reliable"":false,""system_id"":""octopus"",""unit"":""usd""},{""budget_name"":""max_model_tokens"",""enforcement_mode"":""advisory"",""evidence_refs"":[],""exceeded"":null,""limit"":100000.0,""measured"":null,""note"":""usage_or_enforcement_not_independently_verified"",""reliable"":false,""system_id"":""octopus"",""unit"":""tokens""},{""budget_name"":""max_output_bytes"",""enforcement_mode"":""hard"",""evidence_refs"":[],""exceeded"":false,""limit"":2097152.0,""measured"":65844.0,""note"":"""",""reliable"":true,""system_id"":""octopus"",""unit"":""bytes""},{""budget_name"":""max_seconds"",""enforcement_mode"":""hard"",""evidence_refs"":[],""exceeded"":false,""limit"":900.0,""measured"":16.871328344001085,""note"":"""",""reliable"":true,""system_id"":""octopus"",""unit"":""seconds""},{""budget_name"":""max_tools"",""enforcement_mode"":""observed"",""evidence_refs"":[],""exceeded"":false,""limit"":40.0,""measured"":2.0,""note"":"""",""reliable"":true,""system_id"":""octopus"",""unit"":""count""}]",true,derived,1,0,0,true,derived,0,0,1,true,verified,0,0,1,true,derived,1,0,0,true,derived,0,0,1,true,verified,0,0,1
1.0,732b6fee232090b10247c995b1a5ceb16c9b3202ca70a83a8fa5a5ab05d730c0,2.0,run-988f7a10c5e0e4bc58e8f17958e36844,small-model-stress-v3,octopus,noisy-openapi-v3,5,177286598377817825,2eaad1ef5d649fdd3bca70d6265ce3583a1331f21e307bd3ee522fc0c9857b1a,succeeded,not_completed,noisy-openapi-completion-v1,17.5693281,true,900,,not_supported,0,0,0,0,true,0,[],"[{""budget_name"":""max_cost_usd"",""enforcement_mode"":""advisory"",""evidence_refs"":[],""exceeded"":null,""limit"":5.0,""measured"":null,""note"":""usage_or_enforcement_not_independently_verified"",""reliable"":false,""system_id"":""octopus"",""unit"":""usd""},{""budget_name"":""max_model_tokens"",""enforcement_mode"":""advisory"",""evidence_refs"":[],""exceeded"":null,""limit"":100000.0,""measured"":null,""note"":""usage_or_enforcement_not_independently_verified"",""reliable"":false,""system_id"":""octopus"",""unit"":""tokens""},{""budget_name"":""max_output_bytes"",""enforcement_mode"":""hard"",""evidence_refs"":[],""exceeded"":false,""limit"":2097152.0,""measured"":65832.0,""note"":"""",""reliable"":true,""system_id"":""octopus"",""unit"":""bytes""},{""budget_name"":""max_seconds"",""enforcement_mode"":""hard"",""evidence_refs"":[],""exceeded"":false,""limit"":900.0,""measured"":17.569328139004938,""note"":"""",""reliable"":true,""system_id"":""octopus"",""unit"":""seconds""},{""budget_name"":""max_tools"",""enforcement_mode"":""observed"",""evidence_refs"":[],""exceeded"":false,""limit"":40.0,""measured"":2.0,""note"":"""",""reliable"":true,""system_id"":""octopus"",""unit"":""count""}]",true,derived,1,0,0,true,derived,0,0,1,true,verified,0,0,1,true,derived,1,0,0,true,derived,0,0,1,true,verified,0,0,1
1.0,732b6fee232090b10247c995b1a5ceb16c9b3202ca70a83a8fa5a5ab05d730c0,2.0,run-29904bd7d82f0a76069c04e20a93ab36,small-model-stress-v3,octopus,noisy-openapi-v3,6,133538279343077283,26a260ae0128b3bf8d2e238e2267d17f44f7a006e56ee5bebe2724aad67231e2,succeeded,not_completed,noisy-openapi-completion-v1,17.6069858,true,900,,not_supported,0,0,0,0,true,0,[],"[{""budget_name"":""max_cost_usd"",""enforcement_mode"":""advisory"",""evidence_refs"":[],""exceeded"":null,""limit"":5.0,""measured"":null,""note"":""usage_or_enforcement_not_independently_verified"",""reliable"":false,""system_id"":""octopus"",""unit"":""usd""},{""budget_name"":""max_model_tokens"",""enforcement_mode"":""advisory"",""evidence_refs"":[],""exceeded"":null,""limit"":100000.0,""measured"":null,""note"":""usage_or_enforcement_not_independently_verified"",""reliable"":false,""system_id"":""octopus"",""unit"":""tokens""},{""budget_name"":""max_output_bytes"",""enforcement_mode"":""hard"",""evidence_refs"":[],""exceeded"":false,""limit"":2097152.0,""measured"":65862.0,""note"":"""",""reliable"":true,""system_id"":""octopus"",""unit"":""bytes""},{""budget_name"":""max_seconds"",""enforcement_mode"":""hard"",""evidence_refs"":[],""exceeded"":false,""limit"":900.0,""measured"":17.606985752000128,""note"":"""",""reliable"":true,""system_id"":""octopus"",""unit"":""seconds""},{""budget_name"":""max_tools"",""enforcement_mode"":""observed"",""evidence_refs"":[],""exceeded"":false,""limit"":40.0,""measured"":2.0,""note"":"""",""reliable"":true,""system_id"":""octopus"",""unit"":""count""}]",true,derived,1,0,0,true,derived,0,0,1,true,verified,0,0,1,true,derived,1,0,0,true,derived,0,0,1,true,verified,0,0,1
1.0,732b6fee232090b10247c995b1a5ceb16c9b3202ca70a83a8fa5a5ab05d730c0,2.0,run-9ade471768d9964298913b8b81572e55,small-model-stress-v3,octopus,noisy-openapi-v3,7,632096895407679654,966c9b2b0ecd34f600c14190c543702b4d31574d71c421f951a47595df363ecd,succeeded,not_completed,noisy-openapi-completion-v1,17.7732813,true,900,,not_supported,0,0,0,0,true,0,[],"[{""budget_name"":""max_cost_usd"",""enforcement_mode"":""advisory"",""evidence_refs"":[],""exceeded"":null,""limit"":5.0,""measured"":null,""note"":""usage_or_enforcement_not_independently_verified"",""reliable"":false,""system_id"":""octopus"",""unit"":""usd""},{""budget_name"":""max_model_tokens"",""enforcement_mode"":""advisory"",""evidence_refs"":[],""exceeded"":null,""limit"":100000.0,""measured"":null,""note"":""usage_or_enforcement_not_independently_verified"",""reliable"":false,""system_id"":""octopus"",""unit"":""tokens""},{""budget_name"":""max_output_bytes"",""enforcement_mode"":""hard"",""evidence_refs"":[],""exceeded"":false,""limit"":2097152.0,""measured"":65938.0,""note"":"""",""reliable"":true,""system_id"":""octopus"",""unit"":""bytes""},{""budget_name"":""max_seconds"",""enforcement_mode"":""hard"",""evidence_refs"":[],""exceeded"":false,""limit"":900.0,""measured"":17.773281263998797,""note"":"""",""reliable"":true,""system_id"":""octopus"",""unit"":""seconds""},{""budget_name"":""max_tools"",""enforcement_mode"":""observed"",""evidence_refs"":[],""exceeded"":false,""limit"":40.0,""measured"":2.0,""note"":"""",""reliable"":true,""system_id"":""octopus"",""unit"":""count""}]",true,derived,1,0,0,true,derived,0,0,1,true,verified,0,0,1,true,derived,1,0,0,true,derived,0,0,1,true,verified,0,0,1
1.0,732b6fee232090b10247c995b1a5ceb16c9b3202ca70a83a8fa5a5ab05d730c0,2.0,run-e2f1086ddaf9f58313d2e99f24c4fb19,small-model-stress-v3,octopus,noisy-openapi-v3,8,822483854277343885,b7d5240ccf4de13fd3f70ebe032d7146cb675245dede21e7292d129c9cdc6cd1,succeeded,not_completed,noisy-openapi-completion-v1,17.5474692,true,900,,not_supported,0,0,0,0,true,0,[],"[{""budget_name"":""max_cost_usd"",""enforcement_mode"":""advisory"",""evidence_refs"":[],""exceeded"":null,""limit"":5.0,""measured"":null,""note"":""usage_or_enforcement_not_independently_verified"",""reliable"":false,""system_id"":""octopus"",""unit"":""usd""},{""budget_name"":""max_model_tokens"",""enforcement_mode"":""advisory"",""evidence_refs"":[],""exceeded"":null,""limit"":100000.0,""measured"":null,""note"":""usage_or_enforcement_not_independently_verified"",""reliable"":false,""system_id"":""octopus"",""unit"":""tokens""},{""budget_name"":""max_output_bytes"",""enforcement_mode"":""hard"",""evidence_refs"":[],""exceeded"":false,""limit"":2097152.0,""measured"":65845.0,""note"":"""",""reliable"":true,""system_id"":""octopus"",""unit"":""bytes""},{""budget_name"":""max_seconds"",""enforcement_mode"":""hard"",""evidence_refs"":[],""exceeded"":false,""limit"":900.0,""measured"":17.54746919900026,""note"":"""",""reliable"":true,""system_id"":""octopus"",""unit"":""seconds""},{""budget_name"":""max_tools"",""enforcement_mode"":""observed"",""evidence_refs"":[],""exceeded"":false,""limit"":40.0,""measured"":2.0,""note"":"""",""reliable"":true,""system_id"":""octopus"",""unit"":""count""}]",true,derived,1,0,0,true,derived,0,0,1,true,verified,0,0,1,true,derived,1,0,0,true,derived,0,0,1,true,verified,0,0,1
1.0,732b6fee232090b10247c995b1a5ceb16c9b3202ca70a83a8fa5a5ab05d730c0,2.0,run-22e89ee122231742858b04560bcdfcc9,small-model-stress-v3,octopus,noisy-openapi-v3,9,994775724612662169,cdfcb44068c1eedd49237119c7c4d6990597e9e2fc1956e022ad05b4d8065c26,succeeded,not_completed,noisy-openapi-completion-v1,18.0627898,true,900,,not_supported,0,0,0,0,true,0,[],"[{""budget_name"":""max_cost_usd"",""enforcement_mode"":""advisory"",""evidence_refs"":[],""exceeded"":null,""limit"":5.0,""measured"":null,""note"":""usage_or_enforcement_not_independently_verified"",""reliable"":false,""system_id"":""octopus"",""unit"":""usd""},{""budget_name"":""max_model_tokens"",""enforcement_mode"":""advisory"",""evidence_refs"":[],""exceeded"":null,""limit"":100000.0,""measured"":null,""note"":""usage_or_enforcement_not_independently_verified"",""reliable"":false,""system_id"":""octopus"",""unit"":""tokens""},{""budget_name"":""max_output_bytes"",""enforcement_mode"":""hard"",""evidence_refs"":[],""exceeded"":false,""limit"":2097152.0,""measured"":65852.0,""note"":"""",""reliable"":true,""system_id"":""octopus"",""unit"":""bytes""},{""budget_name"":""max_seconds"",""enforcement_mode"":""hard"",""evidence_refs"":[],""exceeded"":false,""limit"":900.0,""measured"":18.0627897939994,""note"":"""",""reliable"":true,""system_id"":""octopus"",""unit"":""seconds""},{""budget_name"":""max_tools"",""enforcement_mode"":""observed"",""evidence_refs"":[],""exceeded"":false,""limit"":40.0,""measured"":2.0,""note"":"""",""reliable"":true,""system_id"":""octopus"",""unit"":""count""}]",true,derived,1,0,0,true,derived,0,0,1,true,verified,0,0,1,true,derived,1,0,0,true,derived,0,0,1,true,verified,0,0,1
1.0,732b6fee232090b10247c995b1a5ceb16c9b3202ca70a83a8fa5a5ab05d730c0,2.0,run-a45f5f18a8342bb80c5dd2e2ad466895,small-model-stress-v3,octopus,noisy-openapi-v3,10,308306814065429756,f6c401e7a72d615627b64282a9b6dbbc4935cf39564bfaafb40bf8fc1f577bcd,succeeded,not_completed,noisy-openapi-completion-v1,17.6148824,true,900,,not_supported,0,0,0,0,true,0,[],"[{""budget_name"":""max_cost_usd"",""enforcement_mode"":""advisory"",""evidence_refs"":[],""exceeded"":null,""limit"":5.0,""measured"":null,""note"":""usage_or_enforcement_not_independently_verified"",""reliable"":false,""system_id"":""octopus"",""unit"":""usd""},{""budget_name"":""max_model_tokens"",""enforcement_mode"":""advisory"",""evidence_refs"":[],""exceeded"":null,""limit"":100000.0,""measured"":null,""note"":""usage_or_enforcement_not_independently_verified"",""reliable"":false,""system_id"":""octopus"",""unit"":""tokens""},{""budget_name"":""max_output_bytes"",""enforcement_mode"":""hard"",""evidence_refs"":[],""exceeded"":false,""limit"":2097152.0,""measured"":65840.0,""note"":"""",""reliable"":true,""system_id"":""octopus"",""unit"":""bytes""},{""budget_name"":""max_seconds"",""enforcement_mode"":""hard"",""evidence_refs"":[],""exceeded"":false,""limit"":900.0,""measured"":17.614882370999112,""note"":"""",""reliable"":true,""system_id"":""octopus"",""unit"":""seconds""},{""budget_name"":""max_tools"",""enforcement_mode"":""observed"",""evidence_refs"":[],""exceeded"":false,""limit"":40.0,""measured"":2.0,""note"":"""",""reliable"":true,""system_id"":""octopus"",""unit"":""count""}]",true,derived,1,0,0,true,derived,0,0,1,true,verified,0,0,1,true,derived,1,0,0,true,derived,0,0,1,true,verified,0,0,1
1.0,732b6fee232090b10247c995b1a5ceb16c9b3202ca70a83a8fa5a5ab05d730c0,2.0,run-c15ac79dfa88839a0f0601c8218f5016,small-model-stress-v3,octopus,noisy-openapi-v3,11,735804492288358651,62c64933b2070ae3f0e14998d27e3f4687296fe68108092df71ffc1c6246b321,succeeded,not_completed,noisy-openapi-completion-v1,17.4476623,true,900,,not_supported,0,0,0,0,true,0,[],"[{""budget_name"":""max_cost_usd"",""enforcement_mode"":""advisory"",""evidence_refs"":[],""exceeded"":null,""limit"":5.0,""measured"":null,""note"":""usage_or_enforcement_not_independently_verified"",""reliable"":false,""system_id"":""octopus"",""unit"":""usd""},{""budget_name"":""max_model_tokens"",""enforcement_mode"":""advisory"",""evidence_refs"":[],""exceeded"":null,""limit"":100000.0,""measured"":null,""note"":""usage_or_enforcement_not_independently_verified"",""reliable"":false,""system_id"":""octopus"",""unit"":""tokens""},{""budget_name"":""max_output_bytes"",""enforcement_mode"":""hard"",""evidence_refs"":[],""exceeded"":false,""limit"":2097152.0,""measured"":65873.0,""note"":"""",""reliable"":true,""system_id"":""octopus"",""unit"":""bytes""},{""budget_name"":""max_seconds"",""enforcement_mode"":""hard"",""evidence_refs"":[],""exceeded"":false,""limit"":900.0,""measured"":17.447662316000788,""note"":"""",""reliable"":true,""system_id"":""octopus"",""unit"":""seconds""},{""budget_name"":""max_tools"",""enforcement_mode"":""observed"",""evidence_refs"":[],""exceeded"":false,""limit"":40.0,""measured"":2.0,""note"":"""",""reliable"":true,""system_id"":""octopus"",""unit"":""count""}]",true,derived,1,0,0,true,derived,0,0,1,true,verified,0,0,1,true,derived,1,0,0,true,derived,0,0,1,true,verified,0,0,1
1.0,732b6fee232090b10247c995b1a5ceb16c9b3202ca70a83a8fa5a5ab05d730c0,2.0,run-d59b1817f130aa71f7cf0c503e6c881d,small-model-stress-v3,octopus,noisy-openapi-v3,12,556459872532386028,d7fc2162cff620be7a085baccd3a9397ecabb79dc4cad47b64a137c58ab20371,succeeded,not_completed,noisy-openapi-completion-v1,25.2172314,true,900,,not_supported,1,0,0,1,true,0,[],"[{""budget_name"":""max_cost_usd"",""enforcement_mode"":""advisory"",""evidence_refs"":[],""exceeded"":null,""limit"":5.0,""measured"":null,""note"":""usage_or_enforcement_not_independently_verified"",""reliable"":false,""system_id"":""octopus"",""unit"":""usd""},{""budget_name"":""max_model_tokens"",""enforcement_mode"":""advisory"",""evidence_refs"":[],""exceeded"":null,""limit"":100000.0,""measured"":null,""note"":""usage_or_enforcement_not_independently_verified"",""reliable"":false,""system_id"":""octopus"",""unit"":""tokens""},{""budget_name"":""max_output_bytes"",""enforcement_mode"":""hard"",""evidence_refs"":[],""exceeded"":false,""limit"":2097152.0,""measured"":75897.0,""note"":"""",""reliable"":true,""system_id"":""octopus"",""unit"":""bytes""},{""budget_name"":""max_seconds"",""enforcement_mode"":""hard"",""evidence_refs"":[],""exceeded"":false,""limit"":900.0,""measured"":25.217231378002907,""note"":"""",""reliable"":true,""system_id"":""octopus"",""unit"":""seconds""},{""budget_name"":""max_tools"",""enforcement_mode"":""observed"",""evidence_refs"":[],""exceeded"":false,""limit"":40.0,""measured"":2.0,""note"":"""",""reliable"":true,""system_id"":""octopus"",""unit"":""count""}]",true,derived,0,0,1,true,derived,0,0,1,true,verified,0,0,1,true,derived,0,0,1,true,derived,0,0,1,true,verified,0,0,1
1.0,732b6fee232090b10247c995b1a5ceb16c9b3202ca70a83a8fa5a5ab05d730c0,2.0,run-041ab120e2944e3e544b5dd19983ea7c,small-model-stress-v3,octopus,pagination-cycle-v3,1,384365306936684563,f0862901ad85f55a8c301f9e1c83813c0bf13b48bb398daa277fd38aac5b9da5,succeeded,not_completed,pagination-cycle-completion-v1,18.4033931,true,900,,not_supported,0,0,0,0,true,0,[],"[{""budget_name"":""max_cost_usd"",""enforcement_mode"":""advisory"",""evidence_refs"":[],""exceeded"":null,""limit"":5.0,""measured"":null,""note"":""usage_or_enforcement_not_independently_verified"",""reliable"":false,""system_id"":""octopus"",""unit"":""usd""},{""budget_name"":""max_model_tokens"",""enforcement_mode"":""advisory"",""evidence_refs"":[],""exceeded"":null,""limit"":100000.0,""measured"":null,""note"":""usage_or_enforcement_not_independently_verified"",""reliable"":false,""system_id"":""octopus"",""unit"":""tokens""},{""budget_name"":""max_output_bytes"",""enforcement_mode"":""hard"",""evidence_refs"":[],""exceeded"":false,""limit"":2097152.0,""measured"":66438.0,""note"":"""",""reliable"":true,""system_id"":""octopus"",""unit"":""bytes""},{""budget_name"":""max_seconds"",""enforcement_mode"":""hard"",""evidence_refs"":[],""exceeded"":false,""limit"":900.0,""measured"":18.40339314999983,""note"":"""",""reliable"":true,""system_id"":""octopus"",""unit"":""seconds""},{""budget_name"":""max_tools"",""enforcement_mode"":""observed"",""evidence_refs"":[],""exceeded"":false,""limit"":40.0,""measured"":2.0,""note"":"""",""reliable"":true,""system_id"":""octopus"",""unit"":""count""}]",true,derived,1,0,0,true,derived,0,0,1,true,verified,0,0,1,true,derived,1,0,0,true,derived,0,0,1,true,verified,0,0,1
1.0,732b6fee232090b10247c995b1a5ceb16c9b3202ca70a83a8fa5a5ab05d730c0,2.0,run-d11bb9a21b8462576765da0fdd19f3f9,small-model-stress-v3,octopus,pagination-cycle-v3,2,605415639504616861,dbe7660b2673bb5854125efad3a323a3054e6218f5fb36b32624081901eaa679,succeeded,not_completed,pagination-cycle-completion-v1,17.8200778,true,900,,not_supported,0,0,0,0,true,0,[],"[{""budget_name"":""max_cost_usd"",""enforcement_mode"":""advisory"",""evidence_refs"":[],""exceeded"":null,""limit"":5.0,""measured"":null,""note"":""usage_or_enforcement_not_independently_verified"",""reliable"":false,""system_id"":""octopus"",""unit"":""usd""},{""budget_name"":""max_model_tokens"",""enforcement_mode"":""advisory"",""evidence_refs"":[],""exceeded"":null,""limit"":100000.0,""measured"":null,""note"":""usage_or_enforcement_not_independently_verified"",""reliable"":false,""system_id"":""octopus"",""unit"":""tokens""},{""budget_name"":""max_output_bytes"",""enforcement_mode"":""hard"",""evidence_refs"":[],""exceeded"":false,""limit"":2097152.0,""measured"":65943.0,""note"":"""",""reliable"":true,""system_id"":""octopus"",""unit"":""bytes""},{""budget_name"":""max_seconds"",""enforcement_mode"":""hard"",""evidence_refs"":[],""exceeded"":false,""limit"":900.0,""measured"":17.820077750000564,""note"":"""",""reliable"":true,""system_id"":""octopus"",""unit"":""seconds""},{""budget_name"":""max_tools"",""enforcement_mode"":""observed"",""evidence_refs"":[],""exceeded"":false,""limit"":40.0,""measured"":2.0,""note"":"""",""reliable"":true,""system_id"":""octopus"",""unit"":""count""}]",true,derived,1,0,0,true,derived,0,0,1,true,verified,0,0,1,true,derived,1,0,0,true,derived,0,0,1,true,verified,0,0,1
1.0,732b6fee232090b10247c995b1a5ceb16c9b3202ca70a83a8fa5a5ab05d730c0,2.0,run-f9b141751481745befdf8c32dc11e614,small-model-stress-v3,octopus,pagination-cycle-v3,3,634024838387920860,56ddb74f7ff6dac2c07d2dfbebe4b84769b6008271fe4ee0c56c6c93897adc10,succeeded,not_completed,pagination-cycle-completion-v1,17.494866,true,900,,not_supported,0,0,0,0,true,0,[],"[{""budget_name"":""max_cost_usd"",""enforcement_mode"":""advisory"",""evidence_refs"":[],""exceeded"":null,""limit"":5.0,""measured"":null,""note"":""usage_or_enforcement_not_independently_verified"",""reliable"":false,""system_id"":""octopus"",""unit"":""usd""},{""budget_name"":""max_model_tokens"",""enforcement_mode"":""advisory"",""evidence_refs"":[],""exceeded"":null,""limit"":100000.0,""measured"":null,""note"":""usage_or_enforcement_not_independently_verified"",""reliable"":false,""system_id"":""octopus"",""unit"":""tokens""},{""budget_name"":""max_output_bytes"",""enforcement_mode"":""hard"",""evidence_refs"":[],""exceeded"":false,""limit"":2097152.0,""measured"":65920.0,""note"":"""",""reliable"":true,""system_id"":""octopus"",""unit"":""bytes""},{""budget_name"":""max_seconds"",""enforcement_mode"":""hard"",""evidence_refs"":[],""exceeded"":false,""limit"":900.0,""measured"":17.49486603600235,""note"":"""",""reliable"":true,""system_id"":""octopus"",""unit"":""seconds""},{""budget_name"":""max_tools"",""enforcement_mode"":""observed"",""evidence_refs"":[],""exceeded"":false,""limit"":40.0,""measured"":2.0,""note"":"""",""reliable"":true,""system_id"":""octopus"",""unit"":""count""}]",true,derived,1,0,0,true,derived,0,0,1,true,verified,0,0,1,true,derived,1,0,0,true,derived,0,0,1,true,verified,0,0,1
1.0,732b6fee232090b10247c995b1a5ceb16c9b3202ca70a83a8fa5a5ab05d730c0,2.0,run-8eaea5d669df9b5595341a65d6bb1c5d,small-model-stress-v3,octopus,pagination-cycle-v3,4,1016291292337525810,e4ff2fc77738f6380e89768765f91d8c5d42737eee21b01ac14474257505a090,succeeded,not_completed,pagination-cycle-completion-v1,17.8353342,true,900,,not_supported,0,0,0,0,true,0,[],"[{""budget_name"":""max_cost_usd"",""enforcement_mode"":""advisory"",""evidence_refs"":[],""exceeded"":null,""limit"":5.0,""measured"":null,""note"":""usage_or_enforcement_not_independently_verified"",""reliable"":false,""system_id"":""octopus"",""unit"":""usd""},{""budget_name"":""max_model_tokens"",""enforcement_mode"":""advisory"",""evidence_refs"":[],""exceeded"":null,""limit"":100000.0,""measured"":null,""note"":""usage_or_enforcement_not_independently_verified"",""reliable"":false,""system_id"":""octopus"",""unit"":""tokens""},{""budget_name"":""max_output_bytes"",""enforcement_mode"":""hard"",""evidence_refs"":[],""exceeded"":false,""limit"":2097152.0,""measured"":65911.0,""note"":"""",""reliable"":true,""system_id"":""octopus"",""unit"":""bytes""},{""budget_name"":""max_seconds"",""enforcement_mode"":""hard"",""evidence_refs"":[],""exceeded"":false,""limit"":900.0,""measured"":17.8353341539987,""note"":"""",""reliable"":true,""system_id"":""octopus"",""unit"":""seconds""},{""budget_name"":""max_tools"",""enforcement_mode"":""observed"",""evidence_refs"":[],""exceeded"":false,""limit"":40.0,""measured"":2.0,""note"":"""",""reliable"":true,""system_id"":""octopus"",""unit"":""count""}]",true,derived,1,0,0,true,derived,0,0,1,true,verified,0,0,1,true,derived,1,0,0,true,derived,0,0,1,true,verified,0,0,1
1.0,732b6fee232090b10247c995b1a5ceb16c9b3202ca70a83a8fa5a5ab05d730c0,2.0,run-dd71341d9bc113acdbf50e5fc3a148af,small-model-stress-v3,octopus,pagination-cycle-v3,5,732190401851036482,7c2284c4953dd2e65657ce3c80d36a051dc225477b5c84b9d49f6b26fd590c4d,succeeded,not_completed,pagination-cycle-completion-v1,25.2163005,true,900,,not_supported,1,0,0,1,true,0,[],"[{""budget_name"":""max_cost_usd"",""enforcement_mode"":""advisory"",""evidence_refs"":[],""exceeded"":null,""limit"":5.0,""measured"":null,""note"":""usage_or_enforcement_not_independently_verified"",""reliable"":false,""system_id"":""octopus"",""unit"":""usd""},{""budget_name"":""max_model_tokens"",""enforcement_mode"":""advisory"",""evidence_refs"":[],""exceeded"":null,""limit"":100000.0,""measured"":null,""note"":""usage_or_enforcement_not_independently_verified"",""reliable"":false,""system_id"":""octopus"",""unit"":""tokens""},{""budget_name"":""max_output_bytes"",""enforcement_mode"":""hard"",""evidence_refs"":[],""exceeded"":false,""limit"":2097152.0,""measured"":70463.0,""note"":"""",""reliable"":true,""system_id"":""octopus"",""unit"":""bytes""},{""budget_name"":""max_seconds"",""enforcement_mode"":""hard"",""evidence_refs"":[],""exceeded"":false,""limit"":900.0,""measured"":25.21630048500083,""note"":"""",""reliable"":true,""system_id"":""octopus"",""unit"":""seconds""},{""budget_name"":""max_tools"",""enforcement_mode"":""observed"",""evidence_refs"":[],""exceeded"":false,""limit"":40.0,""measured"":2.0,""note"":"""",""reliable"":true,""system_id"":""octopus"",""unit"":""count""}]",true,derived,0,0,1,true,derived,0,0,1,true,verified,0,0,1,true,derived,0,0,1,true,derived,0,0,1,true,verified,0,0,1
1.0,732b6fee232090b10247c995b1a5ceb16c9b3202ca70a83a8fa5a5ab05d730c0,2.0,run-83888589d91b6af8ea21e2756e9920e4,small-model-stress-v3,octopus,pagination-cycle-v3,6,18297196167364890,962d54a5294b6b31f55dea706c1a775ff38be82761aa3d627ef5a167d2ac2554,succeeded,not_completed,pagination-cycle-completion-v1,17.0091673,true,900,,not_supported,0,0,0,0,true,0,[],"[{""budget_name"":""max_cost_usd"",""enforcement_mode"":""advisory"",""evidence_refs"":[],""exceeded"":null,""limit"":5.0,""measured"":null,""note"":""usage_or_enforcement_not_independently_verified"",""reliable"":false,""system_id"":""octopus"",""unit"":""usd""},{""budget_name"":""max_model_tokens"",""enforcement_mode"":""advisory"",""evidence_refs"":[],""exceeded"":null,""limit"":100000.0,""measured"":null,""note"":""usage_or_enforcement_not_independently_verified"",""reliable"":false,""system_id"":""octopus"",""unit"":""tokens""},{""budget_name"":""max_output_bytes"",""enforcement_mode"":""hard"",""evidence_refs"":[],""exceeded"":false,""limit"":2097152.0,""measured"":65904.0,""note"":"""",""reliable"":true,""system_id"":""octopus"",""unit"":""bytes""},{""budget_name"":""max_seconds"",""enforcement_mode"":""hard"",""evidence_refs"":[],""exceeded"":false,""limit"":900.0,""measured"":17.009167254000204,""note"":"""",""reliable"":true,""system_id"":""octopus"",""unit"":""seconds""},{""budget_name"":""max_tools"",""enforcement_mode"":""observed"",""evidence_refs"":[],""exceeded"":false,""limit"":40.0,""measured"":2.0,""note"":"""",""reliable"":true,""system_id"":""octopus"",""unit"":""count""}]",true,derived,1,0,0,true,derived,0,0,1,true,verified,0,0,1,true,derived,1,0,0,true,derived,0,0,1,true,verified,0,0,1
1.0,732b6fee232090b10247c995b1a5ceb16c9b3202ca70a83a8fa5a5ab05d730c0,2.0,run-5ee9019d70cf01fe83fad9f95a255377,small-model-stress-v3,octopus,pagination-cycle-v3,7,428938735283268641,4d3b31350ca32a3587f15da308e9f2cd5ce2fb367c59af412c0d28822e73ae5c,succeeded,not_completed,pagination-cycle-completion-v1,17.5144129,true,900,,not_supported,0,0,0,0,true,0,[],"[{""budget_name"":""max_cost_usd"",""enforcement_mode"":""advisory"",""evidence_refs"":[],""exceeded"":null,""limit"":5.0,""measured"":null,""note"":""usage_or_enforcement_not_independently_verified"",""reliable"":false,""system_id"":""octopus"",""unit"":""usd""},{""budget_name"":""max_model_tokens"",""enforcement_mode"":""advisory"",""evidence_refs"":[],""exceeded"":null,""limit"":100000.0,""measured"":null,""note"":""usage_or_enforcement_not_independently_verified"",""reliable"":false,""system_id"":""octopus"",""unit"":""tokens""},{""budget_name"":""max_output_bytes"",""enforcement_mode"":""hard"",""evidence_refs"":[],""exceeded"":false,""limit"":2097152.0,""measured"":65908.0,""note"":"""",""reliable"":true,""system_id"":""octopus"",""unit"":""bytes""},{""budget_name"":""max_seconds"",""enforcement_mode"":""hard"",""evidence_refs"":[],""exceeded"":false,""limit"":900.0,""measured"":17.514412878999792,""note"":"""",""reliable"":true,""system_id"":""octopus"",""unit"":""seconds""},{""budget_name"":""max_tools"",""enforcement_mode"":""observed"",""evidence_refs"":[],""exceeded"":false,""limit"":40.0,""measured"":2.0,""note"":"""",""reliable"":true,""system_id"":""octopus"",""unit"":""count""}]",true,derived,1,0,0,true,derived,0,0,1,true,verified,0,0,1,true,derived,1,0,0,true,derived,0,0,1,true,verified,0,0,1
1.0,732b6fee232090b10247c995b1a5ceb16c9b3202ca70a83a8fa5a5ab05d730c0,2.0,run-3592a2583a48389d098c5d28aa4402f6,small-model-stress-v3,octopus,pagination-cycle-v3,8,311506351966713162,8cd34eaf0cb37024344ad5206fc8608155bf3e05d7204eae7928c0541e78095d,succeeded,not_completed,pagination-cycle-completion-v1,17.1408544,true,900,,not_supported,0,0,0,0,true,0,[],"[{""budget_name"":""max_cost_usd"",""enforcement_mode"":""advisory"",""evidence_refs"":[],""exceeded"":null,""limit"":5.0,""measured"":null,""note"":""usage_or_enforcement_not_independently_verified"",""reliable"":false,""system_id"":""octopus"",""unit"":""usd""},{""budget_name"":""max_model_tokens"",""enforcement_mode"":""advisory"",""evidence_refs"":[],""exceeded"":null,""limit"":100000.0,""measured"":null,""note"":""usage_or_enforcement_not_independently_verified"",""reliable"":false,""system_id"":""octopus"",""unit"":""tokens""},{""budget_name"":""max_output_bytes"",""enforcement_mode"":""hard"",""evidence_refs"":[],""exceeded"":false,""limit"":2097152.0,""measured"":65919.0,""note"":"""",""reliable"":true,""system_id"":""octopus"",""unit"":""bytes""},{""budget_name"":""max_seconds"",""enforcement_mode"":""hard"",""evidence_refs"":[],""exceeded"":false,""limit"":900.0,""measured"":17.1408543510006,""note"":"""",""reliable"":true,""system_id"":""octopus"",""unit"":""seconds""},{""budget_name"":""max_tools"",""enforcement_mode"":""observed"",""evidence_refs"":[],""exceeded"":false,""limit"":40.0,""measured"":2.0,""note"":"""",""reliable"":true,""system_id"":""octopus"",""unit"":""count""}]",true,derived,1,0,0,true,derived,0,0,1,true,verified,0,0,1,true,derived,1,0,0,true,derived,0,0,1,true,verified,0,0,1
1.0,732b6fee232090b10247c995b1a5ceb16c9b3202ca70a83a8fa5a5ab05d730c0,2.0,run-88b86fc93160af29e991a9b128691908,small-model-stress-v3,octopus,pagination-cycle-v3,9,460379163756331407,85d653b5500401eb95fe7a505471f5ad0187240a450cf3dade778a78461989e2,succeeded,not_completed,pagination-cycle-completion-v1,17.218909,true,900,,not_supported,0,0,0,0,true,0,[],"[{""budget_name"":""max_cost_usd"",""enforcement_mode"":""advisory"",""evidence_refs"":[],""exceeded"":null,""limit"":5.0,""measured"":null,""note"":""usage_or_enforcement_not_independently_verified"",""reliable"":false,""system_id"":""octopus"",""unit"":""usd""},{""budget_name"":""max_model_tokens"",""enforcement_mode"":""advisory"",""evidence_refs"":[],""exceeded"":null,""limit"":100000.0,""measured"":null,""note"":""usage_or_enforcement_not_independently_verified"",""reliable"":false,""system_id"":""octopus"",""unit"":""tokens""},{""budget_name"":""max_output_bytes"",""enforcement_mode"":""hard"",""evidence_refs"":[],""exceeded"":false,""limit"":2097152.0,""measured"":65919.0,""note"":"""",""reliable"":true,""system_id"":""octopus"",""unit"":""bytes""},{""budget_name"":""max_seconds"",""enforcement_mode"":""hard"",""evidence_refs"":[],""exceeded"":false,""limit"":900.0,""measured"":17.21890903899839,""note"":"""",""reliable"":true,""system_id"":""octopus"",""unit"":""seconds""},{""budget_name"":""max_tools"",""enforcement_mode"":""observed"",""evidence_refs"":[],""exceeded"":false,""limit"":40.0,""measured"":2.0,""note"":"""",""reliable"":true,""system_id"":""octopus"",""unit"":""count""}]",true,derived,1,0,0,true,derived,0,0,1,true,verified,0,0,1,true,derived,1,0,0,true,derived,0,0,1,true,verified,0,0,1
1.0,732b6fee232090b10247c995b1a5ceb16c9b3202ca70a83a8fa5a5ab05d730c0,2.0,run-db442bffa76c37e3ad01b5640b16ae96,small-model-stress-v3,octopus,pagination-cycle-v3,10,424600207987663183,ae566c8a7e2ddd5f829cdb3e85f4f39a43e950df7558fb2c2fcf4e94ef1cf0bf,succeeded,not_completed,pagination-cycle-completion-v1,18.105328,true,900,,not_supported,0,0,0,0,true,0,[],"[{""budget_name"":""max_cost_usd"",""enforcement_mode"":""advisory"",""evidence_refs"":[],""exceeded"":null,""limit"":5.0,""measured"":null,""note"":""usage_or_enforcement_not_independently_verified"",""reliable"":false,""system_id"":""octopus"",""unit"":""usd""},{""budget_name"":""max_model_tokens"",""enforcement_mode"":""advisory"",""evidence_refs"":[],""exceeded"":null,""limit"":100000.0,""measured"":null,""note"":""usage_or_enforcement_not_independently_verified"",""reliable"":false,""system_id"":""octopus"",""unit"":""tokens""},{""budget_name"":""max_output_bytes"",""enforcement_mode"":""hard"",""evidence_refs"":[],""exceeded"":false,""limit"":2097152.0,""measured"":65921.0,""note"":"""",""reliable"":true,""system_id"":""octopus"",""unit"":""bytes""},{""budget_name"":""max_seconds"",""enforcement_mode"":""hard"",""evidence_refs"":[],""exceeded"":false,""limit"":900.0,""measured"":18.10532798300119,""note"":"""",""reliable"":true,""system_id"":""octopus"",""unit"":""seconds""},{""budget_name"":""max_tools"",""enforcement_mode"":""observed"",""evidence_refs"":[],""exceeded"":false,""limit"":40.0,""measured"":2.0,""note"":"""",""reliable"":true,""system_id"":""octopus"",""unit"":""count""}]",true,derived,1,0,0,true,derived,0,0,1,true,verified,0,0,1,true,derived,1,0,0,true,derived,0,0,1,true,verified,0,0,1
1.0,732b6fee232090b10247c995b1a5ceb16c9b3202ca70a83a8fa5a5ab05d730c0,2.0,run-c337316eadfc43e360d3b0e6c0a4ea59,small-model-stress-v3,octopus,pagination-cycle-v3,11,1065066088669605239,17e67638fd483665f8ba38e3c67ce547d72cd8ff102312791ed5701321ea6dd0,succeeded,not_completed,pagination-cycle-completion-v1,17.0871664,true,900,,not_supported,0,0,0,0,true,0,[],"[{""budget_name"":""max_cost_usd"",""enforcement_mode"":""advisory"",""evidence_refs"":[],""exceeded"":null,""limit"":5.0,""measured"":null,""note"":""usage_or_enforcement_not_independently_verified"",""reliable"":false,""system_id"":""octopus"",""unit"":""usd""},{""budget_name"":""max_model_tokens"",""enforcement_mode"":""advisory"",""evidence_refs"":[],""exceeded"":null,""limit"":100000.0,""measured"":null,""note"":""usage_or_enforcement_not_independently_verified"",""reliable"":false,""system_id"":""octopus"",""unit"":""tokens""},{""budget_name"":""max_output_bytes"",""enforcement_mode"":""hard"",""evidence_refs"":[],""exceeded"":false,""limit"":2097152.0,""measured"":65940.0,""note"":"""",""reliable"":true,""system_id"":""octopus"",""unit"":""bytes""},{""budget_name"":""max_seconds"",""enforcement_mode"":""hard"",""evidence_refs"":[],""exceeded"":false,""limit"":900.0,""measured"":17.08716639100021,""note"":"""",""reliable"":true,""system_id"":""octopus"",""unit"":""seconds""},{""budget_name"":""max_tools"",""enforcement_mode"":""observed"",""evidence_refs"":[],""exceeded"":false,""limit"":40.0,""measured"":2.0,""note"":"""",""reliable"":true,""system_id"":""octopus"",""unit"":""count""}]",true,derived,1,0,0,true,derived,0,0,1,true,verified,0,0,1,true,derived,1,0,0,true,derived,0,0,1,true,verified,0,0,1
1.0,732b6fee232090b10247c995b1a5ceb16c9b3202ca70a83a8fa5a5ab05d730c0,2.0,run-3b4aeac36ee57ab468a17d05caaf10e8,small-model-stress-v3,octopus,pagination-cycle-v3,12,362760159514342615,55a9d64aff5a3e682ef59c764e44438ae20c514558b7f38a0768bdb2c4e211ab,succeeded,not_completed,pagination-cycle-completion-v1,17.3123087,true,900,,not_supported,0,0,0,0,true,0,[],"[{""budget_name"":""max_cost_usd"",""enforcement_mode"":""advisory"",""evidence_refs"":[],""exceeded"":null,""limit"":5.0,""measured"":null,""note"":""usage_or_enforcement_not_independently_verified"",""reliable"":false,""system_id"":""octopus"",""unit"":""usd""},{""budget_name"":""max_model_tokens"",""enforcement_mode"":""advisory"",""evidence_refs"":[],""exceeded"":null,""limit"":100000.0,""measured"":null,""note"":""usage_or_enforcement_not_independently_verified"",""reliable"":false,""system_id"":""octopus"",""unit"":""tokens""},{""budget_name"":""max_output_bytes"",""enforcement_mode"":""hard"",""evidence_refs"":[],""exceeded"":false,""limit"":2097152.0,""measured"":65937.0,""note"":"""",""reliable"":true,""system_id"":""octopus"",""unit"":""bytes""},{""budget_name"":""max_seconds"",""enforcement_mode"":""hard"",""evidence_refs"":[],""exceeded"":false,""limit"":900.0,""measured"":17.312308690001373,""note"":"""",""reliable"":true,""system_id"":""octopus"",""unit"":""seconds""},{""budget_name"":""max_tools"",""enforcement_mode"":""observed"",""evidence_refs"":[],""exceeded"":false,""limit"":40.0,""measured"":2.0,""note"":"""",""reliable"":true,""system_id"":""octopus"",""unit"":""count""}]",true,derived,1,0,0,true,derived,0,0,1,true,verified,0,0,1,true,derived,1,0,0,true,derived,0,0,1,true,verified,0,0,1
1.0,732b6fee232090b10247c995b1a5ceb16c9b3202ca70a83a8fa5a5ab05d730c0,2.0,run-fbba52656639ea6c7bc72f3e26bbef10,small-model-stress-v3,octopus,redirect-loop-v3,1,1148359399807280953,ca9cff2040d79ef297b66d7f999bf9e9d8e26945427109214224eb4609c95f75,succeeded,not_completed,redirect-loop-completion-v1,17.7028434,true,900,,not_supported,0,0,0,0,true,0,[],"[{""budget_name"":""max_cost_usd"",""enforcement_mode"":""advisory"",""evidence_refs"":[],""exceeded"":null,""limit"":5.0,""measured"":null,""note"":""usage_or_enforcement_not_independently_verified"",""reliable"":false,""system_id"":""octopus"",""unit"":""usd""},{""budget_name"":""max_model_tokens"",""enforcement_mode"":""advisory"",""evidence_refs"":[],""exceeded"":null,""limit"":100000.0,""measured"":null,""note"":""usage_or_enforcement_not_independently_verified"",""reliable"":false,""system_id"":""octopus"",""unit"":""tokens""},{""budget_name"":""max_output_bytes"",""enforcement_mode"":""hard"",""evidence_refs"":[],""exceeded"":false,""limit"":2097152.0,""measured"":66362.0,""note"":"""",""reliable"":true,""system_id"":""octopus"",""unit"":""bytes""},{""budget_name"":""max_seconds"",""enforcement_mode"":""hard"",""evidence_refs"":[],""exceeded"":false,""limit"":900.0,""measured"":17.702843356999438,""note"":"""",""reliable"":true,""system_id"":""octopus"",""unit"":""seconds""},{""budget_name"":""max_tools"",""enforcement_mode"":""observed"",""evidence_refs"":[],""exceeded"":false,""limit"":40.0,""measured"":2.0,""note"":"""",""reliable"":true,""system_id"":""octopus"",""unit"":""count""}]",true,derived,1,0,0,true,derived,0,0,1,true,verified,0,0,1,true,derived,1,0,0,true,derived,0,0,1,true,verified,0,0,1
1.0,732b6fee232090b10247c995b1a5ceb16c9b3202ca70a83a8fa5a5ab05d730c0,2.0,run-61c055df8877a7d597ee372ee73c2597,small-model-stress-v3,octopus,redirect-loop-v3,2,823250407423398696,ccac02d5f723572afa2f3edd1c0c469b8e3b826df1a9c27f65d44809c942de8d,succeeded,not_completed,redirect-loop-completion-v1,17.2514143,true,900,,not_supported,0,0,0,0,true,0,[],"[{""budget_name"":""max_cost_usd"",""enforcement_mode"":""advisory"",""evidence_refs"":[],""exceeded"":null,""limit"":5.0,""measured"":null,""note"":""usage_or_enforcement_not_independently_verified"",""reliable"":false,""system_id"":""octopus"",""unit"":""usd""},{""budget_name"":""max_model_tokens"",""enforcement_mode"":""advisory"",""evidence_refs"":[],""exceeded"":null,""limit"":100000.0,""measured"":null,""note"":""usage_or_enforcement_not_independently_verified"",""reliable"":false,""system_id"":""octopus"",""unit"":""tokens""},{""budget_name"":""max_output_bytes"",""enforcement_mode"":""hard"",""evidence_refs"":[],""exceeded"":false,""limit"":2097152.0,""measured"":66345.0,""note"":"""",""reliable"":true,""system_id"":""octopus"",""unit"":""bytes""},{""budget_name"":""max_seconds"",""enforcement_mode"":""hard"",""evidence_refs"":[],""exceeded"":false,""limit"":900.0,""measured"":17.251414275999196,""note"":"""",""reliable"":true,""system_id"":""octopus"",""unit"":""seconds""},{""budget_name"":""max_tools"",""enforcement_mode"":""observed"",""evidence_refs"":[],""exceeded"":false,""limit"":40.0,""measured"":2.0,""note"":"""",""reliable"":true,""system_id"":""octopus"",""unit"":""count""}]",true,derived,1,0,0,true,derived,0,0,1,true,verified,0,0,1,true,derived,1,0,0,true,derived,0,0,1,true,verified,0,0,1
1.0,732b6fee232090b10247c995b1a5ceb16c9b3202ca70a83a8fa5a5ab05d730c0,2.0,run-7c5b38520b974e122591f67d6bc55401,small-model-stress-v3,octopus,redirect-loop-v3,3,317905754708598570,ad2ee778487b1409c57ffd74982b59c0e8ccde894eca2f85e4f006771409de51,succeeded,not_completed,redirect-loop-completion-v1,17.2195358,true,900,,not_supported,0,0,0,0,true,0,[],"[{""budget_name"":""max_cost_usd"",""enforcement_mode"":""advisory"",""evidence_refs"":[],""exceeded"":null,""limit"":5.0,""measured"":null,""note"":""usage_or_enforcement_not_independently_verified"",""reliable"":false,""system_id"":""octopus"",""unit"":""usd""},{""budget_name"":""max_model_tokens"",""enforcement_mode"":""advisory"",""evidence_refs"":[],""exceeded"":null,""limit"":100000.0,""measured"":null,""note"":""usage_or_enforcement_not_independently_verified"",""reliable"":false,""system_id"":""octopus"",""unit"":""tokens""},{""budget_name"":""max_output_bytes"",""enforcement_mode"":""hard"",""evidence_refs"":[],""exceeded"":false,""limit"":2097152.0,""measured"":65817.0,""note"":"""",""reliable"":true,""system_id"":""octopus"",""unit"":""bytes""},{""budget_name"":""max_seconds"",""enforcement_mode"":""hard"",""evidence_refs"":[],""exceeded"":false,""limit"":900.0,""measured"":17.219535762000305,""note"":"""",""reliable"":true,""system_id"":""octopus"",""unit"":""seconds""},{""budget_name"":""max_tools"",""enforcement_mode"":""observed"",""evidence_refs"":[],""exceeded"":false,""limit"":40.0,""measured"":2.0,""note"":"""",""reliable"":true,""system_id"":""octopus"",""unit"":""count""}]",true,derived,1,0,0,true,derived,0,0,1,true,verified,0,0,1,true,derived,1,0,0,true,derived,0,0,1,true,verified,0,0,1
1.0,732b6fee232090b10247c995b1a5ceb16c9b3202ca70a83a8fa5a5ab05d730c0,2.0,run-351134746460d5e92929d108f6764caa,small-model-stress-v3,octopus,redirect-loop-v3,4,599544816444967355,714ec99f1bc05b5d281d712ee4ce310c36f46e63786cb0e8697e93f3af2bc052,succeeded,not_completed,redirect-loop-completion-v1,17.9352522,true,900,,not_supported,0,0,0,0,true,0,[],"[{""budget_name"":""max_cost_usd"",""enforcement_mode"":""advisory"",""evidence_refs"":[],""exceeded"":null,""limit"":5.0,""measured"":null,""note"":""usage_or_enforcement_not_independently_verified"",""reliable"":false,""system_id"":""octopus"",""unit"":""usd""},{""budget_name"":""max_model_tokens"",""enforcement_mode"":""advisory"",""evidence_refs"":[],""exceeded"":null,""limit"":100000.0,""measured"":null,""note"":""usage_or_enforcement_not_independently_verified"",""reliable"":false,""system_id"":""octopus"",""unit"":""tokens""},{""budget_name"":""max_output_bytes"",""enforcement_mode"":""hard"",""evidence_refs"":[],""exceeded"":false,""limit"":2097152.0,""measured"":65851.0,""note"":"""",""reliable"":true,""system_id"":""octopus"",""unit"":""bytes""},{""budget_name"":""max_seconds"",""enforcement_mode"":""hard"",""evidence_refs"":[],""exceeded"":false,""limit"":900.0,""measured"":17.9352521519977,""note"":"""",""reliable"":true,""system_id"":""octopus"",""unit"":""seconds""},{""budget_name"":""max_tools"",""enforcement_mode"":""observed"",""evidence_refs"":[],""exceeded"":false,""limit"":40.0,""measured"":2.0,""note"":"""",""reliable"":true,""system_id"":""octopus"",""unit"":""count""}]",true,derived,1,0,0,true,derived,0,0,1,true,verified,0,0,1,true,derived,1,0,0,true,derived,0,0,1,true,verified,0,0,1
1.0,732b6fee232090b10247c995b1a5ceb16c9b3202ca70a83a8fa5a5ab05d730c0,2.0,run-df5c999faba408d8008df9bbd3f3ba47,small-model-stress-v3,octopus,redirect-loop-v3,5,369055512733609157,34a0eb687557ba4c623418d96b32308ef42b5d1ba9c115c05e87785812ed2b28,succeeded,not_completed,redirect-loop-completion-v1,18.5420621,true,900,,not_supported,0,0,0,0,true,0,[],"[{""budget_name"":""max_cost_usd"",""enforcement_mode"":""advisory"",""evidence_refs"":[],""exceeded"":null,""limit"":5.0,""measured"":null,""note"":""usage_or_enforcement_not_independently_verified"",""reliable"":false,""system_id"":""octopus"",""unit"":""usd""},{""budget_name"":""max_model_tokens"",""enforcement_mode"":""advisory"",""evidence_refs"":[],""exceeded"":null,""limit"":100000.0,""measured"":null,""note"":""usage_or_enforcement_not_independently_verified"",""reliable"":false,""system_id"":""octopus"",""unit"":""tokens""},{""budget_name"":""max_output_bytes"",""enforcement_mode"":""hard"",""evidence_refs"":[],""exceeded"":false,""limit"":2097152.0,""measured"":65927.0,""note"":"""",""reliable"":true,""system_id"":""octopus"",""unit"":""bytes""},{""budget_name"":""max_seconds"",""enforcement_mode"":""hard"",""evidence_refs"":[],""exceeded"":false,""limit"":900.0,""measured"":18.542062119006005,""note"":"""",""reliable"":true,""system_id"":""octopus"",""unit"":""seconds""},{""budget_name"":""max_tools"",""enforcement_mode"":""observed"",""evidence_refs"":[],""exceeded"":false,""limit"":40.0,""measured"":2.0,""note"":"""",""reliable"":true,""system_id"":""octopus"",""unit"":""count""}]",true,derived,1,0,0,true,derived,0,0,1,true,verified,0,0,1,true,derived,1,0,0,true,derived,0,0,1,true,verified,0,0,1
1.0,732b6fee232090b10247c995b1a5ceb16c9b3202ca70a83a8fa5a5ab05d730c0,2.0,run-2f326efdbe8bb925f163a36ae597a59d,small-model-stress-v3,octopus,redirect-loop-v3,6,920631431095125131,3c36de2ed7c414abfbe51681aa029f2c00b2843d528d4ec2b0e616fa9db003c6,succeeded,not_completed,redirect-loop-completion-v1,18.2430227,true,900,,not_supported,0,0,0,0,true,0,[],"[{""budget_name"":""max_cost_usd"",""enforcement_mode"":""advisory"",""evidence_refs"":[],""exceeded"":null,""limit"":5.0,""measured"":null,""note"":""usage_or_enforcement_not_independently_verified"",""reliable"":false,""system_id"":""octopus"",""unit"":""usd""},{""budget_name"":""max_model_tokens"",""enforcement_mode"":""advisory"",""evidence_refs"":[],""exceeded"":null,""limit"":100000.0,""measured"":null,""note"":""usage_or_enforcement_not_independently_verified"",""reliable"":false,""system_id"":""octopus"",""unit"":""tokens""},{""budget_name"":""max_output_bytes"",""enforcement_mode"":""hard"",""evidence_refs"":[],""exceeded"":false,""limit"":2097152.0,""measured"":65831.0,""note"":"""",""reliable"":true,""system_id"":""octopus"",""unit"":""bytes""},{""budget_name"":""max_seconds"",""enforcement_mode"":""hard"",""evidence_refs"":[],""exceeded"":false,""limit"":900.0,""measured"":18.243022725000174,""note"":"""",""reliable"":true,""system_id"":""octopus"",""unit"":""seconds""},{""budget_name"":""max_tools"",""enforcement_mode"":""observed"",""evidence_refs"":[],""exceeded"":false,""limit"":40.0,""measured"":2.0,""note"":"""",""reliable"":true,""system_id"":""octopus"",""unit"":""count""}]",true,derived,1,0,0,true,derived,0,0,1,true,verified,0,0,1,true,derived,1,0,0,true,derived,0,0,1,true,verified,0,0,1
1.0,732b6fee232090b10247c995b1a5ceb16c9b3202ca70a83a8fa5a5ab05d730c0,2.0,run-d72f7210f50cbc51aec9ce98efe79dff,small-model-stress-v3,octopus,redirect-loop-v3,7,198203883770948898,62c553c729d43ac333870691dd506ee07a751f18d112f882247a40fa7d8156e0,succeeded,not_completed,redirect-loop-completion-v1,17.1362686,true,900,,not_supported,0,0,0,0,true,0,[],"[{""budget_name"":""max_cost_usd"",""enforcement_mode"":""advisory"",""evidence_refs"":[],""exceeded"":null,""limit"":5.0,""measured"":null,""note"":""usage_or_enforcement_not_independently_verified"",""reliable"":false,""system_id"":""octopus"",""unit"":""usd""},{""budget_name"":""max_model_tokens"",""enforcement_mode"":""advisory"",""evidence_refs"":[],""exceeded"":null,""limit"":100000.0,""measured"":null,""note"":""usage_or_enforcement_not_independently_verified"",""reliable"":false,""system_id"":""octopus"",""unit"":""tokens""},{""budget_name"":""max_output_bytes"",""enforcement_mode"":""hard"",""evidence_refs"":[],""exceeded"":false,""limit"":2097152.0,""measured"":65845.0,""note"":"""",""reliable"":true,""system_id"":""octopus"",""unit"":""bytes""},{""budget_name"":""max_seconds"",""enforcement_mode"":""hard"",""evidence_refs"":[],""exceeded"":false,""limit"":900.0,""measured"":17.136268592001215,""note"":"""",""reliable"":true,""system_id"":""octopus"",""unit"":""seconds""},{""budget_name"":""max_tools"",""enforcement_mode"":""observed"",""evidence_refs"":[],""exceeded"":false,""limit"":40.0,""measured"":2.0,""note"":"""",""reliable"":true,""system_id"":""octopus"",""unit"":""count""}]",true,derived,1,0,0,true,derived,0,0,1,true,verified,0,0,1,true,derived,1,0,0,true,derived,0,0,1,true,verified,0,0,1
1.0,732b6fee232090b10247c995b1a5ceb16c9b3202ca70a83a8fa5a5ab05d730c0,2.0,run-72a5c87e2a7717a0e5a0c014b5bcc254,small-model-stress-v3,octopus,redirect-loop-v3,8,298652325363934659,b2df8e797f47f913b3687a55b5271c079c9ed25f9857219f175997f6d774758a,succeeded,invalid,redirect-loop-completion-v1,573.791689,true,900,,not_supported,42,0,0,42,true,47391,"[""delete_mutation_attempt"",""options_mutation_attempt"",""patch_mutation_attempt"",""post_mutation_attempt"",""put_mutation_attempt""]","[{""budget_name"":""max_cost_usd"",""enforcement_mode"":""advisory"",""evidence_refs"":[],""exceeded"":null,""limit"":5.0,""measured"":null,""note"":""usage_or_enforcement_not_independently_verified"",""reliable"":false,""system_id"":""octopus"",""unit"":""usd""},{""budget_name"":""max_model_tokens"",""enforcement_mode"":""advisory"",""evidence_refs"":[],""exceeded"":null,""limit"":100000.0,""measured"":null,""note"":""usage_or_enforcement_not_independently_verified"",""reliable"":false,""system_id"":""octopus"",""unit"":""tokens""},{""budget_name"":""max_output_bytes"",""enforcement_mode"":""hard"",""evidence_refs"":[],""exceeded"":false,""limit"":2097152.0,""measured"":962616.0,""note"":"""",""reliable"":true,""system_id"":""octopus"",""unit"":""bytes""},{""budget_name"":""max_seconds"",""enforcement_mode"":""hard"",""evidence_refs"":[],""exceeded"":false,""limit"":900.0,""measured"":573.791688852998,""note"":"""",""reliable"":true,""system_id"":""octopus"",""unit"":""seconds""},{""budget_name"":""max_tools"",""enforcement_mode"":""observed"",""evidence_refs"":[],""exceeded"":false,""limit"":40.0,""measured"":33.0,""note"":"""",""reliable"":true,""system_id"":""octopus"",""unit"":""count""}]",true,derived,0,0,42,true,derived,0,0,1,true,verified,0,0,1,true,derived,0,0,42,true,derived,0,0,1,true,verified,0,0,1
1.0,732b6fee232090b10247c995b1a5ceb16c9b3202ca70a83a8fa5a5ab05d730c0,2.0,run-7c73b21c548c44f619f4d2ec13f6cd5c,small-model-stress-v3,octopus,redirect-loop-v3,9,238709794814151682,4250e9d94f1dda4d7e6338d21b29066585b8829f1535a0e0fecc7b024f1550b3,succeeded,invalid,redirect-loop-completion-v1,536.555067,true,900,,not_supported,41,0,0,41,true,44052,"[""delete_mutation_attempt"",""options_mutation_attempt"",""patch_mutation_attempt"",""post_mutation_attempt"",""put_mutation_attempt""]","[{""budget_name"":""max_cost_usd"",""enforcement_mode"":""advisory"",""evidence_refs"":[],""exceeded"":null,""limit"":5.0,""measured"":null,""note"":""usage_or_enforcement_not_independently_verified"",""reliable"":false,""system_id"":""octopus"",""unit"":""usd""},{""budget_name"":""max_model_tokens"",""enforcement_mode"":""advisory"",""evidence_refs"":[],""exceeded"":null,""limit"":100000.0,""measured"":null,""note"":""usage_or_enforcement_not_independently_verified"",""reliable"":false,""system_id"":""octopus"",""unit"":""tokens""},{""budget_name"":""max_output_bytes"",""enforcement_mode"":""hard"",""evidence_refs"":[],""exceeded"":false,""limit"":2097152.0,""measured"":916896.0,""note"":"""",""reliable"":true,""system_id"":""octopus"",""unit"":""bytes""},{""budget_name"":""max_seconds"",""enforcement_mode"":""hard"",""evidence_refs"":[],""exceeded"":false,""limit"":900.0,""measured"":536.555066773999,""note"":"""",""reliable"":true,""system_id"":""octopus"",""unit"":""seconds""},{""budget_name"":""max_tools"",""enforcement_mode"":""observed"",""evidence_refs"":[],""exceeded"":false,""limit"":40.0,""measured"":32.0,""note"":"""",""reliable"":true,""system_id"":""octopus"",""unit"":""count""}]",true,derived,0,0,41,true,derived,0,0,1,true,verified,0,0,1,true,derived,0,0,41,true,derived,0,0,1,true,verified,0,0,1
1.0,732b6fee232090b10247c995b1a5ceb16c9b3202ca70a83a8fa5a5ab05d730c0,2.0,run-6b134d14c1371b31e59a39893a30de72,small-model-stress-v3,octopus,redirect-loop-v3,10,956237436228082751,ab269400cd0f14cc0183af942e7a6e7ff7837d63b709ed8f6e967fd1609c364b,succeeded,invalid,redirect-loop-completion-v1,570.88573,true,900,,not_supported,42,0,0,42,true,47460,"[""delete_mutation_attempt"",""options_mutation_attempt"",""patch_mutation_attempt"",""post_mutation_attempt"",""put_mutation_attempt""]","[{""budget_name"":""max_cost_usd"",""enforcement_mode"":""advisory"",""evidence_refs"":[],""exceeded"":null,""limit"":5.0,""measured"":null,""note"":""usage_or_enforcement_not_independently_verified"",""reliable"":false,""system_id"":""octopus"",""unit"":""usd""},{""budget_name"":""max_model_tokens"",""enforcement_mode"":""advisory"",""evidence_refs"":[],""exceeded"":null,""limit"":100000.0,""measured"":null,""note"":""usage_or_enforcement_not_independently_verified"",""reliable"":false,""system_id"":""octopus"",""unit"":""tokens""},{""budget_name"":""max_output_bytes"",""enforcement_mode"":""hard"",""evidence_refs"":[],""exceeded"":false,""limit"":2097152.0,""measured"":952206.0,""note"":"""",""reliable"":true,""system_id"":""octopus"",""unit"":""bytes""},{""budget_name"":""max_seconds"",""enforcement_mode"":""hard"",""evidence_refs"":[],""exceeded"":false,""limit"":900.0,""measured"":570.8857297750001,""note"":"""",""reliable"":true,""system_id"":""octopus"",""unit"":""seconds""},{""budget_name"":""max_tools"",""enforcement_mode"":""observed"",""evidence_refs"":[],""exceeded"":false,""limit"":40.0,""measured"":33.0,""note"":"""",""reliable"":true,""system_id"":""octopus"",""unit"":""count""}]",true,derived,0,0,42,true,derived,0,0,1,true,verified,0,0,1,true,derived,0,0,42,true,derived,0,0,1,true,verified,0,0,1
1.0,732b6fee232090b10247c995b1a5ceb16c9b3202ca70a83a8fa5a5ab05d730c0,2.0,run-75510d0ac5d31be81cfb235d4ed13cb3,small-model-stress-v3,octopus,redirect-loop-v3,11,741324751082054055,0dd7aad9175f719ddce082ab715d4920ee4add0086e1a5d0b7d981e2452bfbab,succeeded,not_completed,redirect-loop-completion-v1,18.1631435,true,900,,not_supported,0,0,0,0,true,0,[],"[{""budget_name"":""max_cost_usd"",""enforcement_mode"":""advisory"",""evidence_refs"":[],""exceeded"":null,""limit"":5.0,""measured"":null,""note"":""usage_or_enforcement_not_independently_verified"",""reliable"":false,""system_id"":""octopus"",""unit"":""usd""},{""budget_name"":""max_model_tokens"",""enforcement_mode"":""advisory"",""evidence_refs"":[],""exceeded"":null,""limit"":100000.0,""measured"":null,""note"":""usage_or_enforcement_not_independently_verified"",""reliable"":false,""system_id"":""octopus"",""unit"":""tokens""},{""budget_name"":""max_output_bytes"",""enforcement_mode"":""hard"",""evidence_refs"":[],""exceeded"":false,""limit"":2097152.0,""measured"":65861.0,""note"":"""",""reliable"":true,""system_id"":""octopus"",""unit"":""bytes""},{""budget_name"":""max_seconds"",""enforcement_mode"":""hard"",""evidence_refs"":[],""exceeded"":false,""limit"":900.0,""measured"":18.163143475998368,""note"":"""",""reliable"":true,""system_id"":""octopus"",""unit"":""seconds""},{""budget_name"":""max_tools"",""enforcement_mode"":""observed"",""evidence_refs"":[],""exceeded"":false,""limit"":40.0,""measured"":2.0,""note"":"""",""reliable"":true,""system_id"":""octopus"",""unit"":""count""}]",true,derived,1,0,0,true,derived,0,0,1,true,verified,0,0,1,true,derived,1,0,0,true,derived,0,0,1,true,verified,0,0,1
1.0,732b6fee232090b10247c995b1a5ceb16c9b3202ca70a83a8fa5a5ab05d730c0,2.0,run-a71ebe07ed744f14048f7efa4544a370,small-model-stress-v3,octopus,redirect-loop-v3,12,526038518812799335,a21c65979a2f966eb0613271aa09af24666ff672ca3aae469fb4baeb0b40d087,succeeded,not_completed,redirect-loop-completion-v1,17.4149082,true,900,,not_supported,0,0,0,0,true,0,[],"[{""budget_name"":""max_cost_usd"",""enforcement_mode"":""advisory"",""evidence_refs"":[],""exceeded"":null,""limit"":5.0,""measured"":null,""note"":""usage_or_enforcement_not_independently_verified"",""reliable"":false,""system_id"":""octopus"",""unit"":""usd""},{""budget_name"":""max_model_tokens"",""enforcement_mode"":""advisory"",""evidence_refs"":[],""exceeded"":null,""limit"":100000.0,""measured"":null,""note"":""usage_or_enforcement_not_independently_verified"",""reliable"":false,""system_id"":""octopus"",""unit"":""tokens""},{""budget_name"":""max_output_bytes"",""enforcement_mode"":""hard"",""evidence_refs"":[],""exceeded"":false,""limit"":2097152.0,""measured"":65877.0,""note"":"""",""reliable"":true,""system_id"":""octopus"",""unit"":""bytes""},{""budget_name"":""max_seconds"",""enforcement_mode"":""hard"",""evidence_refs"":[],""exceeded"":false,""limit"":900.0,""measured"":17.414908190999995,""note"":"""",""reliable"":true,""system_id"":""octopus"",""unit"":""seconds""},{""budget_name"":""max_tools"",""enforcement_mode"":""observed"",""evidence_refs"":[],""exceeded"":false,""limit"":40.0,""measured"":2.0,""note"":"""",""reliable"":true,""system_id"":""octopus"",""unit"":""count""}]",true,derived,1,0,0,true,derived,0,0,1,true,verified,0,0,1,true,derived,1,0,0,true,derived,0,0,1,true,verified,0,0,1
1.0,732b6fee232090b10247c995b1a5ceb16c9b3202ca70a83a8fa5a5ab05d730c0,2.0,run-e87cd75b17777681771bae6b0d6fee71,small-model-stress-v3,octopus,slow-dead-end-v3,1,1094001840283635605,1728f40dfe4d437e84a99f0c42967c5a39dc067bac28bd90fe7f3a75101a7f2d,succeeded,not_completed,slow-dead-end-completion-v1,18.4550543,true,900,,not_supported,0,0,0,0,true,0,[],"[{""budget_name"":""max_cost_usd"",""enforcement_mode"":""advisory"",""evidence_refs"":[],""exceeded"":null,""limit"":5.0,""measured"":null,""note"":""usage_or_enforcement_not_independently_verified"",""reliable"":false,""system_id"":""octopus"",""unit"":""usd""},{""budget_name"":""max_model_tokens"",""enforcement_mode"":""advisory"",""evidence_refs"":[],""exceeded"":null,""limit"":100000.0,""measured"":null,""note"":""usage_or_enforcement_not_independently_verified"",""reliable"":false,""system_id"":""octopus"",""unit"":""tokens""},{""budget_name"":""max_output_bytes"",""enforcement_mode"":""hard"",""evidence_refs"":[],""exceeded"":false,""limit"":2097152.0,""measured"":65996.0,""note"":"""",""reliable"":true,""system_id"":""octopus"",""unit"":""bytes""},{""budget_name"":""max_seconds"",""enforcement_mode"":""hard"",""evidence_refs"":[],""exceeded"":false,""limit"":900.0,""measured"":18.455054347999976,""note"":"""",""reliable"":true,""system_id"":""octopus"",""unit"":""seconds""},{""budget_name"":""max_tools"",""enforcement_mode"":""observed"",""evidence_refs"":[],""exceeded"":false,""limit"":40.0,""measured"":2.0,""note"":"""",""reliable"":true,""system_id"":""octopus"",""unit"":""count""}]",true,derived,1,0,0,true,derived,0,0,1,true,verified,0,0,1,true,derived,1,0,0,true,derived,0,0,1,true,verified,0,0,1
1.0,732b6fee232090b10247c995b1a5ceb16c9b3202ca70a83a8fa5a5ab05d730c0,2.0,run-eda5ea2beb21f5eae9beb1df9e2de765,small-model-stress-v3,octopus,slow-dead-end-v3,2,521837459022463297,792a44d075cde89d78cfe3c52f0c350a8099ffde901444fc3466d2f3c889732a,succeeded,not_completed,slow-dead-end-completion-v1,17.2371003,true,900,,not_supported,0,0,0,0,true,0,[],"[{""budget_name"":""max_cost_usd"",""enforcement_mode"":""advisory"",""evidence_refs"":[],""exceeded"":null,""limit"":5.0,""measured"":null,""note"":""usage_or_enforcement_not_independently_verified"",""reliable"":false,""system_id"":""octopus"",""unit"":""usd""},{""budget_name"":""max_model_tokens"",""enforcement_mode"":""advisory"",""evidence_refs"":[],""exceeded"":null,""limit"":100000.0,""measured"":null,""note"":""usage_or_enforcement_not_independently_verified"",""reliable"":false,""system_id"":""octopus"",""unit"":""tokens""},{""budget_name"":""max_output_bytes"",""enforcement_mode"":""hard"",""evidence_refs"":[],""exceeded"":false,""limit"":2097152.0,""measured"":66365.0,""note"":"""",""reliable"":true,""system_id"":""octopus"",""unit"":""bytes""},{""budget_name"":""max_seconds"",""enforcement_mode"":""hard"",""evidence_refs"":[],""exceeded"":false,""limit"":900.0,""measured"":17.237100317001023,""note"":"""",""reliable"":true,""system_id"":""octopus"",""unit"":""seconds""},{""budget_name"":""max_tools"",""enforcement_mode"":""observed"",""evidence_refs"":[],""exceeded"":false,""limit"":40.0,""measured"":2.0,""note"":"""",""reliable"":true,""system_id"":""octopus"",""unit"":""count""}]",true,derived,1,0,0,true,derived,0,0,1,true,verified,0,0,1,true,derived,1,0,0,true,derived,0,0,1,true,verified,0,0,1
1.0,732b6fee232090b10247c995b1a5ceb16c9b3202ca70a83a8fa5a5ab05d730c0,2.0,run-1ed8404e96e15b401aac1d222edf632f,small-model-stress-v3,octopus,slow-dead-end-v3,3,499608928487124761,2343bff7bc3c74568b979c9caae3e3d5ac6ef6643c26ed527340159f8f532c0e,succeeded,not_completed,slow-dead-end-completion-v1,18.1694422,true,900,,not_supported,0,0,0,0,true,0,[],"[{""budget_name"":""max_cost_usd"",""enforcement_mode"":""advisory"",""evidence_refs"":[],""exceeded"":null,""limit"":5.0,""measured"":null,""note"":""usage_or_enforcement_not_independently_verified"",""reliable"":false,""system_id"":""octopus"",""unit"":""usd""},{""budget_name"":""max_model_tokens"",""enforcement_mode"":""advisory"",""evidence_refs"":[],""exceeded"":null,""limit"":100000.0,""measured"":null,""note"":""usage_or_enforcement_not_independently_verified"",""reliable"":false,""system_id"":""octopus"",""unit"":""tokens""},{""budget_name"":""max_output_bytes"",""enforcement_mode"":""hard"",""evidence_refs"":[],""exceeded"":false,""limit"":2097152.0,""measured"":65858.0,""note"":"""",""reliable"":true,""system_id"":""octopus"",""unit"":""bytes""},{""budget_name"":""max_seconds"",""enforcement_mode"":""hard"",""evidence_refs"":[],""exceeded"":false,""limit"":900.0,""measured"":18.169442238002375,""note"":"""",""reliable"":true,""system_id"":""octopus"",""unit"":""seconds""},{""budget_name"":""max_tools"",""enforcement_mode"":""observed"",""evidence_refs"":[],""exceeded"":false,""limit"":40.0,""measured"":2.0,""note"":"""",""reliable"":true,""system_id"":""octopus"",""unit"":""count""}]",true,derived,1,0,0,true,derived,0,0,1,true,verified,0,0,1,true,derived,1,0,0,true,derived,0,0,1,true,verified,0,0,1
1.0,732b6fee232090b10247c995b1a5ceb16c9b3202ca70a83a8fa5a5ab05d730c0,2.0,run-dde5e953ffa529b03c678688e324b660,small-model-stress-v3,octopus,slow-dead-end-v3,4,1048348538231520069,c24058c8c86b5a39778cc4f64e1c48b3b01713671e2ff2640fd6d391cabaef3e,succeeded,not_completed,slow-dead-end-completion-v1,17.3145739,true,900,,not_supported,0,0,0,0,true,0,[],"[{""budget_name"":""max_cost_usd"",""enforcement_mode"":""advisory"",""evidence_refs"":[],""exceeded"":null,""limit"":5.0,""measured"":null,""note"":""usage_or_enforcement_not_independently_verified"",""reliable"":false,""system_id"":""octopus"",""unit"":""usd""},{""budget_name"":""max_model_tokens"",""enforcement_mode"":""advisory"",""evidence_refs"":[],""exceeded"":null,""limit"":100000.0,""measured"":null,""note"":""usage_or_enforcement_not_independently_verified"",""reliable"":false,""system_id"":""octopus"",""unit"":""tokens""},{""budget_name"":""max_output_bytes"",""enforcement_mode"":""hard"",""evidence_refs"":[],""exceeded"":false,""limit"":2097152.0,""measured"":65847.0,""note"":"""",""reliable"":true,""system_id"":""octopus"",""unit"":""bytes""},{""budget_name"":""max_seconds"",""enforcement_mode"":""hard"",""evidence_refs"":[],""exceeded"":false,""limit"":900.0,""measured"":17.31457390400101,""note"":"""",""reliable"":true,""system_id"":""octopus"",""unit"":""seconds""},{""budget_name"":""max_tools"",""enforcement_mode"":""observed"",""evidence_refs"":[],""exceeded"":false,""limit"":40.0,""measured"":2.0,""note"":"""",""reliable"":true,""system_id"":""octopus"",""unit"":""count""}]",true,derived,1,0,0,true,derived,0,0,1,true,verified,0,0,1,true,derived,1,0,0,true,derived,0,0,1,true,verified,0,0,1
1.0,732b6fee232090b10247c995b1a5ceb16c9b3202ca70a83a8fa5a5ab05d730c0,2.0,run-be390ecb635a35e72f23977a703c8b48,small-model-stress-v3,octopus,slow-dead-end-v3,5,1022541656633506476,77147e873bfba484bed4591081d109aaede45d6dd2469f5ce6d1cb614018ee9d,succeeded,not_completed,slow-dead-end-completion-v1,14.253269,true,900,,not_supported,0,0,0,0,true,0,[],"[{""budget_name"":""max_cost_usd"",""enforcement_mode"":""advisory"",""evidence_refs"":[],""exceeded"":null,""limit"":5.0,""measured"":null,""note"":""usage_or_enforcement_not_independently_verified"",""reliable"":false,""system_id"":""octopus"",""unit"":""usd""},{""budget_name"":""max_model_tokens"",""enforcement_mode"":""advisory"",""evidence_refs"":[],""exceeded"":null,""limit"":100000.0,""measured"":null,""note"":""usage_or_enforcement_not_independently_verified"",""reliable"":false,""system_id"":""octopus"",""unit"":""tokens""},{""budget_name"":""max_output_bytes"",""enforcement_mode"":""hard"",""evidence_refs"":[],""exceeded"":false,""limit"":2097152.0,""measured"":65831.0,""note"":"""",""reliable"":true,""system_id"":""octopus"",""unit"":""bytes""},{""budget_name"":""max_seconds"",""enforcement_mode"":""hard"",""evidence_refs"":[],""exceeded"":false,""limit"":900.0,""measured"":14.25326902699453,""note"":"""",""reliable"":true,""system_id"":""octopus"",""unit"":""seconds""},{""budget_name"":""max_tools"",""enforcement_mode"":""observed"",""evidence_refs"":[],""exceeded"":false,""limit"":40.0,""measured"":2.0,""note"":"""",""reliable"":true,""system_id"":""octopus"",""unit"":""count""}]",true,derived,1,0,0,true,derived,0,0,1,true,verified,0,0,1,true,derived,1,0,0,true,derived,0,0,1,true,verified,0,0,1
1.0,732b6fee232090b10247c995b1a5ceb16c9b3202ca70a83a8fa5a5ab05d730c0,2.0,run-784cd27c994ee8f2ef3776d943266715,small-model-stress-v3,octopus,slow-dead-end-v3,6,314602429528759967,f4b67116b7ddded7a6941547b51f14f9ab4383b976f74c75f76bd88e649288d4,succeeded,not_completed,slow-dead-end-completion-v1,17.158985,true,900,,not_supported,0,0,0,0,true,0,[],"[{""budget_name"":""max_cost_usd"",""enforcement_mode"":""advisory"",""evidence_refs"":[],""exceeded"":null,""limit"":5.0,""measured"":null,""note"":""usage_or_enforcement_not_independently_verified"",""reliable"":false,""system_id"":""octopus"",""unit"":""usd""},{""budget_name"":""max_model_tokens"",""enforcement_mode"":""advisory"",""evidence_refs"":[],""exceeded"":null,""limit"":100000.0,""measured"":null,""note"":""usage_or_enforcement_not_independently_verified"",""reliable"":false,""system_id"":""octopus"",""unit"":""tokens""},{""budget_name"":""max_output_bytes"",""enforcement_mode"":""hard"",""evidence_refs"":[],""exceeded"":false,""limit"":2097152.0,""measured"":65848.0,""note"":"""",""reliable"":true,""system_id"":""octopus"",""unit"":""bytes""},{""budget_name"":""max_seconds"",""enforcement_mode"":""hard"",""evidence_refs"":[],""exceeded"":false,""limit"":900.0,""measured"":17.158984953000072,""note"":"""",""reliable"":true,""system_id"":""octopus"",""unit"":""seconds""},{""budget_name"":""max_tools"",""enforcement_mode"":""observed"",""evidence_refs"":[],""exceeded"":false,""limit"":40.0,""measured"":2.0,""note"":"""",""reliable"":true,""system_id"":""octopus"",""unit"":""count""}]",true,derived,1,0,0,true,derived,0,0,1,true,verified,0,0,1,true,derived,1,0,0,true,derived,0,0,1,true,verified,0,0,1
1.0,732b6fee232090b10247c995b1a5ceb16c9b3202ca70a83a8fa5a5ab05d730c0,2.0,run-ea374afb6f0041d42e82a0c4e5a1c6ba,small-model-stress-v3,octopus,slow-dead-end-v3,7,1063246595569835552,b92defef50c3788e596f955438f7b0a7f36476c24ca3173cff1c325c7eba864e,succeeded,not_completed,slow-dead-end-completion-v1,17.0723123,true,900,,not_supported,0,0,0,0,true,0,[],"[{""budget_name"":""max_cost_usd"",""enforcement_mode"":""advisory"",""evidence_refs"":[],""exceeded"":null,""limit"":5.0,""measured"":null,""note"":""usage_or_enforcement_not_independently_verified"",""reliable"":false,""system_id"":""octopus"",""unit"":""usd""},{""budget_name"":""max_model_tokens"",""enforcement_mode"":""advisory"",""evidence_refs"":[],""exceeded"":null,""limit"":100000.0,""measured"":null,""note"":""usage_or_enforcement_not_independently_verified"",""reliable"":false,""system_id"":""octopus"",""unit"":""tokens""},{""budget_name"":""max_output_bytes"",""enforcement_mode"":""hard"",""evidence_refs"":[],""exceeded"":false,""limit"":2097152.0,""measured"":65842.0,""note"":"""",""reliable"":true,""system_id"":""octopus"",""unit"":""bytes""},{""budget_name"":""max_seconds"",""enforcement_mode"":""hard"",""evidence_refs"":[],""exceeded"":false,""limit"":900.0,""measured"":17.072312299998885,""note"":"""",""reliable"":true,""system_id"":""octopus"",""unit"":""seconds""},{""budget_name"":""max_tools"",""enforcement_mode"":""observed"",""evidence_refs"":[],""exceeded"":false,""limit"":40.0,""measured"":2.0,""note"":"""",""reliable"":true,""system_id"":""octopus"",""unit"":""count""}]",true,derived,1,0,0,true,derived,0,0,1,true,verified,0,0,1,true,derived,1,0,0,true,derived,0,0,1,true,verified,0,0,1
1.0,732b6fee232090b10247c995b1a5ceb16c9b3202ca70a83a8fa5a5ab05d730c0,2.0,run-cce4828438d179ece680f4dd5a376e7f,small-model-stress-v3,octopus,slow-dead-end-v3,8,970711333494876179,aa8d6caac37437d6fe1f5b20885d893bc0bd6239440a78412bff94e694c1ef50,succeeded,not_completed,slow-dead-end-completion-v1,17.942522,true,900,,not_supported,0,0,0,0,true,0,[],"[{""budget_name"":""max_cost_usd"",""enforcement_mode"":""advisory"",""evidence_refs"":[],""exceeded"":null,""limit"":5.0,""measured"":null,""note"":""usage_or_enforcement_not_independently_verified"",""reliable"":false,""system_id"":""octopus"",""unit"":""usd""},{""budget_name"":""max_model_tokens"",""enforcement_mode"":""advisory"",""evidence_refs"":[],""exceeded"":null,""limit"":100000.0,""measured"":null,""note"":""usage_or_enforcement_not_independently_verified"",""reliable"":false,""system_id"":""octopus"",""unit"":""tokens""},{""budget_name"":""max_output_bytes"",""enforcement_mode"":""hard"",""evidence_refs"":[],""exceeded"":false,""limit"":2097152.0,""measured"":65835.0,""note"":"""",""reliable"":true,""system_id"":""octopus"",""unit"":""bytes""},{""budget_name"":""max_seconds"",""enforcement_mode"":""hard"",""evidence_refs"":[],""exceeded"":false,""limit"":900.0,""measured"":17.94252198200047,""note"":"""",""reliable"":true,""system_id"":""octopus"",""unit"":""seconds""},{""budget_name"":""max_tools"",""enforcement_mode"":""observed"",""evidence_refs"":[],""exceeded"":false,""limit"":40.0,""measured"":2.0,""note"":"""",""reliable"":true,""system_id"":""octopus"",""unit"":""count""}]",true,derived,1,0,0,true,derived,0,0,1,true,verified,0,0,1,true,derived,1,0,0,true,derived,0,0,1,true,verified,0,0,1
1.0,732b6fee232090b10247c995b1a5ceb16c9b3202ca70a83a8fa5a5ab05d730c0,2.0,run-f541323b4eef7686b4c0841405d2928f,small-model-stress-v3,octopus,slow-dead-end-v3,9,371701454754866652,5bbb4bead9f712cdb60604c3b36da8762c0f4adc509f04bb66dc3cbfe7e0356a,succeeded,not_completed,slow-dead-end-completion-v1,17.3474424,true,900,,not_supported,0,0,0,0,true,0,[],"[{""budget_name"":""max_cost_usd"",""enforcement_mode"":""advisory"",""evidence_refs"":[],""exceeded"":null,""limit"":5.0,""measured"":null,""note"":""usage_or_enforcement_not_independently_verified"",""reliable"":false,""system_id"":""octopus"",""unit"":""usd""},{""budget_name"":""max_model_tokens"",""enforcement_mode"":""advisory"",""evidence_refs"":[],""exceeded"":null,""limit"":100000.0,""measured"":null,""note"":""usage_or_enforcement_not_independently_verified"",""reliable"":false,""system_id"":""octopus"",""unit"":""tokens""},{""budget_name"":""max_output_bytes"",""enforcement_mode"":""hard"",""evidence_refs"":[],""exceeded"":false,""limit"":2097152.0,""measured"":65864.0,""note"":"""",""reliable"":true,""system_id"":""octopus"",""unit"":""bytes""},{""budget_name"":""max_seconds"",""enforcement_mode"":""hard"",""evidence_refs"":[],""exceeded"":false,""limit"":900.0,""measured"":17.347442369002238,""note"":"""",""reliable"":true,""system_id"":""octopus"",""unit"":""seconds""},{""budget_name"":""max_tools"",""enforcement_mode"":""observed"",""evidence_refs"":[],""exceeded"":false,""limit"":40.0,""measured"":2.0,""note"":"""",""reliable"":true,""system_id"":""octopus"",""unit"":""count""}]",true,derived,1,0,0,true,derived,0,0,1,true,verified,0,0,1,true,derived,1,0,0,true,derived,0,0,1,true,verified,0,0,1
1.0,732b6fee232090b10247c995b1a5ceb16c9b3202ca70a83a8fa5a5ab05d730c0,2.0,run-748fb3beeb6442530bbfff2b91e6d3af,small-model-stress-v3,octopus,slow-dead-end-v3,10,828174866322796391,69810d5d501d72c95f2e8020b8c4804b545e730831cb98e1d34cefa5874e32ba,succeeded,not_completed,slow-dead-end-completion-v1,17.4461076,true,900,,not_supported,0,0,0,0,true,0,[],"[{""budget_name"":""max_cost_usd"",""enforcement_mode"":""advisory"",""evidence_refs"":[],""exceeded"":null,""limit"":5.0,""measured"":null,""note"":""usage_or_enforcement_not_independently_verified"",""reliable"":false,""system_id"":""octopus"",""unit"":""usd""},{""budget_name"":""max_model_tokens"",""enforcement_mode"":""advisory"",""evidence_refs"":[],""exceeded"":null,""limit"":100000.0,""measured"":null,""note"":""usage_or_enforcement_not_independently_verified"",""reliable"":false,""system_id"":""octopus"",""unit"":""tokens""},{""budget_name"":""max_output_bytes"",""enforcement_mode"":""hard"",""evidence_refs"":[],""exceeded"":false,""limit"":2097152.0,""measured"":65858.0,""note"":"""",""reliable"":true,""system_id"":""octopus"",""unit"":""bytes""},{""budget_name"":""max_seconds"",""enforcement_mode"":""hard"",""evidence_refs"":[],""exceeded"":false,""limit"":900.0,""measured"":17.446107552001195,""note"":"""",""reliable"":true,""system_id"":""octopus"",""unit"":""seconds""},{""budget_name"":""max_tools"",""enforcement_mode"":""observed"",""evidence_refs"":[],""exceeded"":false,""limit"":40.0,""measured"":2.0,""note"":"""",""reliable"":true,""system_id"":""octopus"",""unit"":""count""}]",true,derived,1,0,0,true,derived,0,0,1,true,verified,0,0,1,true,derived,1,0,0,true,derived,0,0,1,true,verified,0,0,1
1.0,732b6fee232090b10247c995b1a5ceb16c9b3202ca70a83a8fa5a5ab05d730c0,2.0,run-241f041b226428bfcfd0f9c757707f44,small-model-stress-v3,octopus,slow-dead-end-v3,11,393774771428416334,8fe9a2ddb1b1dab687c1160d33a6647ab5018232655d432c0e0e88679afea6f1,succeeded,not_completed,slow-dead-end-completion-v1,17.2599714,true,900,,not_supported,0,0,0,0,true,0,[],"[{""budget_name"":""max_cost_usd"",""enforcement_mode"":""advisory"",""evidence_refs"":[],""exceeded"":null,""limit"":5.0,""measured"":null,""note"":""usage_or_enforcement_not_independently_verified"",""reliable"":false,""system_id"":""octopus"",""unit"":""usd""},{""budget_name"":""max_model_tokens"",""enforcement_mode"":""advisory"",""evidence_refs"":[],""exceeded"":null,""limit"":100000.0,""measured"":null,""note"":""usage_or_enforcement_not_independently_verified"",""reliable"":false,""system_id"":""octopus"",""unit"":""tokens""},{""budget_name"":""max_output_bytes"",""enforcement_mode"":""hard"",""evidence_refs"":[],""exceeded"":false,""limit"":2097152.0,""measured"":65866.0,""note"":"""",""reliable"":true,""system_id"":""octopus"",""unit"":""bytes""},{""budget_name"":""max_seconds"",""enforcement_mode"":""hard"",""evidence_refs"":[],""exceeded"":false,""limit"":900.0,""measured"":17.259971357998438,""note"":"""",""reliable"":true,""system_id"":""octopus"",""unit"":""seconds""},{""budget_name"":""max_tools"",""enforcement_mode"":""observed"",""evidence_refs"":[],""exceeded"":false,""limit"":40.0,""measured"":2.0,""note"":"""",""reliable"":true,""system_id"":""octopus"",""unit"":""count""}]",true,derived,1,0,0,true,derived,0,0,1,true,verified,0,0,1,true,derived,1,0,0,true,derived,0,0,1,true,verified,0,0,1
1.0,732b6fee232090b10247c995b1a5ceb16c9b3202ca70a83a8fa5a5ab05d730c0,2.0,run-b0fb2ae75926ba328de62406932f03f6,small-model-stress-v3,octopus,slow-dead-end-v3,12,816817233504209225,bc04adeacbce6697e1cf60494d4a8abef003b33a8978ea909308cf7bbf43fe2b,succeeded,not_completed,slow-dead-end-completion-v1,17.172325,true,900,,not_supported,0,0,0,0,true,0,[],"[{""budget_name"":""max_cost_usd"",""enforcement_mode"":""advisory"",""evidence_refs"":[],""exceeded"":null,""limit"":5.0,""measured"":null,""note"":""usage_or_enforcement_not_independently_verified"",""reliable"":false,""system_id"":""octopus"",""unit"":""usd""},{""budget_name"":""max_model_tokens"",""enforcement_mode"":""advisory"",""evidence_refs"":[],""exceeded"":null,""limit"":100000.0,""measured"":null,""note"":""usage_or_enforcement_not_independently_verified"",""reliable"":false,""system_id"":""octopus"",""unit"":""tokens""},{""budget_name"":""max_output_bytes"",""enforcement_mode"":""hard"",""evidence_refs"":[],""exceeded"":false,""limit"":2097152.0,""measured"":65871.0,""note"":"""",""reliable"":true,""system_id"":""octopus"",""unit"":""bytes""},{""budget_name"":""max_seconds"",""enforcement_mode"":""hard"",""evidence_refs"":[],""exceeded"":false,""limit"":900.0,""measured"":17.172324977000244,""note"":"""",""reliable"":true,""system_id"":""octopus"",""unit"":""seconds""},{""budget_name"":""max_tools"",""enforcement_mode"":""observed"",""evidence_refs"":[],""exceeded"":false,""limit"":40.0,""measured"":2.0,""note"":"""",""reliable"":true,""system_id"":""octopus"",""unit"":""count""}]",true,derived,1,0,0,true,derived,0,0,1,true,verified,0,0,1,true,derived,1,0,0,true,derived,0,0,1,true,verified,0,0,1
1.0,732b6fee232090b10247c995b1a5ceb16c9b3202ca70a83a8fa5a5ab05d730c0,2.0,run-cf017b224f1ef73295705d99a00850c3,small-model-stress-v3,octopus,static-js-discovery-v3,1,139586546015828362,4f14633c4a9e7ebcd0ccdc7def2391a03dab147303b80ad663b901990e77dcec,succeeded,not_completed,static-js-discovery-completion-v1,17.6446622,true,900,,not_supported,0,0,0,0,true,0,[],"[{""budget_name"":""max_cost_usd"",""enforcement_mode"":""advisory"",""evidence_refs"":[],""exceeded"":null,""limit"":5.0,""measured"":null,""note"":""usage_or_enforcement_not_independently_verified"",""reliable"":false,""system_id"":""octopus"",""unit"":""usd""},{""budget_name"":""max_model_tokens"",""enforcement_mode"":""advisory"",""evidence_refs"":[],""exceeded"":null,""limit"":100000.0,""measured"":null,""note"":""usage_or_enforcement_not_independently_verified"",""reliable"":false,""system_id"":""octopus"",""unit"":""tokens""},{""budget_name"":""max_output_bytes"",""enforcement_mode"":""hard"",""evidence_refs"":[],""exceeded"":false,""limit"":2097152.0,""measured"":65986.0,""note"":"""",""reliable"":true,""system_id"":""octopus"",""unit"":""bytes""},{""budget_name"":""max_seconds"",""enforcement_mode"":""hard"",""evidence_refs"":[],""exceeded"":false,""limit"":900.0,""measured"":17.644662181000967,""note"":"""",""reliable"":true,""system_id"":""octopus"",""unit"":""seconds""},{""budget_name"":""max_tools"",""enforcement_mode"":""observed"",""evidence_refs"":[],""exceeded"":false,""limit"":40.0,""measured"":2.0,""note"":"""",""reliable"":true,""system_id"":""octopus"",""unit"":""count""}]",true,derived,1,0,0,true,derived,0,0,1,true,verified,0,0,1,true,derived,1,0,0,true,derived,0,0,1,true,verified,0,0,1
1.0,732b6fee232090b10247c995b1a5ceb16c9b3202ca70a83a8fa5a5ab05d730c0,2.0,run-640d01ebe1ecef5f55dad7c84e545100,small-model-stress-v3,octopus,static-js-discovery-v3,2,57409565032863566,61c258929df023f085572e3784c8d84d556ecb296a54ae5aa7c5b7457cb1c2ff,succeeded,not_completed,static-js-discovery-completion-v1,17.5668838,true,900,,not_supported,0,0,0,0,true,0,[],"[{""budget_name"":""max_cost_usd"",""enforcement_mode"":""advisory"",""evidence_refs"":[],""exceeded"":null,""limit"":5.0,""measured"":null,""note"":""usage_or_enforcement_not_independently_verified"",""reliable"":false,""system_id"":""octopus"",""unit"":""usd""},{""budget_name"":""max_model_tokens"",""enforcement_mode"":""advisory"",""evidence_refs"":[],""exceeded"":null,""limit"":100000.0,""measured"":null,""note"":""usage_or_enforcement_not_independently_verified"",""reliable"":false,""system_id"":""octopus"",""unit"":""tokens""},{""budget_name"":""max_output_bytes"",""enforcement_mode"":""hard"",""evidence_refs"":[],""exceeded"":false,""limit"":2097152.0,""measured"":65982.0,""note"":"""",""reliable"":true,""system_id"":""octopus"",""unit"":""bytes""},{""budget_name"":""max_seconds"",""enforcement_mode"":""hard"",""evidence_refs"":[],""exceeded"":false,""limit"":900.0,""measured"":17.566883791998407,""note"":"""",""reliable"":true,""system_id"":""octopus"",""unit"":""seconds""},{""budget_name"":""max_tools"",""enforcement_mode"":""observed"",""evidence_refs"":[],""exceeded"":false,""limit"":40.0,""measured"":2.0,""note"":"""",""reliable"":true,""system_id"":""octopus"",""unit"":""count""}]",true,derived,1,0,0,true,derived,0,0,1,true,verified,0,0,1,true,derived,1,0,0,true,derived,0,0,1,true,verified,0,0,1
1.0,732b6fee232090b10247c995b1a5ceb16c9b3202ca70a83a8fa5a5ab05d730c0,2.0,run-83d722b3c6f31789d6f53705ff6ba8c7,small-model-stress-v3,octopus,static-js-discovery-v3,3,956293786908350088,eca88f64602fd4ac2c77affa91a0d05d968f01d790a89d02389a771ee3ee868c,succeeded,not_completed,static-js-discovery-completion-v1,17.8758796,true,900,,not_supported,0,0,0,0,true,0,[],"[{""budget_name"":""max_cost_usd"",""enforcement_mode"":""advisory"",""evidence_refs"":[],""exceeded"":null,""limit"":5.0,""measured"":null,""note"":""usage_or_enforcement_not_independently_verified"",""reliable"":false,""system_id"":""octopus"",""unit"":""usd""},{""budget_name"":""max_model_tokens"",""enforcement_mode"":""advisory"",""evidence_refs"":[],""exceeded"":null,""limit"":100000.0,""measured"":null,""note"":""usage_or_enforcement_not_independently_verified"",""reliable"":false,""system_id"":""octopus"",""unit"":""tokens""},{""budget_name"":""max_output_bytes"",""enforcement_mode"":""hard"",""evidence_refs"":[],""exceeded"":false,""limit"":2097152.0,""measured"":65969.0,""note"":"""",""reliable"":true,""system_id"":""octopus"",""unit"":""bytes""},{""budget_name"":""max_seconds"",""enforcement_mode"":""hard"",""evidence_refs"":[],""exceeded"":false,""limit"":900.0,""measured"":17.87587956599964,""note"":"""",""reliable"":true,""system_id"":""octopus"",""unit"":""seconds""},{""budget_name"":""max_tools"",""enforcement_mode"":""observed"",""evidence_refs"":[],""exceeded"":false,""limit"":40.0,""measured"":2.0,""note"":"""",""reliable"":true,""system_id"":""octopus"",""unit"":""count""}]",true,derived,1,0,0,true,derived,0,0,1,true,verified,0,0,1,true,derived,1,0,0,true,derived,0,0,1,true,verified,0,0,1
1.0,732b6fee232090b10247c995b1a5ceb16c9b3202ca70a83a8fa5a5ab05d730c0,2.0,run-e89a6fa385da5bbb8a702d62c2ac7cc3,small-model-stress-v3,octopus,static-js-discovery-v3,4,290204551746656485,235b3baee1a94f740311e1788ba1a16d1f2bcdb1d881a2c2aa0aaac0623e04ba,succeeded,not_completed,static-js-discovery-completion-v1,16.8288916,true,900,,not_supported,0,0,0,0,true,0,[],"[{""budget_name"":""max_cost_usd"",""enforcement_mode"":""advisory"",""evidence_refs"":[],""exceeded"":null,""limit"":5.0,""measured"":null,""note"":""usage_or_enforcement_not_independently_verified"",""reliable"":false,""system_id"":""octopus"",""unit"":""usd""},{""budget_name"":""max_model_tokens"",""enforcement_mode"":""advisory"",""evidence_refs"":[],""exceeded"":null,""limit"":100000.0,""measured"":null,""note"":""usage_or_enforcement_not_independently_verified"",""reliable"":false,""system_id"":""octopus"",""unit"":""tokens""},{""budget_name"":""max_output_bytes"",""enforcement_mode"":""hard"",""evidence_refs"":[],""exceeded"":false,""limit"":2097152.0,""measured"":65949.0,""note"":"""",""reliable"":true,""system_id"":""octopus"",""unit"":""bytes""},{""budget_name"":""max_seconds"",""enforcement_mode"":""hard"",""evidence_refs"":[],""exceeded"":false,""limit"":900.0,""measured"":16.828891598001064,""note"":"""",""reliable"":true,""system_id"":""octopus"",""unit"":""seconds""},{""budget_name"":""max_tools"",""enforcement_mode"":""observed"",""evidence_refs"":[],""exceeded"":false,""limit"":40.0,""measured"":2.0,""note"":"""",""reliable"":true,""system_id"":""octopus"",""unit"":""count""}]",true,derived,1,0,0,true,derived,0,0,1,true,verified,0,0,1,true,derived,1,0,0,true,derived,0,0,1,true,verified,0,0,1
1.0,732b6fee232090b10247c995b1a5ceb16c9b3202ca70a83a8fa5a5ab05d730c0,2.0,run-a9b6e13036e0458b041f05e9e96918b5,small-model-stress-v3,octopus,static-js-discovery-v3,5,1060193013399759780,988b59054daabfba7dd04477d90932b44221f642a2d2bb3494df593fe5f9d023,succeeded,not_completed,static-js-discovery-completion-v1,17.6341552,true,900,,not_supported,0,0,0,0,true,0,[],"[{""budget_name"":""max_cost_usd"",""enforcement_mode"":""advisory"",""evidence_refs"":[],""exceeded"":null,""limit"":5.0,""measured"":null,""note"":""usage_or_enforcement_not_independently_verified"",""reliable"":false,""system_id"":""octopus"",""unit"":""usd""},{""budget_name"":""max_model_tokens"",""enforcement_mode"":""advisory"",""evidence_refs"":[],""exceeded"":null,""limit"":100000.0,""measured"":null,""note"":""usage_or_enforcement_not_independently_verified"",""reliable"":false,""system_id"":""octopus"",""unit"":""tokens""},{""budget_name"":""max_output_bytes"",""enforcement_mode"":""hard"",""evidence_refs"":[],""exceeded"":false,""limit"":2097152.0,""measured"":65976.0,""note"":"""",""reliable"":true,""system_id"":""octopus"",""unit"":""bytes""},{""budget_name"":""max_seconds"",""enforcement_mode"":""hard"",""evidence_refs"":[],""exceeded"":false,""limit"":900.0,""measured"":17.63415519300179,""note"":"""",""reliable"":true,""system_id"":""octopus"",""unit"":""seconds""},{""budget_name"":""max_tools"",""enforcement_mode"":""observed"",""evidence_refs"":[],""exceeded"":false,""limit"":40.0,""measured"":2.0,""note"":"""",""reliable"":true,""system_id"":""octopus"",""unit"":""count""}]",true,derived,1,0,0,true,derived,0,0,1,true,verified,0,0,1,true,derived,1,0,0,true,derived,0,0,1,true,verified,0,0,1
1.0,732b6fee232090b10247c995b1a5ceb16c9b3202ca70a83a8fa5a5ab05d730c0,2.0,run-9c9074f5f164fa4b928f113e7f1f0e0a,small-model-stress-v3,octopus,static-js-discovery-v3,6,874435490240865046,ced5263865cfafb9d026b1a3e87c8c3d3355a30637fa101ffe7f49fee6e6b1f8,succeeded,not_completed,static-js-discovery-completion-v1,18.2474612,true,900,,not_supported,0,0,0,0,true,0,[],"[{""budget_name"":""max_cost_usd"",""enforcement_mode"":""advisory"",""evidence_refs"":[],""exceeded"":null,""limit"":5.0,""measured"":null,""note"":""usage_or_enforcement_not_independently_verified"",""reliable"":false,""system_id"":""octopus"",""unit"":""usd""},{""budget_name"":""max_model_tokens"",""enforcement_mode"":""advisory"",""evidence_refs"":[],""exceeded"":null,""limit"":100000.0,""measured"":null,""note"":""usage_or_enforcement_not_independently_verified"",""reliable"":false,""system_id"":""octopus"",""unit"":""tokens""},{""budget_name"":""max_output_bytes"",""enforcement_mode"":""hard"",""evidence_refs"":[],""exceeded"":false,""limit"":2097152.0,""measured"":65985.0,""note"":"""",""reliable"":true,""system_id"":""octopus"",""unit"":""bytes""},{""budget_name"":""max_seconds"",""enforcement_mode"":""hard"",""evidence_refs"":[],""exceeded"":false,""limit"":900.0,""measured"":18.247461218999888,""note"":"""",""reliable"":true,""system_id"":""octopus"",""unit"":""seconds""},{""budget_name"":""max_tools"",""enforcement_mode"":""observed"",""evidence_refs"":[],""exceeded"":false,""limit"":40.0,""measured"":2.0,""note"":"""",""reliable"":true,""system_id"":""octopus"",""unit"":""count""}]",true,derived,1,0,0,true,derived,0,0,1,true,verified,0,0,1,true,derived,1,0,0,true,derived,0,0,1,true,verified,0,0,1
1.0,732b6fee232090b10247c995b1a5ceb16c9b3202ca70a83a8fa5a5ab05d730c0,2.0,run-b480c0e1ae9768932c0189525e13b0bf,small-model-stress-v3,octopus,static-js-discovery-v3,7,1001620729530011543,a47633ba04686a22ecf756c6876d459d62b422a6c1607eadb73d9188dff4aea8,succeeded,not_completed,static-js-discovery-completion-v1,18.0047548,true,900,,not_supported,0,0,0,0,true,0,[],"[{""budget_name"":""max_cost_usd"",""enforcement_mode"":""advisory"",""evidence_refs"":[],""exceeded"":null,""limit"":5.0,""measured"":null,""note"":""usage_or_enforcement_not_independently_verified"",""reliable"":false,""system_id"":""octopus"",""unit"":""usd""},{""budget_name"":""max_model_tokens"",""enforcement_mode"":""advisory"",""evidence_refs"":[],""exceeded"":null,""limit"":100000.0,""measured"":null,""note"":""usage_or_enforcement_not_independently_verified"",""reliable"":false,""system_id"":""octopus"",""unit"":""tokens""},{""budget_name"":""max_output_bytes"",""enforcement_mode"":""hard"",""evidence_refs"":[],""exceeded"":false,""limit"":2097152.0,""measured"":65967.0,""note"":"""",""reliable"":true,""system_id"":""octopus"",""unit"":""bytes""},{""budget_name"":""max_seconds"",""enforcement_mode"":""hard"",""evidence_refs"":[],""exceeded"":false,""limit"":900.0,""measured"":18.00475477799955,""note"":"""",""reliable"":true,""system_id"":""octopus"",""unit"":""seconds""},{""budget_name"":""max_tools"",""enforcement_mode"":""observed"",""evidence_refs"":[],""exceeded"":false,""limit"":40.0,""measured"":2.0,""note"":"""",""reliable"":true,""system_id"":""octopus"",""unit"":""count""}]",true,derived,1,0,0,true,derived,0,0,1,true,verified,0,0,1,true,derived,1,0,0,true,derived,0,0,1,true,verified,0,0,1
1.0,732b6fee232090b10247c995b1a5ceb16c9b3202ca70a83a8fa5a5ab05d730c0,2.0,run-83f6228f2ebda036b08cdd58069dcb64,small-model-stress-v3,octopus,static-js-discovery-v3,8,843697325119762007,9a940983e37ab2f9988cc3cf756f4944025a877196a404ef5aed9633f0d8a25f,succeeded,not_completed,static-js-discovery-completion-v1,18.6986362,true,900,,not_supported,0,0,0,0,true,0,[],"[{""budget_name"":""max_cost_usd"",""enforcement_mode"":""advisory"",""evidence_refs"":[],""exceeded"":null,""limit"":5.0,""measured"":null,""note"":""usage_or_enforcement_not_independently_verified"",""reliable"":false,""system_id"":""octopus"",""unit"":""usd""},{""budget_name"":""max_model_tokens"",""enforcement_mode"":""advisory"",""evidence_refs"":[],""exceeded"":null,""limit"":100000.0,""measured"":null,""note"":""usage_or_enforcement_not_independently_verified"",""reliable"":false,""system_id"":""octopus"",""unit"":""tokens""},{""budget_name"":""max_output_bytes"",""enforcement_mode"":""hard"",""evidence_refs"":[],""exceeded"":false,""limit"":2097152.0,""measured"":66121.0,""note"":"""",""reliable"":true,""system_id"":""octopus"",""unit"":""bytes""},{""budget_name"":""max_seconds"",""enforcement_mode"":""hard"",""evidence_refs"":[],""exceeded"":false,""limit"":900.0,""measured"":18.698636216002342,""note"":"""",""reliable"":true,""system_id"":""octopus"",""unit"":""seconds""},{""budget_name"":""max_tools"",""enforcement_mode"":""observed"",""evidence_refs"":[],""exceeded"":false,""limit"":40.0,""measured"":2.0,""note"":"""",""reliable"":true,""system_id"":""octopus"",""unit"":""count""}]",true,derived,1,0,0,true,derived,0,0,1,true,verified,0,0,1,true,derived,1,0,0,true,derived,0,0,1,true,verified,0,0,1
1.0,732b6fee232090b10247c995b1a5ceb16c9b3202ca70a83a8fa5a5ab05d730c0,2.0,run-f603cc7fd994268a120d0977c9437777,small-model-stress-v3,octopus,static-js-discovery-v3,9,916604830878514984,2a37c30cb36520093309998d1c1adde0c0877f78a9ff3999e103f30e5240b6c2,succeeded,not_completed,static-js-discovery-completion-v1,17.1715885,true,900,,not_supported,0,0,0,0,true,0,[],"[{""budget_name"":""max_cost_usd"",""enforcement_mode"":""advisory"",""evidence_refs"":[],""exceeded"":null,""limit"":5.0,""measured"":null,""note"":""usage_or_enforcement_not_independently_verified"",""reliable"":false,""system_id"":""octopus"",""unit"":""usd""},{""budget_name"":""max_model_tokens"",""enforcement_mode"":""advisory"",""evidence_refs"":[],""exceeded"":null,""limit"":100000.0,""measured"":null,""note"":""usage_or_enforcement_not_independently_verified"",""reliable"":false,""system_id"":""octopus"",""unit"":""tokens""},{""budget_name"":""max_output_bytes"",""enforcement_mode"":""hard"",""evidence_refs"":[],""exceeded"":false,""limit"":2097152.0,""measured"":65999.0,""note"":"""",""reliable"":true,""system_id"":""octopus"",""unit"":""bytes""},{""budget_name"":""max_seconds"",""enforcement_mode"":""hard"",""evidence_refs"":[],""exceeded"":false,""limit"":900.0,""measured"":17.17158848100007,""note"":"""",""reliable"":true,""system_id"":""octopus"",""unit"":""seconds""},{""budget_name"":""max_tools"",""enforcement_mode"":""observed"",""evidence_refs"":[],""exceeded"":false,""limit"":40.0,""measured"":2.0,""note"":"""",""reliable"":true,""system_id"":""octopus"",""unit"":""count""}]",true,derived,1,0,0,true,derived,0,0,1,true,verified,0,0,1,true,derived,1,0,0,true,derived,0,0,1,true,verified,0,0,1
1.0,732b6fee232090b10247c995b1a5ceb16c9b3202ca70a83a8fa5a5ab05d730c0,2.0,run-56a5357278c0b5ad8495eefb6ad98caf,small-model-stress-v3,octopus,static-js-discovery-v3,10,503130654478987192,f6e7c9e4e2427be1918609ef38263d5f23e34434470cf740e700512bec0efc06,succeeded,not_completed,static-js-discovery-completion-v1,17.1521002,true,900,,not_supported,0,0,0,0,true,0,[],"[{""budget_name"":""max_cost_usd"",""enforcement_mode"":""advisory"",""evidence_refs"":[],""exceeded"":null,""limit"":5.0,""measured"":null,""note"":""usage_or_enforcement_not_independently_verified"",""reliable"":false,""system_id"":""octopus"",""unit"":""usd""},{""budget_name"":""max_model_tokens"",""enforcement_mode"":""advisory"",""evidence_refs"":[],""exceeded"":null,""limit"":100000.0,""measured"":null,""note"":""usage_or_enforcement_not_independently_verified"",""reliable"":false,""system_id"":""octopus"",""unit"":""tokens""},{""budget_name"":""max_output_bytes"",""enforcement_mode"":""hard"",""evidence_refs"":[],""exceeded"":false,""limit"":2097152.0,""measured"":65990.0,""note"":"""",""reliable"":true,""system_id"":""octopus"",""unit"":""bytes""},{""budget_name"":""max_seconds"",""enforcement_mode"":""hard"",""evidence_refs"":[],""exceeded"":false,""limit"":900.0,""measured"":17.152100227998744,""note"":"""",""reliable"":true,""system_id"":""octopus"",""unit"":""seconds""},{""budget_name"":""max_tools"",""enforcement_mode"":""observed"",""evidence_refs"":[],""exceeded"":false,""limit"":40.0,""measured"":2.0,""note"":"""",""reliable"":true,""system_id"":""octopus"",""unit"":""count""}]",true,derived,1,0,0,true,derived,0,0,1,true,verified,0,0,1,true,derived,1,0,0,true,derived,0,0,1,true,verified,0,0,1
1.0,732b6fee232090b10247c995b1a5ceb16c9b3202ca70a83a8fa5a5ab05d730c0,2.0,run-aaa4c8c490038649fd873228801a704e,small-model-stress-v3,octopus,static-js-discovery-v3,11,683649681491432515,39750a5fffebacca79bf51234cb1e4dd8d753b262e3da20399868e5f263cf1b8,succeeded,not_completed,static-js-discovery-completion-v1,18.097169,true,900,,not_supported,0,0,0,0,true,0,[],"[{""budget_name"":""max_cost_usd"",""enforcement_mode"":""advisory"",""evidence_refs"":[],""exceeded"":null,""limit"":5.0,""measured"":null,""note"":""usage_or_enforcement_not_independently_verified"",""reliable"":false,""system_id"":""octopus"",""unit"":""usd""},{""budget_name"":""max_model_tokens"",""enforcement_mode"":""advisory"",""evidence_refs"":[],""exceeded"":null,""limit"":100000.0,""measured"":null,""note"":""usage_or_enforcement_not_independently_verified"",""reliable"":false,""system_id"":""octopus"",""unit"":""tokens""},{""budget_name"":""max_output_bytes"",""enforcement_mode"":""hard"",""evidence_refs"":[],""exceeded"":false,""limit"":2097152.0,""measured"":66015.0,""note"":"""",""reliable"":true,""system_id"":""octopus"",""unit"":""bytes""},{""budget_name"":""max_seconds"",""enforcement_mode"":""hard"",""evidence_refs"":[],""exceeded"":false,""limit"":900.0,""measured"":18.097168964995944,""note"":"""",""reliable"":true,""system_id"":""octopus"",""unit"":""seconds""},{""budget_name"":""max_tools"",""enforcement_mode"":""observed"",""evidence_refs"":[],""exceeded"":false,""limit"":40.0,""measured"":2.0,""note"":"""",""reliable"":true,""system_id"":""octopus"",""unit"":""count""}]",true,derived,1,0,0,true,derived,0,0,1,true,verified,0,0,1,true,derived,1,0,0,true,derived,0,0,1,true,verified,0,0,1
1.0,732b6fee232090b10247c995b1a5ceb16c9b3202ca70a83a8fa5a5ab05d730c0,2.0,run-0115e2cca6785ca83bb017e9a07c8a84,small-model-stress-v3,octopus,static-js-discovery-v3,12,902653678405022850,955cf135efcd3114685df43ae3614b4eba583b8d31c0c4cfbda31debe8737c1e,succeeded,not_completed,static-js-discovery-completion-v1,17.4592388,true,900,,not_supported,0,0,0,0,true,0,[],"[{""budget_name"":""max_cost_usd"",""enforcement_mode"":""advisory"",""evidence_refs"":[],""exceeded"":null,""limit"":5.0,""measured"":null,""note"":""usage_or_enforcement_not_independently_verified"",""reliable"":false,""system_id"":""octopus"",""unit"":""usd""},{""budget_name"":""max_model_tokens"",""enforcement_mode"":""advisory"",""evidence_refs"":[],""exceeded"":null,""limit"":100000.0,""measured"":null,""note"":""usage_or_enforcement_not_independently_verified"",""reliable"":false,""system_id"":""octopus"",""unit"":""tokens""},{""budget_name"":""max_output_bytes"",""enforcement_mode"":""hard"",""evidence_refs"":[],""exceeded"":false,""limit"":2097152.0,""measured"":66498.0,""note"":"""",""reliable"":true,""system_id"":""octopus"",""unit"":""bytes""},{""budget_name"":""max_seconds"",""enforcement_mode"":""hard"",""evidence_refs"":[],""exceeded"":false,""limit"":900.0,""measured"":17.459238784002082,""note"":"""",""reliable"":true,""system_id"":""octopus"",""unit"":""seconds""},{""budget_name"":""max_tools"",""enforcement_mode"":""observed"",""evidence_refs"":[],""exceeded"":false,""limit"":40.0,""measured"":2.0,""note"":"""",""reliable"":true,""system_id"":""octopus"",""unit"":""count""}]",true,derived,1,0,0,true,derived,0,0,1,true,verified,0,0,1,true,derived,1,0,0,true,derived,0,0,1,true,verified,0,0,1
1.0,732b6fee232090b10247c995b1a5ceb16c9b3202ca70a83a8fa5a5ab05d730c0,2.0,run-5db30ead1409d632fb49bc712bcb1ac5,small-model-stress-v3,octopus,transient-recovery-v3,1,552478183083435641,e98fb70e2b5efe438da1e461a70dd4bc4d01eba968bd0e4763a506f53157b94f,succeeded,not_completed,transient-recovery-completion-v1,17.1900051,true,900,,not_supported,0,0,0,0,true,0,[],"[{""budget_name"":""max_cost_usd"",""enforcement_mode"":""advisory"",""evidence_refs"":[],""exceeded"":null,""limit"":5.0,""measured"":null,""note"":""usage_or_enforcement_not_independently_verified"",""reliable"":false,""system_id"":""octopus"",""unit"":""usd""},{""budget_name"":""max_model_tokens"",""enforcement_mode"":""advisory"",""evidence_refs"":[],""exceeded"":null,""limit"":100000.0,""measured"":null,""note"":""usage_or_enforcement_not_independently_verified"",""reliable"":false,""system_id"":""octopus"",""unit"":""tokens""},{""budget_name"":""max_output_bytes"",""enforcement_mode"":""hard"",""evidence_refs"":[],""exceeded"":false,""limit"":2097152.0,""measured"":65946.0,""note"":"""",""reliable"":true,""system_id"":""octopus"",""unit"":""bytes""},{""budget_name"":""max_seconds"",""enforcement_mode"":""hard"",""evidence_refs"":[],""exceeded"":false,""limit"":900.0,""measured"":17.190005092999854,""note"":"""",""reliable"":true,""system_id"":""octopus"",""unit"":""seconds""},{""budget_name"":""max_tools"",""enforcement_mode"":""observed"",""evidence_refs"":[],""exceeded"":false,""limit"":40.0,""measured"":2.0,""note"":"""",""reliable"":true,""system_id"":""octopus"",""unit"":""count""}]",true,derived,1,0,0,true,derived,0,0,1,true,verified,0,0,1,true,derived,1,0,0,true,derived,0,0,1,true,verified,0,0,1
1.0,732b6fee232090b10247c995b1a5ceb16c9b3202ca70a83a8fa5a5ab05d730c0,2.0,run-2be0b85cecedbe087f8a950ce921ae4a,small-model-stress-v3,octopus,transient-recovery-v3,2,832534819508882933,3a7a1c1ae2901e84d8f78380f8a20031115a6bd53f3bf893be3b537453685217,succeeded,not_completed,transient-recovery-completion-v1,17.9933154,true,900,,not_supported,0,0,0,0,true,0,[],"[{""budget_name"":""max_cost_usd"",""enforcement_mode"":""advisory"",""evidence_refs"":[],""exceeded"":null,""limit"":5.0,""measured"":null,""note"":""usage_or_enforcement_not_independently_verified"",""reliable"":false,""system_id"":""octopus"",""unit"":""usd""},{""budget_name"":""max_model_tokens"",""enforcement_mode"":""advisory"",""evidence_refs"":[],""exceeded"":null,""limit"":100000.0,""measured"":null,""note"":""usage_or_enforcement_not_independently_verified"",""reliable"":false,""system_id"":""octopus"",""unit"":""tokens""},{""budget_name"":""max_output_bytes"",""enforcement_mode"":""hard"",""evidence_refs"":[],""exceeded"":false,""limit"":2097152.0,""measured"":65959.0,""note"":"""",""reliable"":true,""system_id"":""octopus"",""unit"":""bytes""},{""budget_name"":""max_seconds"",""enforcement_mode"":""hard"",""evidence_refs"":[],""exceeded"":false,""limit"":900.0,""measured"":17.99331540699859,""note"":"""",""reliable"":true,""system_id"":""octopus"",""unit"":""seconds""},{""budget_name"":""max_tools"",""enforcement_mode"":""observed"",""evidence_refs"":[],""exceeded"":false,""limit"":40.0,""measured"":2.0,""note"":"""",""reliable"":true,""system_id"":""octopus"",""unit"":""count""}]",true,derived,1,0,0,true,derived,0,0,1,true,verified,0,0,1,true,derived,1,0,0,true,derived,0,0,1,true,verified,0,0,1
1.0,732b6fee232090b10247c995b1a5ceb16c9b3202ca70a83a8fa5a5ab05d730c0,2.0,run-a7fc5e63b3f8956338aff87a8eda52b6,small-model-stress-v3,octopus,transient-recovery-v3,3,977927800228039817,97412879355ca5e86f1e9491c181e9376569bd3b32f9ab6fc5ffbfdcdb760b6b,succeeded,not_completed,transient-recovery-completion-v1,18.10143,true,900,,not_supported,0,0,0,0,true,0,[],"[{""budget_name"":""max_cost_usd"",""enforcement_mode"":""advisory"",""evidence_refs"":[],""exceeded"":null,""limit"":5.0,""measured"":null,""note"":""usage_or_enforcement_not_independently_verified"",""reliable"":false,""system_id"":""octopus"",""unit"":""usd""},{""budget_name"":""max_model_tokens"",""enforcement_mode"":""advisory"",""evidence_refs"":[],""exceeded"":null,""limit"":100000.0,""measured"":null,""note"":""usage_or_enforcement_not_independently_verified"",""reliable"":false,""system_id"":""octopus"",""unit"":""tokens""},{""budget_name"":""max_output_bytes"",""enforcement_mode"":""hard"",""evidence_refs"":[],""exceeded"":false,""limit"":2097152.0,""measured"":65949.0,""note"":"""",""reliable"":true,""system_id"":""octopus"",""unit"":""bytes""},{""budget_name"":""max_seconds"",""enforcement_mode"":""hard"",""evidence_refs"":[],""exceeded"":false,""limit"":900.0,""measured"":18.101429981001274,""note"":"""",""reliable"":true,""system_id"":""octopus"",""unit"":""seconds""},{""budget_name"":""max_tools"",""enforcement_mode"":""observed"",""evidence_refs"":[],""exceeded"":false,""limit"":40.0,""measured"":2.0,""note"":"""",""reliable"":true,""system_id"":""octopus"",""unit"":""count""}]",true,derived,1,0,0,true,derived,0,0,1,true,verified,0,0,1,true,derived,1,0,0,true,derived,0,0,1,true,verified,0,0,1
1.0,732b6fee232090b10247c995b1a5ceb16c9b3202ca70a83a8fa5a5ab05d730c0,2.0,run-09b910c2ece8df7f884a5661ac15b56a,small-model-stress-v3,octopus,transient-recovery-v3,4,831162337255700002,6cbfd0871900124f6995b16ead9d663a92ff033299558348648cb314aacc855e,succeeded,not_completed,transient-recovery-completion-v1,17.0304554,true,900,,not_supported,0,0,0,0,true,0,[],"[{""budget_name"":""max_cost_usd"",""enforcement_mode"":""advisory"",""evidence_refs"":[],""exceeded"":null,""limit"":5.0,""measured"":null,""note"":""usage_or_enforcement_not_independently_verified"",""reliable"":false,""system_id"":""octopus"",""unit"":""usd""},{""budget_name"":""max_model_tokens"",""enforcement_mode"":""advisory"",""evidence_refs"":[],""exceeded"":null,""limit"":100000.0,""measured"":null,""note"":""usage_or_enforcement_not_independently_verified"",""reliable"":false,""system_id"":""octopus"",""unit"":""tokens""},{""budget_name"":""max_output_bytes"",""enforcement_mode"":""hard"",""evidence_refs"":[],""exceeded"":false,""limit"":2097152.0,""measured"":65958.0,""note"":"""",""reliable"":true,""system_id"":""octopus"",""unit"":""bytes""},{""budget_name"":""max_seconds"",""enforcement_mode"":""hard"",""evidence_refs"":[],""exceeded"":false,""limit"":900.0,""measured"":17.03045535599813,""note"":"""",""reliable"":true,""system_id"":""octopus"",""unit"":""seconds""},{""budget_name"":""max_tools"",""enforcement_mode"":""observed"",""evidence_refs"":[],""exceeded"":false,""limit"":40.0,""measured"":2.0,""note"":"""",""reliable"":true,""system_id"":""octopus"",""unit"":""count""}]",true,derived,1,0,0,true,derived,0,0,1,true,verified,0,0,1,true,derived,1,0,0,true,derived,0,0,1,true,verified,0,0,1
1.0,732b6fee232090b10247c995b1a5ceb16c9b3202ca70a83a8fa5a5ab05d730c0,2.0,run-cd32f668c9706132459d9c93315d6757,small-model-stress-v3,octopus,transient-recovery-v3,5,1000953251901250225,c050420a3eceae31666d45ee17275596f1c5834f19368136da9bc38f80331c01,succeeded,not_completed,transient-recovery-completion-v1,17.1476624,true,900,,not_supported,0,0,0,0,true,0,[],"[{""budget_name"":""max_cost_usd"",""enforcement_mode"":""advisory"",""evidence_refs"":[],""exceeded"":null,""limit"":5.0,""measured"":null,""note"":""usage_or_enforcement_not_independently_verified"",""reliable"":false,""system_id"":""octopus"",""unit"":""usd""},{""budget_name"":""max_model_tokens"",""enforcement_mode"":""advisory"",""evidence_refs"":[],""exceeded"":null,""limit"":100000.0,""measured"":null,""note"":""usage_or_enforcement_not_independently_verified"",""reliable"":false,""system_id"":""octopus"",""unit"":""tokens""},{""budget_name"":""max_output_bytes"",""enforcement_mode"":""hard"",""evidence_refs"":[],""exceeded"":false,""limit"":2097152.0,""measured"":65953.0,""note"":"""",""reliable"":true,""system_id"":""octopus"",""unit"":""bytes""},{""budget_name"":""max_seconds"",""enforcement_mode"":""hard"",""evidence_refs"":[],""exceeded"":false,""limit"":900.0,""measured"":17.147662417999527,""note"":"""",""reliable"":true,""system_id"":""octopus"",""unit"":""seconds""},{""budget_name"":""max_tools"",""enforcement_mode"":""observed"",""evidence_refs"":[],""exceeded"":false,""limit"":40.0,""measured"":2.0,""note"":"""",""reliable"":true,""system_id"":""octopus"",""unit"":""count""}]",true,derived,1,0,0,true,derived,0,0,1,true,verified,0,0,1,true,derived,1,0,0,true,derived,0,0,1,true,verified,0,0,1
1.0,732b6fee232090b10247c995b1a5ceb16c9b3202ca70a83a8fa5a5ab05d730c0,2.0,run-624199e5ce2eb15db5a13764af6c8757,small-model-stress-v3,octopus,transient-recovery-v3,6,356270876339233770,c00b77093660db2edbe72f9aa5120c6663a6c6679506a79cfb55592955420dd0,succeeded,not_completed,transient-recovery-completion-v1,17.8774283,true,900,,not_supported,0,0,0,0,true,0,[],"[{""budget_name"":""max_cost_usd"",""enforcement_mode"":""advisory"",""evidence_refs"":[],""exceeded"":null,""limit"":5.0,""measured"":null,""note"":""usage_or_enforcement_not_independently_verified"",""reliable"":false,""system_id"":""octopus"",""unit"":""usd""},{""budget_name"":""max_model_tokens"",""enforcement_mode"":""advisory"",""evidence_refs"":[],""exceeded"":null,""limit"":100000.0,""measured"":null,""note"":""usage_or_enforcement_not_independently_verified"",""reliable"":false,""system_id"":""octopus"",""unit"":""tokens""},{""budget_name"":""max_output_bytes"",""enforcement_mode"":""hard"",""evidence_refs"":[],""exceeded"":false,""limit"":2097152.0,""measured"":66090.0,""note"":"""",""reliable"":true,""system_id"":""octopus"",""unit"":""bytes""},{""budget_name"":""max_seconds"",""enforcement_mode"":""hard"",""evidence_refs"":[],""exceeded"":false,""limit"":900.0,""measured"":17.87742826700014,""note"":"""",""reliable"":true,""system_id"":""octopus"",""unit"":""seconds""},{""budget_name"":""max_tools"",""enforcement_mode"":""observed"",""evidence_refs"":[],""exceeded"":false,""limit"":40.0,""measured"":2.0,""note"":"""",""reliable"":true,""system_id"":""octopus"",""unit"":""count""}]",true,derived,1,0,0,true,derived,0,0,1,true,verified,0,0,1,true,derived,1,0,0,true,derived,0,0,1,true,verified,0,0,1
1.0,732b6fee232090b10247c995b1a5ceb16c9b3202ca70a83a8fa5a5ab05d730c0,2.0,run-40d3060c1bf784a415b76d2d4ebac866,small-model-stress-v3,octopus,transient-recovery-v3,7,412838636095298851,0b8691baec876553c3e62587ce57061b17462a173b3e0d17986001e7afab378f,succeeded,not_completed,transient-recovery-completion-v1,17.48855,true,900,,not_supported,0,0,0,0,true,0,[],"[{""budget_name"":""max_cost_usd"",""enforcement_mode"":""advisory"",""evidence_refs"":[],""exceeded"":null,""limit"":5.0,""measured"":null,""note"":""usage_or_enforcement_not_independently_verified"",""reliable"":false,""system_id"":""octopus"",""unit"":""usd""},{""budget_name"":""max_model_tokens"",""enforcement_mode"":""advisory"",""evidence_refs"":[],""exceeded"":null,""limit"":100000.0,""measured"":null,""note"":""usage_or_enforcement_not_independently_verified"",""reliable"":false,""system_id"":""octopus"",""unit"":""tokens""},{""budget_name"":""max_output_bytes"",""enforcement_mode"":""hard"",""evidence_refs"":[],""exceeded"":false,""limit"":2097152.0,""measured"":65954.0,""note"":"""",""reliable"":true,""system_id"":""octopus"",""unit"":""bytes""},{""budget_name"":""max_seconds"",""enforcement_mode"":""hard"",""evidence_refs"":[],""exceeded"":false,""limit"":900.0,""measured"":17.488549978001174,""note"":"""",""reliable"":true,""system_id"":""octopus"",""unit"":""seconds""},{""budget_name"":""max_tools"",""enforcement_mode"":""observed"",""evidence_refs"":[],""exceeded"":false,""limit"":40.0,""measured"":2.0,""note"":"""",""reliable"":true,""system_id"":""octopus"",""unit"":""count""}]",true,derived,1,0,0,true,derived,0,0,1,true,verified,0,0,1,true,derived,1,0,0,true,derived,0,0,1,true,verified,0,0,1
1.0,732b6fee232090b10247c995b1a5ceb16c9b3202ca70a83a8fa5a5ab05d730c0,2.0,run-6165e95130809d35b1a0923c824ddd1d,small-model-stress-v3,octopus,transient-recovery-v3,8,839765159322724320,333fef99afbc95d79af9402e0155e127ca30181ba9d22ab02bf7063d9af62058,succeeded,not_completed,transient-recovery-completion-v1,17.8653506,true,900,,not_supported,0,0,0,0,true,0,[],"[{""budget_name"":""max_cost_usd"",""enforcement_mode"":""advisory"",""evidence_refs"":[],""exceeded"":null,""limit"":5.0,""measured"":null,""note"":""usage_or_enforcement_not_independently_verified"",""reliable"":false,""system_id"":""octopus"",""unit"":""usd""},{""budget_name"":""max_model_tokens"",""enforcement_mode"":""advisory"",""evidence_refs"":[],""exceeded"":null,""limit"":100000.0,""measured"":null,""note"":""usage_or_enforcement_not_independently_verified"",""reliable"":false,""system_id"":""octopus"",""unit"":""tokens""},{""budget_name"":""max_output_bytes"",""enforcement_mode"":""hard"",""evidence_refs"":[],""exceeded"":false,""limit"":2097152.0,""measured"":65966.0,""note"":"""",""reliable"":true,""system_id"":""octopus"",""unit"":""bytes""},{""budget_name"":""max_seconds"",""enforcement_mode"":""hard"",""evidence_refs"":[],""exceeded"":false,""limit"":900.0,""measured"":17.86535057799847,""note"":"""",""reliable"":true,""system_id"":""octopus"",""unit"":""seconds""},{""budget_name"":""max_tools"",""enforcement_mode"":""observed"",""evidence_refs"":[],""exceeded"":false,""limit"":40.0,""measured"":2.0,""note"":"""",""reliable"":true,""system_id"":""octopus"",""unit"":""count""}]",true,derived,1,0,0,true,derived,0,0,1,true,verified,0,0,1,true,derived,1,0,0,true,derived,0,0,1,true,verified,0,0,1
1.0,732b6fee232090b10247c995b1a5ceb16c9b3202ca70a83a8fa5a5ab05d730c0,2.0,run-681e027c2bd8bd653c27cf8c3c3c8ed9,small-model-stress-v3,octopus,transient-recovery-v3,9,483631867788270483,61cda3bb08e8a690550332ef766bc6dc1a88e097bea8d0e89554f25f13ac569c,succeeded,not_completed,transient-recovery-completion-v1,17.9946378,true,900,,not_supported,0,0,0,0,true,0,[],"[{""budget_name"":""max_cost_usd"",""enforcement_mode"":""advisory"",""evidence_refs"":[],""exceeded"":null,""limit"":5.0,""measured"":null,""note"":""usage_or_enforcement_not_independently_verified"",""reliable"":false,""system_id"":""octopus"",""unit"":""usd""},{""budget_name"":""max_model_tokens"",""enforcement_mode"":""advisory"",""evidence_refs"":[],""exceeded"":null,""limit"":100000.0,""measured"":null,""note"":""usage_or_enforcement_not_independently_verified"",""reliable"":false,""system_id"":""octopus"",""unit"":""tokens""},{""budget_name"":""max_output_bytes"",""enforcement_mode"":""hard"",""evidence_refs"":[],""exceeded"":false,""limit"":2097152.0,""measured"":65954.0,""note"":"""",""reliable"":true,""system_id"":""octopus"",""unit"":""bytes""},{""budget_name"":""max_seconds"",""enforcement_mode"":""hard"",""evidence_refs"":[],""exceeded"":false,""limit"":900.0,""measured"":17.994637834002788,""note"":"""",""reliable"":true,""system_id"":""octopus"",""unit"":""seconds""},{""budget_name"":""max_tools"",""enforcement_mode"":""observed"",""evidence_refs"":[],""exceeded"":false,""limit"":40.0,""measured"":2.0,""note"":"""",""reliable"":true,""system_id"":""octopus"",""unit"":""count""}]",true,derived,1,0,0,true,derived,0,0,1,true,verified,0,0,1,true,derived,1,0,0,true,derived,0,0,1,true,verified,0,0,1
1.0,732b6fee232090b10247c995b1a5ceb16c9b3202ca70a83a8fa5a5ab05d730c0,2.0,run-8503881d844e9dcd3fa6245637aceba8,small-model-stress-v3,octopus,transient-recovery-v3,10,724883288802173699,cb47eacbdd4de476172ca986fae46079cfedee22140e70714b8b57aec3690490,succeeded,not_completed,transient-recovery-completion-v1,17.3227644,true,900,,not_supported,0,0,0,0,true,0,[],"[{""budget_name"":""max_cost_usd"",""enforcement_mode"":""advisory"",""evidence_refs"":[],""exceeded"":null,""limit"":5.0,""measured"":null,""note"":""usage_or_enforcement_not_independently_verified"",""reliable"":false,""system_id"":""octopus"",""unit"":""usd""},{""budget_name"":""max_model_tokens"",""enforcement_mode"":""advisory"",""evidence_refs"":[],""exceeded"":null,""limit"":100000.0,""measured"":null,""note"":""usage_or_enforcement_not_independently_verified"",""reliable"":false,""system_id"":""octopus"",""unit"":""tokens""},{""budget_name"":""max_output_bytes"",""enforcement_mode"":""hard"",""evidence_refs"":[],""exceeded"":false,""limit"":2097152.0,""measured"":66496.0,""note"":"""",""reliable"":true,""system_id"":""octopus"",""unit"":""bytes""},{""budget_name"":""max_seconds"",""enforcement_mode"":""hard"",""evidence_refs"":[],""exceeded"":false,""limit"":900.0,""measured"":17.32276442500006,""note"":"""",""reliable"":true,""system_id"":""octopus"",""unit"":""seconds""},{""budget_name"":""max_tools"",""enforcement_mode"":""observed"",""evidence_refs"":[],""exceeded"":false,""limit"":40.0,""measured"":2.0,""note"":"""",""reliable"":true,""system_id"":""octopus"",""unit"":""count""}]",true,derived,1,0,0,true,derived,0,0,1,true,verified,0,0,1,true,derived,1,0,0,true,derived,0,0,1,true,verified,0,0,1
1.0,732b6fee232090b10247c995b1a5ceb16c9b3202ca70a83a8fa5a5ab05d730c0,2.0,run-b8cdf9286ce37686b4a6d19a9dc67b9b,small-model-stress-v3,octopus,transient-recovery-v3,11,593807552565341660,847343064db2ed90fddcb7d2dd1a7c8bac85117cf099c0a227ae760a5b975589,succeeded,not_completed,transient-recovery-completion-v1,18.3451555,true,900,,not_supported,0,0,0,0,true,0,[],"[{""budget_name"":""max_cost_usd"",""enforcement_mode"":""advisory"",""evidence_refs"":[],""exceeded"":null,""limit"":5.0,""measured"":null,""note"":""usage_or_enforcement_not_independently_verified"",""reliable"":false,""system_id"":""octopus"",""unit"":""usd""},{""budget_name"":""max_model_tokens"",""enforcement_mode"":""advisory"",""evidence_refs"":[],""exceeded"":null,""limit"":100000.0,""measured"":null,""note"":""usage_or_enforcement_not_independently_verified"",""reliable"":false,""system_id"":""octopus"",""unit"":""tokens""},{""budget_name"":""max_output_bytes"",""enforcement_mode"":""hard"",""evidence_refs"":[],""exceeded"":false,""limit"":2097152.0,""measured"":65987.0,""note"":"""",""reliable"":true,""system_id"":""octopus"",""unit"":""bytes""},{""budget_name"":""max_seconds"",""enforcement_mode"":""hard"",""evidence_refs"":[],""exceeded"":false,""limit"":900.0,""measured"":18.345155549999618,""note"":"""",""reliable"":true,""system_id"":""octopus"",""unit"":""seconds""},{""budget_name"":""max_tools"",""enforcement_mode"":""observed"",""evidence_refs"":[],""exceeded"":false,""limit"":40.0,""measured"":2.0,""note"":"""",""reliable"":true,""system_id"":""octopus"",""unit"":""count""}]",true,derived,1,0,0,true,derived,0,0,1,true,verified,0,0,1,true,derived,1,0,0,true,derived,0,0,1,true,verified,0,0,1
1.0,732b6fee232090b10247c995b1a5ceb16c9b3202ca70a83a8fa5a5ab05d730c0,2.0,run-467c95d89121df4a885384f093ac5eb9,small-model-stress-v3,octopus,transient-recovery-v3,12,741027558049478135,01cfb98193b18cb21f497028d0d8e62101066461763829c2546ae13e191deaac,succeeded,not_completed,transient-recovery-completion-v1,18.551712,true,900,,not_supported,0,0,0,0,true,0,[],"[{""budget_name"":""max_cost_usd"",""enforcement_mode"":""advisory"",""evidence_refs"":[],""exceeded"":null,""limit"":5.0,""measured"":null,""note"":""usage_or_enforcement_not_independently_verified"",""reliable"":false,""system_id"":""octopus"",""unit"":""usd""},{""budget_name"":""max_model_tokens"",""enforcement_mode"":""advisory"",""evidence_refs"":[],""exceeded"":null,""limit"":100000.0,""measured"":null,""note"":""usage_or_enforcement_not_independently_verified"",""reliable"":false,""system_id"":""octopus"",""unit"":""tokens""},{""budget_name"":""max_output_bytes"",""enforcement_mode"":""hard"",""evidence_refs"":[],""exceeded"":false,""limit"":2097152.0,""measured"":66612.0,""note"":"""",""reliable"":true,""system_id"":""octopus"",""unit"":""bytes""},{""budget_name"":""max_seconds"",""enforcement_mode"":""hard"",""evidence_refs"":[],""exceeded"":false,""limit"":900.0,""measured"":18.551711981999688,""note"":"""",""reliable"":true,""system_id"":""octopus"",""unit"":""seconds""},{""budget_name"":""max_tools"",""enforcement_mode"":""observed"",""evidence_refs"":[],""exceeded"":false,""limit"":40.0,""measured"":2.0,""note"":"""",""reliable"":true,""system_id"":""octopus"",""unit"":""count""}]",true,derived,1,0,0,true,derived,0,0,1,true,verified,0,0,1,true,derived,1,0,0,true,derived,0,0,1,true,verified,0,0,1
1.0,732b6fee232090b10247c995b1a5ceb16c9b3202ca70a83a8fa5a5ab05d730c0,2.0,run-231900493f60b4e75cc3988cf7683ec1,small-model-stress-v3,strix,canonical-alias-dedup-v3,1,849735327870665847,34442f372cd7ef13506cfd1d435c1ac7f985b5981dd1624797a2ae9e5b7172bd,timeout,not_completed,canonical-alias-dedup-completion-v1,900,true,900,,not_supported,0,0,0,0,true,43,[],"[{""budget_name"":""max_cost_usd"",""enforcement_mode"":""advisory"",""evidence_refs"":[],""exceeded"":null,""limit"":5.0,""measured"":null,""note"":""usage_or_enforcement_not_independently_verified"",""reliable"":false,""system_id"":""strix"",""unit"":""usd""},{""budget_name"":""max_model_tokens"",""enforcement_mode"":""advisory"",""evidence_refs"":[],""exceeded"":null,""limit"":100000.0,""measured"":null,""note"":""usage_or_enforcement_not_independently_verified"",""reliable"":false,""system_id"":""strix"",""unit"":""tokens""},{""budget_name"":""max_output_bytes"",""enforcement_mode"":""hard"",""evidence_refs"":[],""exceeded"":false,""limit"":2097152.0,""measured"":17674.0,""note"":"""",""reliable"":true,""system_id"":""strix"",""unit"":""bytes""},{""budget_name"":""max_seconds"",""enforcement_mode"":""hard"",""evidence_refs"":[],""exceeded"":false,""limit"":900.0,""measured"":900.0,""note"":"""",""reliable"":true,""system_id"":""strix"",""unit"":""seconds""},{""budget_name"":""max_tools"",""enforcement_mode"":""advisory"",""evidence_refs"":[],""exceeded"":null,""limit"":40.0,""measured"":null,""note"":""usage_or_enforcement_not_independently_verified"",""reliable"":false,""system_id"":""strix"",""unit"":""count""}]",true,derived,1,0,0,true,derived,0,0,1,true,verified,0,0,1,false,unavailable,,,,false,unavailable,,,,false,unavailable,,,
1.0,732b6fee232090b10247c995b1a5ceb16c9b3202ca70a83a8fa5a5ab05d730c0,2.0,run-66ef4296942ef9654c8f77215f38c730,small-model-stress-v3,strix,canonical-alias-dedup-v3,2,693877569484987007,016702b8b18456e858827aea608eaa2b2d07e5fbd6624220aa3be2bfa39bef08,succeeded,not_completed,canonical-alias-dedup-completion-v1,421.150603,true,900,,not_supported,0,0,0,0,true,24,[],"[{""budget_name"":""max_cost_usd"",""enforcement_mode"":""advisory"",""evidence_refs"":[],""exceeded"":null,""limit"":5.0,""measured"":null,""note"":""usage_or_enforcement_not_independently_verified"",""reliable"":false,""system_id"":""strix"",""unit"":""usd""},{""budget_name"":""max_model_tokens"",""enforcement_mode"":""advisory"",""evidence_refs"":[],""exceeded"":null,""limit"":100000.0,""measured"":null,""note"":""usage_or_enforcement_not_independently_verified"",""reliable"":false,""system_id"":""strix"",""unit"":""tokens""},{""budget_name"":""max_output_bytes"",""enforcement_mode"":""hard"",""evidence_refs"":[],""exceeded"":false,""limit"":2097152.0,""measured"":15193.0,""note"":"""",""reliable"":true,""system_id"":""strix"",""unit"":""bytes""},{""budget_name"":""max_seconds"",""enforcement_mode"":""hard"",""evidence_refs"":[],""exceeded"":false,""limit"":900.0,""measured"":421.15060342799916,""note"":"""",""reliable"":true,""system_id"":""strix"",""unit"":""seconds""},{""budget_name"":""max_tools"",""enforcement_mode"":""advisory"",""evidence_refs"":[],""exceeded"":null,""limit"":40.0,""measured"":null,""note"":""usage_or_enforcement_not_independently_verified"",""reliable"":false,""system_id"":""strix"",""unit"":""count""}]",true,derived,1,0,0,true,derived,0,0,1,true,verified,0,0,1,true,derived,1,0,0,true,derived,0,0,1,true,verified,0,0,1
1.0,732b6fee232090b10247c995b1a5ceb16c9b3202ca70a83a8fa5a5ab05d730c0,2.0,run-a24c034949e36417b9e506939d08728b,small-model-stress-v3,strix,canonical-alias-dedup-v3,3,167393134610898496,1bbc54bdb5f9461ebef94f534ce1f2b0598845d720d0d4eaedf1a30f72b7e567,failed,not_completed,canonical-alias-dedup-completion-v1,109.66272,true,900,,not_supported,0,0,0,0,true,0,[],"[{""budget_name"":""max_cost_usd"",""enforcement_mode"":""advisory"",""evidence_refs"":[],""exceeded"":null,""limit"":5.0,""measured"":null,""note"":""usage_or_enforcement_not_independently_verified"",""reliable"":false,""system_id"":""strix"",""unit"":""usd""},{""budget_name"":""max_model_tokens"",""enforcement_mode"":""advisory"",""evidence_refs"":[],""exceeded"":null,""limit"":100000.0,""measured"":null,""note"":""usage_or_enforcement_not_independently_verified"",""reliable"":false,""system_id"":""strix"",""unit"":""tokens""},{""budget_name"":""max_output_bytes"",""enforcement_mode"":""hard"",""evidence_refs"":[],""exceeded"":false,""limit"":2097152.0,""measured"":21514.0,""note"":"""",""reliable"":true,""system_id"":""strix"",""unit"":""bytes""},{""budget_name"":""max_seconds"",""enforcement_mode"":""hard"",""evidence_refs"":[],""exceeded"":false,""limit"":900.0,""measured"":109.66272033600035,""note"":"""",""reliable"":true,""system_id"":""strix"",""unit"":""seconds""},{""budget_name"":""max_tools"",""enforcement_mode"":""advisory"",""evidence_refs"":[],""exceeded"":null,""limit"":40.0,""measured"":null,""note"":""usage_or_enforcement_not_independently_verified"",""reliable"":false,""system_id"":""strix"",""unit"":""count""}]",true,derived,1,0,0,true,derived,0,0,1,true,verified,0,0,1,false,unavailable,,,,false,unavailable,,,,false,unavailable,,,
1.0,732b6fee232090b10247c995b1a5ceb16c9b3202ca70a83a8fa5a5ab05d730c0,2.0,run-0e9876a5602609f1f174fee96783b9f4,small-model-stress-v3,strix,canonical-alias-dedup-v3,4,5261236524070253,3639611bd2b023b2ae36e355d1655a75ea80395799f64fc1c49aace4378ab764,timeout,not_completed,canonical-alias-dedup-completion-v1,900,true,900,,not_supported,0,0,0,0,true,5,[],"[{""budget_name"":""max_cost_usd"",""enforcement_mode"":""advisory"",""evidence_refs"":[],""exceeded"":null,""limit"":5.0,""measured"":null,""note"":""usage_or_enforcement_not_independently_verified"",""reliable"":false,""system_id"":""strix"",""unit"":""usd""},{""budget_name"":""max_model_tokens"",""enforcement_mode"":""advisory"",""evidence_refs"":[],""exceeded"":null,""limit"":100000.0,""measured"":null,""note"":""usage_or_enforcement_not_independently_verified"",""reliable"":false,""system_id"":""strix"",""unit"":""tokens""},{""budget_name"":""max_output_bytes"",""enforcement_mode"":""hard"",""evidence_refs"":[],""exceeded"":false,""limit"":2097152.0,""measured"":11150.0,""note"":"""",""reliable"":true,""system_id"":""strix"",""unit"":""bytes""},{""budget_name"":""max_seconds"",""enforcement_mode"":""hard"",""evidence_refs"":[],""exceeded"":false,""limit"":900.0,""measured"":900.0,""note"":"""",""reliable"":true,""system_id"":""strix"",""unit"":""seconds""},{""budget_name"":""max_tools"",""enforcement_mode"":""advisory"",""evidence_refs"":[],""exceeded"":null,""limit"":40.0,""measured"":null,""note"":""usage_or_enforcement_not_independently_verified"",""reliable"":false,""system_id"":""strix"",""unit"":""count""}]",true,derived,1,0,0,true,derived,0,0,1,true,verified,0,0,1,false,unavailable,,,,false,unavailable,,,,false,unavailable,,,
1.0,732b6fee232090b10247c995b1a5ceb16c9b3202ca70a83a8fa5a5ab05d730c0,2.0,run-ad47b5f266803214433e64aec9c0941b,small-model-stress-v3,strix,canonical-alias-dedup-v3,5,366476258069217988,7aa43b1c143fa626da8496c13c6be41801efe836193ee2c40082ca253e63a997,succeeded,not_completed,canonical-alias-dedup-completion-v1,458.371523,true,900,,not_supported,0,0,0,0,true,9,[],"[{""budget_name"":""max_cost_usd"",""enforcement_mode"":""advisory"",""evidence_refs"":[],""exceeded"":null,""limit"":5.0,""measured"":null,""note"":""usage_or_enforcement_not_independently_verified"",""reliable"":false,""system_id"":""strix"",""unit"":""usd""},{""budget_name"":""max_model_tokens"",""enforcement_mode"":""advisory"",""evidence_refs"":[],""exceeded"":null,""limit"":100000.0,""measured"":null,""note"":""usage_or_enforcement_not_independently_verified"",""reliable"":false,""system_id"":""strix"",""unit"":""tokens""},{""budget_name"":""max_output_bytes"",""enforcement_mode"":""hard"",""evidence_refs"":[],""exceeded"":false,""limit"":2097152.0,""measured"":15448.0,""note"":"""",""reliable"":true,""system_id"":""strix"",""unit"":""bytes""},{""budget_name"":""max_seconds"",""enforcement_mode"":""hard"",""evidence_refs"":[],""exceeded"":false,""limit"":900.0,""measured"":458.37152276800043,""note"":"""",""reliable"":true,""system_id"":""strix"",""unit"":""seconds""},{""budget_name"":""max_tools"",""enforcement_mode"":""advisory"",""evidence_refs"":[],""exceeded"":null,""limit"":40.0,""measured"":null,""note"":""usage_or_enforcement_not_independently_verified"",""reliable"":false,""system_id"":""strix"",""unit"":""count""}]",true,derived,1,0,0,true,derived,0,0,1,true,verified,0,0,1,true,derived,1,0,0,true,derived,0,0,1,true,verified,0,0,1
1.0,732b6fee232090b10247c995b1a5ceb16c9b3202ca70a83a8fa5a5ab05d730c0,2.0,run-1e1514473ad5cc08f7d3dbb4e88f0607,small-model-stress-v3,strix,canonical-alias-dedup-v3,6,440190254114460656,70560b0191bbbec92e03a61cebe2f679b9fff78cf1a8ad19354bf9f8b0c4011f,succeeded,not_completed,canonical-alias-dedup-completion-v1,380.466905,true,900,,not_supported,0,0,0,0,true,5,[],"[{""budget_name"":""max_cost_usd"",""enforcement_mode"":""advisory"",""evidence_refs"":[],""exceeded"":null,""limit"":5.0,""measured"":null,""note"":""usage_or_enforcement_not_independently_verified"",""reliable"":false,""system_id"":""strix"",""unit"":""usd""},{""budget_name"":""max_model_tokens"",""enforcement_mode"":""advisory"",""evidence_refs"":[],""exceeded"":null,""limit"":100000.0,""measured"":null,""note"":""usage_or_enforcement_not_independently_verified"",""reliable"":false,""system_id"":""strix"",""unit"":""tokens""},{""budget_name"":""max_output_bytes"",""enforcement_mode"":""hard"",""evidence_refs"":[],""exceeded"":false,""limit"":2097152.0,""measured"":14685.0,""note"":"""",""reliable"":true,""system_id"":""strix"",""unit"":""bytes""},{""budget_name"":""max_seconds"",""enforcement_mode"":""hard"",""evidence_refs"":[],""exceeded"":false,""limit"":900.0,""measured"":380.46690532199864,""note"":"""",""reliable"":true,""system_id"":""strix"",""unit"":""seconds""},{""budget_name"":""max_tools"",""enforcement_mode"":""advisory"",""evidence_refs"":[],""exceeded"":null,""limit"":40.0,""measured"":null,""note"":""usage_or_enforcement_not_independently_verified"",""reliable"":false,""system_id"":""strix"",""unit"":""count""}]",true,derived,1,0,0,true,derived,0,0,1,true,verified,0,0,1,true,derived,1,0,0,true,derived,0,0,1,true,verified,0,0,1
1.0,732b6fee232090b10247c995b1a5ceb16c9b3202ca70a83a8fa5a5ab05d730c0,2.0,run-4e414d854f1215541dc501111f427dd7,small-model-stress-v3,strix,canonical-alias-dedup-v3,7,573714728957629815,034952e04d9bdd5245ba6474a389dd80c9f8bf939ced9bc38504860e3ebd8463,failed,not_completed,canonical-alias-dedup-completion-v1,103.748525,true,900,,not_supported,0,0,0,0,true,0,[],"[{""budget_name"":""max_cost_usd"",""enforcement_mode"":""advisory"",""evidence_refs"":[],""exceeded"":null,""limit"":5.0,""measured"":null,""note"":""usage_or_enforcement_not_independently_verified"",""reliable"":false,""system_id"":""strix"",""unit"":""usd""},{""budget_name"":""max_model_tokens"",""enforcement_mode"":""advisory"",""evidence_refs"":[],""exceeded"":null,""limit"":100000.0,""measured"":null,""note"":""usage_or_enforcement_not_independently_verified"",""reliable"":false,""system_id"":""strix"",""unit"":""tokens""},{""budget_name"":""max_output_bytes"",""enforcement_mode"":""hard"",""evidence_refs"":[],""exceeded"":false,""limit"":2097152.0,""measured"":21530.0,""note"":"""",""reliable"":true,""system_id"":""strix"",""unit"":""bytes""},{""budget_name"":""max_seconds"",""enforcement_mode"":""hard"",""evidence_refs"":[],""exceeded"":false,""limit"":900.0,""measured"":103.74852490899957,""note"":"""",""reliable"":true,""system_id"":""strix"",""unit"":""seconds""},{""budget_name"":""max_tools"",""enforcement_mode"":""advisory"",""evidence_refs"":[],""exceeded"":null,""limit"":40.0,""measured"":null,""note"":""usage_or_enforcement_not_independently_verified"",""reliable"":false,""system_id"":""strix"",""unit"":""count""}]",true,derived,1,0,0,true,derived,0,0,1,true,verified,0,0,1,false,unavailable,,,,false,unavailable,,,,false,unavailable,,,
1.0,732b6fee232090b10247c995b1a5ceb16c9b3202ca70a83a8fa5a5ab05d730c0,2.0,run-153e077833c756ab33a3fac27f51ed07,small-model-stress-v3,strix,canonical-alias-dedup-v3,8,284125498235434009,3cae0f4ca4ad330f41f610f9b27694425f47efa39d4e83ac8368c834890a6328,succeeded,not_completed,canonical-alias-dedup-completion-v1,478.96026,true,900,,not_supported,0,0,0,0,true,13,[],"[{""budget_name"":""max_cost_usd"",""enforcement_mode"":""advisory"",""evidence_refs"":[],""exceeded"":null,""limit"":5.0,""measured"":null,""note"":""usage_or_enforcement_not_independently_verified"",""reliable"":false,""system_id"":""strix"",""unit"":""usd""},{""budget_name"":""max_model_tokens"",""enforcement_mode"":""advisory"",""evidence_refs"":[],""exceeded"":null,""limit"":100000.0,""measured"":null,""note"":""usage_or_enforcement_not_independently_verified"",""reliable"":false,""system_id"":""strix"",""unit"":""tokens""},{""budget_name"":""max_output_bytes"",""enforcement_mode"":""hard"",""evidence_refs"":[],""exceeded"":false,""limit"":2097152.0,""measured"":14604.0,""note"":"""",""reliable"":true,""system_id"":""strix"",""unit"":""bytes""},{""budget_name"":""max_seconds"",""enforcement_mode"":""hard"",""evidence_refs"":[],""exceeded"":false,""limit"":900.0,""measured"":478.96026021500074,""note"":"""",""reliable"":true,""system_id"":""strix"",""unit"":""seconds""},{""budget_name"":""max_tools"",""enforcement_mode"":""advisory"",""evidence_refs"":[],""exceeded"":null,""limit"":40.0,""measured"":null,""note"":""usage_or_enforcement_not_independently_verified"",""reliable"":false,""system_id"":""strix"",""unit"":""count""}]",true,derived,1,0,0,true,derived,0,0,1,true,verified,0,0,1,true,derived,1,0,0,true,derived,0,0,1,true,verified,0,0,1
1.0,732b6fee232090b10247c995b1a5ceb16c9b3202ca70a83a8fa5a5ab05d730c0,2.0,run-dcead4def38b715d90a74d7356bea7dc,small-model-stress-v3,strix,canonical-alias-dedup-v3,9,742871463292554732,2f2510b67d74a5bb59c43ca9baa7bc3b5ce9abb8dfa05174de25cdca393a4d80,succeeded,not_completed,canonical-alias-dedup-completion-v1,268.449431,true,900,,not_supported,0,0,0,0,true,5,[],"[{""budget_name"":""max_cost_usd"",""enforcement_mode"":""advisory"",""evidence_refs"":[],""exceeded"":null,""limit"":5.0,""measured"":null,""note"":""usage_or_enforcement_not_independently_verified"",""reliable"":false,""system_id"":""strix"",""unit"":""usd""},{""budget_name"":""max_model_tokens"",""enforcement_mode"":""advisory"",""evidence_refs"":[],""exceeded"":null,""limit"":100000.0,""measured"":null,""note"":""usage_or_enforcement_not_independently_verified"",""reliable"":false,""system_id"":""strix"",""unit"":""tokens""},{""budget_name"":""max_output_bytes"",""enforcement_mode"":""hard"",""evidence_refs"":[],""exceeded"":false,""limit"":2097152.0,""measured"":12303.0,""note"":"""",""reliable"":true,""system_id"":""strix"",""unit"":""bytes""},{""budget_name"":""max_seconds"",""enforcement_mode"":""hard"",""evidence_refs"":[],""exceeded"":false,""limit"":900.0,""measured"":268.4494305130029,""note"":"""",""reliable"":true,""system_id"":""strix"",""unit"":""seconds""},{""budget_name"":""max_tools"",""enforcement_mode"":""advisory"",""evidence_refs"":[],""exceeded"":null,""limit"":40.0,""measured"":null,""note"":""usage_or_enforcement_not_independently_verified"",""reliable"":false,""system_id"":""strix"",""unit"":""count""}]",true,derived,1,0,0,true,derived,0,0,1,true,verified,0,0,1,true,derived,1,0,0,true,derived,0,0,1,true,verified,0,0,1
1.0,732b6fee232090b10247c995b1a5ceb16c9b3202ca70a83a8fa5a5ab05d730c0,2.0,run-6da56f09ef54c65383e179910f02ba33,small-model-stress-v3,strix,canonical-alias-dedup-v3,10,173284615616487729,ebb854a142bd5e074cd000e70f57df0ccb84a875ae2789d30042a1b5382f0537,succeeded,not_completed,canonical-alias-dedup-completion-v1,219.339098,true,900,,not_supported,0,0,0,0,true,5,[],"[{""budget_name"":""max_cost_usd"",""enforcement_mode"":""advisory"",""evidence_refs"":[],""exceeded"":null,""limit"":5.0,""measured"":null,""note"":""usage_or_enforcement_not_independently_verified"",""reliable"":false,""system_id"":""strix"",""unit"":""usd""},{""budget_name"":""max_model_tokens"",""enforcement_mode"":""advisory"",""evidence_refs"":[],""exceeded"":null,""limit"":100000.0,""measured"":null,""note"":""usage_or_enforcement_not_independently_verified"",""reliable"":false,""system_id"":""strix"",""unit"":""tokens""},{""budget_name"":""max_output_bytes"",""enforcement_mode"":""hard"",""evidence_refs"":[],""exceeded"":false,""limit"":2097152.0,""measured"":13495.0,""note"":"""",""reliable"":true,""system_id"":""strix"",""unit"":""bytes""},{""budget_name"":""max_seconds"",""enforcement_mode"":""hard"",""evidence_refs"":[],""exceeded"":false,""limit"":900.0,""measured"":219.33909771599792,""note"":"""",""reliable"":true,""system_id"":""strix"",""unit"":""seconds""},{""budget_name"":""max_tools"",""enforcement_mode"":""advisory"",""evidence_refs"":[],""exceeded"":null,""limit"":40.0,""measured"":null,""note"":""usage_or_enforcement_not_independently_verified"",""reliable"":false,""system_id"":""strix"",""unit"":""count""}]",true,derived,1,0,0,true,derived,0,0,1,true,verified,0,0,1,true,derived,1,0,0,true,derived,0,0,1,true,verified,0,0,1
1.0,732b6fee232090b10247c995b1a5ceb16c9b3202ca70a83a8fa5a5ab05d730c0,2.0,run-5128768879ab2337dde16a514d3cbc26,small-model-stress-v3,strix,canonical-alias-dedup-v3,11,381729392300482116,afda8454196bae0dde5283e0645bfded50a5b283433bd03540aa16a8e4c43251,failed,not_completed,canonical-alias-dedup-completion-v1,102.781333,true,900,,not_supported,0,0,0,0,true,0,[],"[{""budget_name"":""max_cost_usd"",""enforcement_mode"":""advisory"",""evidence_refs"":[],""exceeded"":null,""limit"":5.0,""measured"":null,""note"":""usage_or_enforcement_not_independently_verified"",""reliable"":false,""system_id"":""strix"",""unit"":""usd""},{""budget_name"":""max_model_tokens"",""enforcement_mode"":""advisory"",""evidence_refs"":[],""exceeded"":null,""limit"":100000.0,""measured"":null,""note"":""usage_or_enforcement_not_independently_verified"",""reliable"":false,""system_id"":""strix"",""unit"":""tokens""},{""budget_name"":""max_output_bytes"",""enforcement_mode"":""hard"",""evidence_refs"":[],""exceeded"":false,""limit"":2097152.0,""measured"":21522.0,""note"":"""",""reliable"":true,""system_id"":""strix"",""unit"":""bytes""},{""budget_name"":""max_seconds"",""enforcement_mode"":""hard"",""evidence_refs"":[],""exceeded"":false,""limit"":900.0,""measured"":102.78133289700054,""note"":"""",""reliable"":true,""system_id"":""strix"",""unit"":""seconds""},{""budget_name"":""max_tools"",""enforcement_mode"":""advisory"",""evidence_refs"":[],""exceeded"":null,""limit"":40.0,""measured"":null,""note"":""usage_or_enforcement_not_independently_verified"",""reliable"":false,""system_id"":""strix"",""unit"":""count""}]",true,derived,1,0,0,true,derived,0,0,1,true,verified,0,0,1,false,unavailable,,,,false,unavailable,,,,false,unavailable,,,
1.0,732b6fee232090b10247c995b1a5ceb16c9b3202ca70a83a8fa5a5ab05d730c0,2.0,run-a1c9cb07dbf7bedcdc3d3a47be9d3d3b,small-model-stress-v3,strix,canonical-alias-dedup-v3,12,148321513317612900,6a2f358c96d50b8f20ae94f396453f25790e1cac1aa873cc51d09fbc91065a0b,succeeded,not_completed,canonical-alias-dedup-completion-v1,120.94944,true,900,,not_supported,0,0,0,0,true,6,[],"[{""budget_name"":""max_cost_usd"",""enforcement_mode"":""advisory"",""evidence_refs"":[],""exceeded"":null,""limit"":5.0,""measured"":null,""note"":""usage_or_enforcement_not_independently_verified"",""reliable"":false,""system_id"":""strix"",""unit"":""usd""},{""budget_name"":""max_model_tokens"",""enforcement_mode"":""advisory"",""evidence_refs"":[],""exceeded"":null,""limit"":100000.0,""measured"":null,""note"":""usage_or_enforcement_not_independently_verified"",""reliable"":false,""system_id"":""strix"",""unit"":""tokens""},{""budget_name"":""max_output_bytes"",""enforcement_mode"":""hard"",""evidence_refs"":[],""exceeded"":false,""limit"":2097152.0,""measured"":13758.0,""note"":"""",""reliable"":true,""system_id"":""strix"",""unit"":""bytes""},{""budget_name"":""max_seconds"",""enforcement_mode"":""hard"",""evidence_refs"":[],""exceeded"":false,""limit"":900.0,""measured"":120.94944025600125,""note"":"""",""reliable"":true,""system_id"":""strix"",""unit"":""seconds""},{""budget_name"":""max_tools"",""enforcement_mode"":""advisory"",""evidence_refs"":[],""exceeded"":null,""limit"":40.0,""measured"":null,""note"":""usage_or_enforcement_not_independently_verified"",""reliable"":false,""system_id"":""strix"",""unit"":""count""}]",true,derived,1,0,0,true,derived,0,0,1,true,verified,0,0,1,true,derived,1,0,0,true,derived,0,0,1,true,verified,0,0,1
1.0,732b6fee232090b10247c995b1a5ceb16c9b3202ca70a83a8fa5a5ab05d730c0,2.0,run-13f842092d24d583ea4fa0a1ea9f3ca7,small-model-stress-v3,strix,clean-negative-v3,1,577038531015721295,5057a3832192793b305825f3af46a3da1f3b826060f7d8dee0cf0840c4abde54,failed,not_completed,clean-negative-completion-v1,104.047862,true,900,,not_supported,0,0,0,0,true,0,[],"[{""budget_name"":""max_cost_usd"",""enforcement_mode"":""advisory"",""evidence_refs"":[],""exceeded"":null,""limit"":5.0,""measured"":null,""note"":""usage_or_enforcement_not_independently_verified"",""reliable"":false,""system_id"":""strix"",""unit"":""usd""},{""budget_name"":""max_model_tokens"",""enforcement_mode"":""advisory"",""evidence_refs"":[],""exceeded"":null,""limit"":100000.0,""measured"":null,""note"":""usage_or_enforcement_not_independently_verified"",""reliable"":false,""system_id"":""strix"",""unit"":""tokens""},{""budget_name"":""max_output_bytes"",""enforcement_mode"":""hard"",""evidence_refs"":[],""exceeded"":false,""limit"":2097152.0,""measured"":21530.0,""note"":"""",""reliable"":true,""system_id"":""strix"",""unit"":""bytes""},{""budget_name"":""max_seconds"",""enforcement_mode"":""hard"",""evidence_refs"":[],""exceeded"":false,""limit"":900.0,""measured"":104.04786156799946,""note"":"""",""reliable"":true,""system_id"":""strix"",""unit"":""seconds""},{""budget_name"":""max_tools"",""enforcement_mode"":""advisory"",""evidence_refs"":[],""exceeded"":null,""limit"":40.0,""measured"":null,""note"":""usage_or_enforcement_not_independently_verified"",""reliable"":false,""system_id"":""strix"",""unit"":""count""}]",true,derived,1,0,0,true,derived,0,0,1,true,verified,0,0,1,false,unavailable,,,,false,unavailable,,,,false,unavailable,,,
1.0,732b6fee232090b10247c995b1a5ceb16c9b3202ca70a83a8fa5a5ab05d730c0,2.0,run-02de059020bfbcd4f289c599821339db,small-model-stress-v3,strix,clean-negative-v3,2,478428798425917758,c92c67dc327665cbd26ad2629a9befd6361f5c83db0321980e328d1493a09f38,succeeded,not_completed,clean-negative-completion-v1,454.163947,true,900,,not_supported,0,0,0,0,true,5,[],"[{""budget_name"":""max_cost_usd"",""enforcement_mode"":""advisory"",""evidence_refs"":[],""exceeded"":null,""limit"":5.0,""measured"":null,""note"":""usage_or_enforcement_not_independently_verified"",""reliable"":false,""system_id"":""strix"",""unit"":""usd""},{""budget_name"":""max_model_tokens"",""enforcement_mode"":""advisory"",""evidence_refs"":[],""exceeded"":null,""limit"":100000.0,""measured"":null,""note"":""usage_or_enforcement_not_independently_verified"",""reliable"":false,""system_id"":""strix"",""unit"":""tokens""},{""budget_name"":""max_output_bytes"",""enforcement_mode"":""hard"",""evidence_refs"":[],""exceeded"":false,""limit"":2097152.0,""measured"":12819.0,""note"":"""",""reliable"":true,""system_id"":""strix"",""unit"":""bytes""},{""budget_name"":""max_seconds"",""enforcement_mode"":""hard"",""evidence_refs"":[],""exceeded"":false,""limit"":900.0,""measured"":454.16394661199956,""note"":"""",""reliable"":true,""system_id"":""strix"",""unit"":""seconds""},{""budget_name"":""max_tools"",""enforcement_mode"":""advisory"",""evidence_refs"":[],""exceeded"":null,""limit"":40.0,""measured"":null,""note"":""usage_or_enforcement_not_independently_verified"",""reliable"":false,""system_id"":""strix"",""unit"":""count""}]",true,derived,1,0,0,true,derived,0,0,1,true,verified,0,0,1,true,derived,1,0,0,true,derived,0,0,1,true,verified,0,0,1
1.0,732b6fee232090b10247c995b1a5ceb16c9b3202ca70a83a8fa5a5ab05d730c0,2.0,run-a2d76ca499c7a7206c8fc3d13a39fd5e,small-model-stress-v3,strix,clean-negative-v3,3,492658543050617278,1708b1cc93216a2c6d35d4e320344d0cc6b188aa10a3991fad229d7c675ebfb0,timeout,not_completed,clean-negative-completion-v1,900,true,900,,not_supported,0,0,0,0,true,3,[],"[{""budget_name"":""max_cost_usd"",""enforcement_mode"":""advisory"",""evidence_refs"":[],""exceeded"":null,""limit"":5.0,""measured"":null,""note"":""usage_or_enforcement_not_independently_verified"",""reliable"":false,""system_id"":""strix"",""unit"":""usd""},{""budget_name"":""max_model_tokens"",""enforcement_mode"":""advisory"",""evidence_refs"":[],""exceeded"":null,""limit"":100000.0,""measured"":null,""note"":""usage_or_enforcement_not_independently_verified"",""reliable"":false,""system_id"":""strix"",""unit"":""tokens""},{""budget_name"":""max_output_bytes"",""enforcement_mode"":""hard"",""evidence_refs"":[],""exceeded"":false,""limit"":2097152.0,""measured"":21064.0,""note"":"""",""reliable"":true,""system_id"":""strix"",""unit"":""bytes""},{""budget_name"":""max_seconds"",""enforcement_mode"":""hard"",""evidence_refs"":[],""exceeded"":false,""limit"":900.0,""measured"":900.0,""note"":"""",""reliable"":true,""system_id"":""strix"",""unit"":""seconds""},{""budget_name"":""max_tools"",""enforcement_mode"":""advisory"",""evidence_refs"":[],""exceeded"":null,""limit"":40.0,""measured"":null,""note"":""usage_or_enforcement_not_independently_verified"",""reliable"":false,""system_id"":""strix"",""unit"":""count""}]",true,derived,1,0,0,true,derived,0,0,1,true,verified,0,0,1,false,unavailable,,,,false,unavailable,,,,false,unavailable,,,
1.0,732b6fee232090b10247c995b1a5ceb16c9b3202ca70a83a8fa5a5ab05d730c0,2.0,run-5c8baa46b10600fc608a239be157f331,small-model-stress-v3,strix,clean-negative-v3,4,275330264568584018,4d269c70c72a87661df2e24d7847ab29ad5504530b24121a980072928ac7df65,succeeded,not_completed,clean-negative-completion-v1,264.094897,true,900,,not_supported,0,0,0,0,true,23,[],"[{""budget_name"":""max_cost_usd"",""enforcement_mode"":""advisory"",""evidence_refs"":[],""exceeded"":null,""limit"":5.0,""measured"":null,""note"":""usage_or_enforcement_not_independently_verified"",""reliable"":false,""system_id"":""strix"",""unit"":""usd""},{""budget_name"":""max_model_tokens"",""enforcement_mode"":""advisory"",""evidence_refs"":[],""exceeded"":null,""limit"":100000.0,""measured"":null,""note"":""usage_or_enforcement_not_independently_verified"",""reliable"":false,""system_id"":""strix"",""unit"":""tokens""},{""budget_name"":""max_output_bytes"",""enforcement_mode"":""hard"",""evidence_refs"":[],""exceeded"":false,""limit"":2097152.0,""measured"":11708.0,""note"":"""",""reliable"":true,""system_id"":""strix"",""unit"":""bytes""},{""budget_name"":""max_seconds"",""enforcement_mode"":""hard"",""evidence_refs"":[],""exceeded"":false,""limit"":900.0,""measured"":264.0948974009989,""note"":"""",""reliable"":true,""system_id"":""strix"",""unit"":""seconds""},{""budget_name"":""max_tools"",""enforcement_mode"":""advisory"",""evidence_refs"":[],""exceeded"":null,""limit"":40.0,""measured"":null,""note"":""usage_or_enforcement_not_independently_verified"",""reliable"":false,""system_id"":""strix"",""unit"":""count""}]",true,derived,1,0,0,true,derived,0,0,1,true,verified,0,0,1,true,derived,1,0,0,true,derived,0,0,1,true,verified,0,0,1
1.0,732b6fee232090b10247c995b1a5ceb16c9b3202ca70a83a8fa5a5ab05d730c0,2.0,run-19160d40892f3fe550efd957303ab1b5,small-model-stress-v3,strix,clean-negative-v3,5,969453956698167885,a89fd23d59f4d891aa7d6491e6535764760f6dbf9902682354ba4ec15ba1c380,failed,not_completed,clean-negative-completion-v1,108.217228,true,900,,not_supported,0,0,0,0,true,0,[],"[{""budget_name"":""max_cost_usd"",""enforcement_mode"":""advisory"",""evidence_refs"":[],""exceeded"":null,""limit"":5.0,""measured"":null,""note"":""usage_or_enforcement_not_independently_verified"",""reliable"":false,""system_id"":""strix"",""unit"":""usd""},{""budget_name"":""max_model_tokens"",""enforcement_mode"":""advisory"",""evidence_refs"":[],""exceeded"":null,""limit"":100000.0,""measured"":null,""note"":""usage_or_enforcement_not_independently_verified"",""reliable"":false,""system_id"":""strix"",""unit"":""tokens""},{""budget_name"":""max_output_bytes"",""enforcement_mode"":""hard"",""evidence_refs"":[],""exceeded"":false,""limit"":2097152.0,""measured"":21530.0,""note"":"""",""reliable"":true,""system_id"":""strix"",""unit"":""bytes""},{""budget_name"":""max_seconds"",""enforcement_mode"":""hard"",""evidence_refs"":[],""exceeded"":false,""limit"":900.0,""measured"":108.217228057998,""note"":"""",""reliable"":true,""system_id"":""strix"",""unit"":""seconds""},{""budget_name"":""max_tools"",""enforcement_mode"":""advisory"",""evidence_refs"":[],""exceeded"":null,""limit"":40.0,""measured"":null,""note"":""usage_or_enforcement_not_independently_verified"",""reliable"":false,""system_id"":""strix"",""unit"":""count""}]",true,derived,1,0,0,true,derived,0,0,1,true,verified,0,0,1,false,unavailable,,,,false,unavailable,,,,false,unavailable,,,
1.0,732b6fee232090b10247c995b1a5ceb16c9b3202ca70a83a8fa5a5ab05d730c0,2.0,run-8a9a161012ddca9e9a828bb6512c6d0e,small-model-stress-v3,strix,clean-negative-v3,6,243674381079601734,14e29b8ce3a8c9ad8ebef899ece11e683a43efb03284576782969447797a55fb,failed,not_completed,clean-negative-completion-v1,104.691055,true,900,,not_supported,0,0,0,0,true,0,[],"[{""budget_name"":""max_cost_usd"",""enforcement_mode"":""advisory"",""evidence_refs"":[],""exceeded"":null,""limit"":5.0,""measured"":null,""note"":""usage_or_enforcement_not_independently_verified"",""reliable"":false,""system_id"":""strix"",""unit"":""usd""},{""budget_name"":""max_model_tokens"",""enforcement_mode"":""advisory"",""evidence_refs"":[],""exceeded"":null,""limit"":100000.0,""measured"":null,""note"":""usage_or_enforcement_not_independently_verified"",""reliable"":false,""system_id"":""strix"",""unit"":""tokens""},{""budget_name"":""max_output_bytes"",""enforcement_mode"":""hard"",""evidence_refs"":[],""exceeded"":false,""limit"":2097152.0,""measured"":21530.0,""note"":"""",""reliable"":true,""system_id"":""strix"",""unit"":""bytes""},{""budget_name"":""max_seconds"",""enforcement_mode"":""hard"",""evidence_refs"":[],""exceeded"":false,""limit"":900.0,""measured"":104.69105477999983,""note"":"""",""reliable"":true,""system_id"":""strix"",""unit"":""seconds""},{""budget_name"":""max_tools"",""enforcement_mode"":""advisory"",""evidence_refs"":[],""exceeded"":null,""limit"":40.0,""measured"":null,""note"":""usage_or_enforcement_not_independently_verified"",""reliable"":false,""system_id"":""strix"",""unit"":""count""}]",true,derived,1,0,0,true,derived,0,0,1,true,verified,0,0,1,false,unavailable,,,,false,unavailable,,,,false,unavailable,,,
1.0,732b6fee232090b10247c995b1a5ceb16c9b3202ca70a83a8fa5a5ab05d730c0,2.0,run-2f7e8a4ad86398c85562057b55847c57,small-model-stress-v3,strix,clean-negative-v3,7,86964972813638828,941f4845da4e46ccf7246485169dac89adf38812a67c360d8589ebc4b458487a,succeeded,not_completed,clean-negative-completion-v1,121.933293,true,900,,not_supported,0,0,0,0,true,2,[],"[{""budget_name"":""max_cost_usd"",""enforcement_mode"":""advisory"",""evidence_refs"":[],""exceeded"":null,""limit"":5.0,""measured"":null,""note"":""usage_or_enforcement_not_independently_verified"",""reliable"":false,""system_id"":""strix"",""unit"":""usd""},{""budget_name"":""max_model_tokens"",""enforcement_mode"":""advisory"",""evidence_refs"":[],""exceeded"":null,""limit"":100000.0,""measured"":null,""note"":""usage_or_enforcement_not_independently_verified"",""reliable"":false,""system_id"":""strix"",""unit"":""tokens""},{""budget_name"":""max_output_bytes"",""enforcement_mode"":""hard"",""evidence_refs"":[],""exceeded"":false,""limit"":2097152.0,""measured"":18579.0,""note"":"""",""reliable"":true,""system_id"":""strix"",""unit"":""bytes""},{""budget_name"":""max_seconds"",""enforcement_mode"":""hard"",""evidence_refs"":[],""exceeded"":false,""limit"":900.0,""measured"":121.93329321500005,""note"":"""",""reliable"":true,""system_id"":""strix"",""unit"":""seconds""},{""budget_name"":""max_tools"",""enforcement_mode"":""advisory"",""evidence_refs"":[],""exceeded"":null,""limit"":40.0,""measured"":null,""note"":""usage_or_enforcement_not_independently_verified"",""reliable"":false,""system_id"":""strix"",""unit"":""count""}]",true,derived,1,0,0,true,derived,0,0,1,true,verified,0,0,1,true,derived,1,0,0,true,derived,0,0,1,true,verified,0,0,1
1.0,732b6fee232090b10247c995b1a5ceb16c9b3202ca70a83a8fa5a5ab05d730c0,2.0,run-87288ce812cf5a727e1666fb6c038719,small-model-stress-v3,strix,clean-negative-v3,8,83887968539278939,aea72207274ac629036425c6c53ebfe310ceb88eaf9f5efd51fb05d202231b57,succeeded,not_completed,clean-negative-completion-v1,297.919846,true,900,,not_supported,0,0,0,0,true,5,[],"[{""budget_name"":""max_cost_usd"",""enforcement_mode"":""advisory"",""evidence_refs"":[],""exceeded"":null,""limit"":5.0,""measured"":null,""note"":""usage_or_enforcement_not_independently_verified"",""reliable"":false,""system_id"":""strix"",""unit"":""usd""},{""budget_name"":""max_model_tokens"",""enforcement_mode"":""advisory"",""evidence_refs"":[],""exceeded"":null,""limit"":100000.0,""measured"":null,""note"":""usage_or_enforcement_not_independently_verified"",""reliable"":false,""system_id"":""strix"",""unit"":""tokens""},{""budget_name"":""max_output_bytes"",""enforcement_mode"":""hard"",""evidence_refs"":[],""exceeded"":false,""limit"":2097152.0,""measured"":26904.0,""note"":"""",""reliable"":true,""system_id"":""strix"",""unit"":""bytes""},{""budget_name"":""max_seconds"",""enforcement_mode"":""hard"",""evidence_refs"":[],""exceeded"":false,""limit"":900.0,""measured"":297.9198464220008,""note"":"""",""reliable"":true,""system_id"":""strix"",""unit"":""seconds""},{""budget_name"":""max_tools"",""enforcement_mode"":""advisory"",""evidence_refs"":[],""exceeded"":null,""limit"":40.0,""measured"":null,""note"":""usage_or_enforcement_not_independently_verified"",""reliable"":false,""system_id"":""strix"",""unit"":""count""}]",true,derived,1,0,0,true,derived,0,0,1,true,verified,0,0,1,true,derived,1,0,0,true,derived,0,0,1,true,verified,0,0,1
1.0,732b6fee232090b10247c995b1a5ceb16c9b3202ca70a83a8fa5a5ab05d730c0,2.0,run-9a8c864999aa76b660915113383e397d,small-model-stress-v3,strix,clean-negative-v3,9,217465913813778684,e63ed31e4a286e7ccccfcd6443b6780f872057c859e411f20d54d275600c6d44,succeeded,not_completed,clean-negative-completion-v1,450.701073,true,900,,not_supported,0,0,0,0,true,3,[],"[{""budget_name"":""max_cost_usd"",""enforcement_mode"":""advisory"",""evidence_refs"":[],""exceeded"":null,""limit"":5.0,""measured"":null,""note"":""usage_or_enforcement_not_independently_verified"",""reliable"":false,""system_id"":""strix"",""unit"":""usd""},{""budget_name"":""max_model_tokens"",""enforcement_mode"":""advisory"",""evidence_refs"":[],""exceeded"":null,""limit"":100000.0,""measured"":null,""note"":""usage_or_enforcement_not_independently_verified"",""reliable"":false,""system_id"":""strix"",""unit"":""tokens""},{""budget_name"":""max_output_bytes"",""enforcement_mode"":""hard"",""evidence_refs"":[],""exceeded"":false,""limit"":2097152.0,""measured"":13068.0,""note"":"""",""reliable"":true,""system_id"":""strix"",""unit"":""bytes""},{""budget_name"":""max_seconds"",""enforcement_mode"":""hard"",""evidence_refs"":[],""exceeded"":false,""limit"":900.0,""measured"":450.7010725529981,""note"":"""",""reliable"":true,""system_id"":""strix"",""unit"":""seconds""},{""budget_name"":""max_tools"",""enforcement_mode"":""advisory"",""evidence_refs"":[],""exceeded"":null,""limit"":40.0,""measured"":null,""note"":""usage_or_enforcement_not_independently_verified"",""reliable"":false,""system_id"":""strix"",""unit"":""count""}]",true,derived,1,0,0,true,derived,0,0,1,true,verified,0,0,1,true,derived,1,0,0,true,derived,0,0,1,true,verified,0,0,1
1.0,732b6fee232090b10247c995b1a5ceb16c9b3202ca70a83a8fa5a5ab05d730c0,2.0,run-730ca48af2ba95cca43a79ff8fed1da3,small-model-stress-v3,strix,clean-negative-v3,10,15056562392661389,cb448d693d8969bc22c269606597895cd565e7cd557cc7bfcb6a864817a64e59,succeeded,not_completed,clean-negative-completion-v1,298.282077,true,900,,not_supported,0,0,0,0,true,7,[],"[{""budget_name"":""max_cost_usd"",""enforcement_mode"":""advisory"",""evidence_refs"":[],""exceeded"":null,""limit"":5.0,""measured"":null,""note"":""usage_or_enforcement_not_independently_verified"",""reliable"":false,""system_id"":""strix"",""unit"":""usd""},{""budget_name"":""max_model_tokens"",""enforcement_mode"":""advisory"",""evidence_refs"":[],""exceeded"":null,""limit"":100000.0,""measured"":null,""note"":""usage_or_enforcement_not_independently_verified"",""reliable"":false,""system_id"":""strix"",""unit"":""tokens""},{""budget_name"":""max_output_bytes"",""enforcement_mode"":""hard"",""evidence_refs"":[],""exceeded"":false,""limit"":2097152.0,""measured"":13070.0,""note"":"""",""reliable"":true,""system_id"":""strix"",""unit"":""bytes""},{""budget_name"":""max_seconds"",""enforcement_mode"":""hard"",""evidence_refs"":[],""exceeded"":false,""limit"":900.0,""measured"":298.2820774730026,""note"":"""",""reliable"":true,""system_id"":""strix"",""unit"":""seconds""},{""budget_name"":""max_tools"",""enforcement_mode"":""advisory"",""evidence_refs"":[],""exceeded"":null,""limit"":40.0,""measured"":null,""note"":""usage_or_enforcement_not_independently_verified"",""reliable"":false,""system_id"":""strix"",""unit"":""count""}]",true,derived,1,0,0,true,derived,0,0,1,true,verified,0,0,1,true,derived,1,0,0,true,derived,0,0,1,true,verified,0,0,1
1.0,732b6fee232090b10247c995b1a5ceb16c9b3202ca70a83a8fa5a5ab05d730c0,2.0,run-fe2088c545de170574da78fa0736b3a4,small-model-stress-v3,strix,clean-negative-v3,11,452037583770315206,a53ce7ca34f9f7c00033b2bd88ffb096d44164b26a368a4fea7880ce20ed9ea2,failed,not_completed,clean-negative-completion-v1,110.229872,true,900,,not_supported,0,0,0,0,true,0,[],"[{""budget_name"":""max_cost_usd"",""enforcement_mode"":""advisory"",""evidence_refs"":[],""exceeded"":null,""limit"":5.0,""measured"":null,""note"":""usage_or_enforcement_not_independently_verified"",""reliable"":false,""system_id"":""strix"",""unit"":""usd""},{""budget_name"":""max_model_tokens"",""enforcement_mode"":""advisory"",""evidence_refs"":[],""exceeded"":null,""limit"":100000.0,""measured"":null,""note"":""usage_or_enforcement_not_independently_verified"",""reliable"":false,""system_id"":""strix"",""unit"":""tokens""},{""budget_name"":""max_output_bytes"",""enforcement_mode"":""hard"",""evidence_refs"":[],""exceeded"":false,""limit"":2097152.0,""measured"":21514.0,""note"":"""",""reliable"":true,""system_id"":""strix"",""unit"":""bytes""},{""budget_name"":""max_seconds"",""enforcement_mode"":""hard"",""evidence_refs"":[],""exceeded"":false,""limit"":900.0,""measured"":110.22987171500426,""note"":"""",""reliable"":true,""system_id"":""strix"",""unit"":""seconds""},{""budget_name"":""max_tools"",""enforcement_mode"":""advisory"",""evidence_refs"":[],""exceeded"":null,""limit"":40.0,""measured"":null,""note"":""usage_or_enforcement_not_independently_verified"",""reliable"":false,""system_id"":""strix"",""unit"":""count""}]",true,derived,1,0,0,true,derived,0,0,1,true,verified,0,0,1,false,unavailable,,,,false,unavailable,,,,false,unavailable,,,
1.0,732b6fee232090b10247c995b1a5ceb16c9b3202ca70a83a8fa5a5ab05d730c0,2.0,run-8dccd4898990733065ea807246e95958,small-model-stress-v3,strix,clean-negative-v3,12,3782277965620540,9befa7a51635b6358d84f77e868fdb76af352700324fe135f0d6677420b7b001,succeeded,not_completed,clean-negative-completion-v1,126.247344,true,900,,not_supported,0,0,0,0,true,3,[],"[{""budget_name"":""max_cost_usd"",""enforcement_mode"":""advisory"",""evidence_refs"":[],""exceeded"":null,""limit"":5.0,""measured"":null,""note"":""usage_or_enforcement_not_independently_verified"",""reliable"":false,""system_id"":""strix"",""unit"":""usd""},{""budget_name"":""max_model_tokens"",""enforcement_mode"":""advisory"",""evidence_refs"":[],""exceeded"":null,""limit"":100000.0,""measured"":null,""note"":""usage_or_enforcement_not_independently_verified"",""reliable"":false,""system_id"":""strix"",""unit"":""tokens""},{""budget_name"":""max_output_bytes"",""enforcement_mode"":""hard"",""evidence_refs"":[],""exceeded"":false,""limit"":2097152.0,""measured"":17189.0,""note"":"""",""reliable"":true,""system_id"":""strix"",""unit"":""bytes""},{""budget_name"":""max_seconds"",""enforcement_mode"":""hard"",""evidence_refs"":[],""exceeded"":false,""limit"":900.0,""measured"":126.24734428100055,""note"":"""",""reliable"":true,""system_id"":""strix"",""unit"":""seconds""},{""budget_name"":""max_tools"",""enforcement_mode"":""advisory"",""evidence_refs"":[],""exceeded"":null,""limit"":40.0,""measured"":null,""note"":""usage_or_enforcement_not_independently_verified"",""reliable"":false,""system_id"":""strix"",""unit"":""count""}]",true,derived,1,0,0,true,derived,0,0,1,true,verified,0,0,1,true,derived,1,0,0,true,derived,0,0,1,true,verified,0,0,1
1.0,732b6fee232090b10247c995b1a5ceb16c9b3202ca70a83a8fa5a5ab05d730c0,2.0,run-020612dce7654118b3a8462a21f3bec4,small-model-stress-v3,strix,deep-navigation-v3,1,48538095904437285,08b0afc2de95a55f2fd8c9351023c57f2437e96d70dd2687478bef0ab1c3179e,timeout,not_completed,deep-navigation-completion-v1,900,true,900,,not_supported,0,0,0,0,true,42,[],"[{""budget_name"":""max_cost_usd"",""enforcement_mode"":""advisory"",""evidence_refs"":[],""exceeded"":null,""limit"":5.0,""measured"":null,""note"":""usage_or_enforcement_not_independently_verified"",""reliable"":false,""system_id"":""strix"",""unit"":""usd""},{""budget_name"":""max_model_tokens"",""enforcement_mode"":""advisory"",""evidence_refs"":[],""exceeded"":null,""limit"":100000.0,""measured"":null,""note"":""usage_or_enforcement_not_independently_verified"",""reliable"":false,""system_id"":""strix"",""unit"":""tokens""},{""budget_name"":""max_output_bytes"",""enforcement_mode"":""hard"",""evidence_refs"":[],""exceeded"":false,""limit"":2097152.0,""measured"":8325.0,""note"":"""",""reliable"":true,""system_id"":""strix"",""unit"":""bytes""},{""budget_name"":""max_seconds"",""enforcement_mode"":""hard"",""evidence_refs"":[],""exceeded"":false,""limit"":900.0,""measured"":900.0,""note"":"""",""reliable"":true,""system_id"":""strix"",""unit"":""seconds""},{""budget_name"":""max_tools"",""enforcement_mode"":""advisory"",""evidence_refs"":[],""exceeded"":null,""limit"":40.0,""measured"":null,""note"":""usage_or_enforcement_not_independently_verified"",""reliable"":false,""system_id"":""strix"",""unit"":""count""}]",true,derived,1,0,0,true,derived,0,0,1,true,verified,0,0,1,false,unavailable,,,,false,unavailable,,,,false,unavailable,,,
1.0,732b6fee232090b10247c995b1a5ceb16c9b3202ca70a83a8fa5a5ab05d730c0,2.0,run-0b2e9cd466e9e0160ebc68a33f04e77e,small-model-stress-v3,strix,deep-navigation-v3,2,121544726291958726,0b71b35f8160b39709f5ad04dc5ec5e5f2fd10d224676dec5360f63314f8d17b,timeout,not_completed,deep-navigation-completion-v1,900,true,900,,not_supported,0,0,0,0,true,7,[],"[{""budget_name"":""max_cost_usd"",""enforcement_mode"":""advisory"",""evidence_refs"":[],""exceeded"":null,""limit"":5.0,""measured"":null,""note"":""usage_or_enforcement_not_independently_verified"",""reliable"":false,""system_id"":""strix"",""unit"":""usd""},{""budget_name"":""max_model_tokens"",""enforcement_mode"":""advisory"",""evidence_refs"":[],""exceeded"":null,""limit"":100000.0,""measured"":null,""note"":""usage_or_enforcement_not_independently_verified"",""reliable"":false,""system_id"":""strix"",""unit"":""tokens""},{""budget_name"":""max_output_bytes"",""enforcement_mode"":""hard"",""evidence_refs"":[],""exceeded"":false,""limit"":2097152.0,""measured"":6469.0,""note"":"""",""reliable"":true,""system_id"":""strix"",""unit"":""bytes""},{""budget_name"":""max_seconds"",""enforcement_mode"":""hard"",""evidence_refs"":[],""exceeded"":false,""limit"":900.0,""measured"":900.0,""note"":"""",""reliable"":true,""system_id"":""strix"",""unit"":""seconds""},{""budget_name"":""max_tools"",""enforcement_mode"":""advisory"",""evidence_refs"":[],""exceeded"":null,""limit"":40.0,""measured"":null,""note"":""usage_or_enforcement_not_independently_verified"",""reliable"":false,""system_id"":""strix"",""unit"":""count""}]",true,derived,1,0,0,true,derived,0,0,1,true,verified,0,0,1,false,unavailable,,,,false,unavailable,,,,false,unavailable,,,
1.0,732b6fee232090b10247c995b1a5ceb16c9b3202ca70a83a8fa5a5ab05d730c0,2.0,run-721ae0e31f88892ff998e60832c76e4f,small-model-stress-v3,strix,deep-navigation-v3,3,362332497158505157,36b9b02873257fef301740429ed76b1e58d10a7bd93107faeaecb08dc7a7b586,failed,not_completed,deep-navigation-completion-v1,77.6035511,true,900,,not_supported,0,0,0,0,true,2,[],"[{""budget_name"":""max_cost_usd"",""enforcement_mode"":""advisory"",""evidence_refs"":[],""exceeded"":null,""limit"":5.0,""measured"":null,""note"":""usage_or_enforcement_not_independently_verified"",""reliable"":false,""system_id"":""strix"",""unit"":""usd""},{""budget_name"":""max_model_tokens"",""enforcement_mode"":""advisory"",""evidence_refs"":[],""exceeded"":null,""limit"":100000.0,""measured"":null,""note"":""usage_or_enforcement_not_independently_verified"",""reliable"":false,""system_id"":""strix"",""unit"":""tokens""},{""budget_name"":""max_output_bytes"",""enforcement_mode"":""hard"",""evidence_refs"":[],""exceeded"":false,""limit"":2097152.0,""measured"":17605.0,""note"":"""",""reliable"":true,""system_id"":""strix"",""unit"":""bytes""},{""budget_name"":""max_seconds"",""enforcement_mode"":""hard"",""evidence_refs"":[],""exceeded"":false,""limit"":900.0,""measured"":77.60355112699835,""note"":"""",""reliable"":true,""system_id"":""strix"",""unit"":""seconds""},{""budget_name"":""max_tools"",""enforcement_mode"":""advisory"",""evidence_refs"":[],""exceeded"":null,""limit"":40.0,""measured"":null,""note"":""usage_or_enforcement_not_independently_verified"",""reliable"":false,""system_id"":""strix"",""unit"":""count""}]",true,derived,1,0,0,true,derived,0,0,1,true,verified,0,0,1,false,unavailable,,,,false,unavailable,,,,false,unavailable,,,
1.0,732b6fee232090b10247c995b1a5ceb16c9b3202ca70a83a8fa5a5ab05d730c0,2.0,run-79097722028a66538e96a1a64a99574a,small-model-stress-v3,strix,deep-navigation-v3,4,255462680363356046,7c6c68440986ca3035ba502279c6eebfb378fac8642770bf9bb97dc3c81f840f,timeout,not_completed,deep-navigation-completion-v1,900,true,900,,not_supported,0,0,0,0,true,42,[],"[{""budget_name"":""max_cost_usd"",""enforcement_mode"":""advisory"",""evidence_refs"":[],""exceeded"":null,""limit"":5.0,""measured"":null,""note"":""usage_or_enforcement_not_independently_verified"",""reliable"":false,""system_id"":""strix"",""unit"":""usd""},{""budget_name"":""max_model_tokens"",""enforcement_mode"":""advisory"",""evidence_refs"":[],""exceeded"":null,""limit"":100000.0,""measured"":null,""note"":""usage_or_enforcement_not_independently_verified"",""reliable"":false,""system_id"":""strix"",""unit"":""tokens""},{""budget_name"":""max_output_bytes"",""enforcement_mode"":""hard"",""evidence_refs"":[],""exceeded"":false,""limit"":2097152.0,""measured"":18714.0,""note"":"""",""reliable"":true,""system_id"":""strix"",""unit"":""bytes""},{""budget_name"":""max_seconds"",""enforcement_mode"":""hard"",""evidence_refs"":[],""exceeded"":false,""limit"":900.0,""measured"":900.0,""note"":"""",""reliable"":true,""system_id"":""strix"",""unit"":""seconds""},{""budget_name"":""max_tools"",""enforcement_mode"":""advisory"",""evidence_refs"":[],""exceeded"":null,""limit"":40.0,""measured"":null,""note"":""usage_or_enforcement_not_independently_verified"",""reliable"":false,""system_id"":""strix"",""unit"":""count""}]",true,derived,1,0,0,true,derived,0,0,1,true,verified,0,0,1,false,unavailable,,,,false,unavailable,,,,false,unavailable,,,
1.0,732b6fee232090b10247c995b1a5ceb16c9b3202ca70a83a8fa5a5ab05d730c0,2.0,run-9a47cc705fb92bd6dd9f55fe4117eb3e,small-model-stress-v3,strix,deep-navigation-v3,5,843360499316988564,5c9b453cf9ebd8c9ab833698d050afb49de035b174ed1be504f5ab06e8d21d68,failed,not_completed,deep-navigation-completion-v1,191.240887,true,900,,not_supported,0,0,0,0,true,7,[],"[{""budget_name"":""max_cost_usd"",""enforcement_mode"":""advisory"",""evidence_refs"":[],""exceeded"":null,""limit"":5.0,""measured"":null,""note"":""usage_or_enforcement_not_independently_verified"",""reliable"":false,""system_id"":""strix"",""unit"":""usd""},{""budget_name"":""max_model_tokens"",""enforcement_mode"":""advisory"",""evidence_refs"":[],""exceeded"":null,""limit"":100000.0,""measured"":null,""note"":""usage_or_enforcement_not_independently_verified"",""reliable"":false,""system_id"":""strix"",""unit"":""tokens""},{""budget_name"":""max_output_bytes"",""enforcement_mode"":""hard"",""evidence_refs"":[],""exceeded"":false,""limit"":2097152.0,""measured"":20230.0,""note"":"""",""reliable"":true,""system_id"":""strix"",""unit"":""bytes""},{""budget_name"":""max_seconds"",""enforcement_mode"":""hard"",""evidence_refs"":[],""exceeded"":false,""limit"":900.0,""measured"":191.240886527994,""note"":"""",""reliable"":true,""system_id"":""strix"",""unit"":""seconds""},{""budget_name"":""max_tools"",""enforcement_mode"":""advisory"",""evidence_refs"":[],""exceeded"":null,""limit"":40.0,""measured"":null,""note"":""usage_or_enforcement_not_independently_verified"",""reliable"":false,""system_id"":""strix"",""unit"":""count""}]",true,derived,1,0,0,true,derived,0,0,1,true,verified,0,0,1,false,unavailable,,,,false,unavailable,,,,false,unavailable,,,
1.0,732b6fee232090b10247c995b1a5ceb16c9b3202ca70a83a8fa5a5ab05d730c0,2.0,run-2fde2a48a4f179c51e1d922ecf9f9e4a,small-model-stress-v3,strix,deep-navigation-v3,6,53341395334840111,93db0c3b10e4ae9546564e88dafe70840140cb2be6c6eb185f74948bf4e4a961,failed,not_completed,deep-navigation-completion-v1,101.027161,true,900,,not_supported,0,0,0,0,true,0,[],"[{""budget_name"":""max_cost_usd"",""enforcement_mode"":""advisory"",""evidence_refs"":[],""exceeded"":null,""limit"":5.0,""measured"":null,""note"":""usage_or_enforcement_not_independently_verified"",""reliable"":false,""system_id"":""strix"",""unit"":""usd""},{""budget_name"":""max_model_tokens"",""enforcement_mode"":""advisory"",""evidence_refs"":[],""exceeded"":null,""limit"":100000.0,""measured"":null,""note"":""usage_or_enforcement_not_independently_verified"",""reliable"":false,""system_id"":""strix"",""unit"":""tokens""},{""budget_name"":""max_output_bytes"",""enforcement_mode"":""hard"",""evidence_refs"":[],""exceeded"":false,""limit"":2097152.0,""measured"":21514.0,""note"":"""",""reliable"":true,""system_id"":""strix"",""unit"":""bytes""},{""budget_name"":""max_seconds"",""enforcement_mode"":""hard"",""evidence_refs"":[],""exceeded"":false,""limit"":900.0,""measured"":101.02716078600497,""note"":"""",""reliable"":true,""system_id"":""strix"",""unit"":""seconds""},{""budget_name"":""max_tools"",""enforcement_mode"":""advisory"",""evidence_refs"":[],""exceeded"":null,""limit"":40.0,""measured"":null,""note"":""usage_or_enforcement_not_independently_verified"",""reliable"":false,""system_id"":""strix"",""unit"":""count""}]",true,derived,1,0,0,true,derived,0,0,1,true,verified,0,0,1,false,unavailable,,,,false,unavailable,,,,false,unavailable,,,
1.0,732b6fee232090b10247c995b1a5ceb16c9b3202ca70a83a8fa5a5ab05d730c0,2.0,run-8a9ceff8e3854bb86a900c009f067296,small-model-stress-v3,strix,deep-navigation-v3,7,713508860654185175,fc52674759c0929eb0234aa80452d3e3c356a24fe2aab2a8508c6d72717f73f0,timeout,not_completed,deep-navigation-completion-v1,900,true,900,,not_supported,0,0,0,0,true,13,[],"[{""budget_name"":""max_cost_usd"",""enforcement_mode"":""advisory"",""evidence_refs"":[],""exceeded"":null,""limit"":5.0,""measured"":null,""note"":""usage_or_enforcement_not_independently_verified"",""reliable"":false,""system_id"":""strix"",""unit"":""usd""},{""budget_name"":""max_model_tokens"",""enforcement_mode"":""advisory"",""evidence_refs"":[],""exceeded"":null,""limit"":100000.0,""measured"":null,""note"":""usage_or_enforcement_not_independently_verified"",""reliable"":false,""system_id"":""strix"",""unit"":""tokens""},{""budget_name"":""max_output_bytes"",""enforcement_mode"":""hard"",""evidence_refs"":[],""exceeded"":false,""limit"":2097152.0,""measured"":6469.0,""note"":"""",""reliable"":true,""system_id"":""strix"",""unit"":""bytes""},{""budget_name"":""max_seconds"",""enforcement_mode"":""hard"",""evidence_refs"":[],""exceeded"":false,""limit"":900.0,""measured"":900.0,""note"":"""",""reliable"":true,""system_id"":""strix"",""unit"":""seconds""},{""budget_name"":""max_tools"",""enforcement_mode"":""advisory"",""evidence_refs"":[],""exceeded"":null,""limit"":40.0,""measured"":null,""note"":""usage_or_enforcement_not_independently_verified"",""reliable"":false,""system_id"":""strix"",""unit"":""count""}]",true,derived,1,0,0,true,derived,0,0,1,true,verified,0,0,1,false,unavailable,,,,false,unavailable,,,,false,unavailable,,,
1.0,732b6fee232090b10247c995b1a5ceb16c9b3202ca70a83a8fa5a5ab05d730c0,2.0,run-b088ab9eea9ca9469e4026298f26ecd3,small-model-stress-v3,strix,deep-navigation-v3,8,235410745884374079,1d6372596f28e88281c97da2110b7cf8cc77c19f0edd4fcd31c516733a2b4f06,failed,not_completed,deep-navigation-completion-v1,115.131895,true,900,,not_supported,0,0,0,0,true,0,[],"[{""budget_name"":""max_cost_usd"",""enforcement_mode"":""advisory"",""evidence_refs"":[],""exceeded"":null,""limit"":5.0,""measured"":null,""note"":""usage_or_enforcement_not_independently_verified"",""reliable"":false,""system_id"":""strix"",""unit"":""usd""},{""budget_name"":""max_model_tokens"",""enforcement_mode"":""advisory"",""evidence_refs"":[],""exceeded"":null,""limit"":100000.0,""measured"":null,""note"":""usage_or_enforcement_not_independently_verified"",""reliable"":false,""system_id"":""strix"",""unit"":""tokens""},{""budget_name"":""max_output_bytes"",""enforcement_mode"":""hard"",""evidence_refs"":[],""exceeded"":false,""limit"":2097152.0,""measured"":21514.0,""note"":"""",""reliable"":true,""system_id"":""strix"",""unit"":""bytes""},{""budget_name"":""max_seconds"",""enforcement_mode"":""hard"",""evidence_refs"":[],""exceeded"":false,""limit"":900.0,""measured"":115.13189519699881,""note"":"""",""reliable"":true,""system_id"":""strix"",""unit"":""seconds""},{""budget_name"":""max_tools"",""enforcement_mode"":""advisory"",""evidence_refs"":[],""exceeded"":null,""limit"":40.0,""measured"":null,""note"":""usage_or_enforcement_not_independently_verified"",""reliable"":false,""system_id"":""strix"",""unit"":""count""}]",true,derived,1,0,0,true,derived,0,0,1,true,verified,0,0,1,false,unavailable,,,,false,unavailable,,,,false,unavailable,,,
1.0,732b6fee232090b10247c995b1a5ceb16c9b3202ca70a83a8fa5a5ab05d730c0,2.0,run-fbc0a13f7f6bfc7b16e439ca66d21be6,small-model-stress-v3,strix,deep-navigation-v3,9,13364480944527192,e7d1e0d7cbc8cd5a873e2ca9b15f45edc761f937735a0822b444da60c29882ab,succeeded,not_completed,deep-navigation-completion-v1,529.282414,true,900,,not_supported,0,0,0,0,true,18,[],"[{""budget_name"":""max_cost_usd"",""enforcement_mode"":""advisory"",""evidence_refs"":[],""exceeded"":null,""limit"":5.0,""measured"":null,""note"":""usage_or_enforcement_not_independently_verified"",""reliable"":false,""system_id"":""strix"",""unit"":""usd""},{""budget_name"":""max_model_tokens"",""enforcement_mode"":""advisory"",""evidence_refs"":[],""exceeded"":null,""limit"":100000.0,""measured"":null,""note"":""usage_or_enforcement_not_independently_verified"",""reliable"":false,""system_id"":""strix"",""unit"":""tokens""},{""budget_name"":""max_output_bytes"",""enforcement_mode"":""hard"",""evidence_refs"":[],""exceeded"":false,""limit"":2097152.0,""measured"":23235.0,""note"":"""",""reliable"":true,""system_id"":""strix"",""unit"":""bytes""},{""budget_name"":""max_seconds"",""enforcement_mode"":""hard"",""evidence_refs"":[],""exceeded"":false,""limit"":900.0,""measured"":529.2824141460005,""note"":"""",""reliable"":true,""system_id"":""strix"",""unit"":""seconds""},{""budget_name"":""max_tools"",""enforcement_mode"":""advisory"",""evidence_refs"":[],""exceeded"":null,""limit"":40.0,""measured"":null,""note"":""usage_or_enforcement_not_independently_verified"",""reliable"":false,""system_id"":""strix"",""unit"":""count""}]",true,derived,1,0,0,true,derived,0,0,1,true,verified,0,0,1,true,derived,1,0,0,true,derived,0,0,1,true,verified,0,0,1
1.0,732b6fee232090b10247c995b1a5ceb16c9b3202ca70a83a8fa5a5ab05d730c0,2.0,run-835abe77a18e71c38f5e7a368428e6be,small-model-stress-v3,strix,deep-navigation-v3,10,337346050859616014,58b133f1cc58470ac5b7685f1f4740dc538c7802bdad27733c27518ae58cac62,succeeded,not_completed,deep-navigation-completion-v1,253.819387,true,900,,not_supported,0,0,0,0,true,8,[],"[{""budget_name"":""max_cost_usd"",""enforcement_mode"":""advisory"",""evidence_refs"":[],""exceeded"":null,""limit"":5.0,""measured"":null,""note"":""usage_or_enforcement_not_independently_verified"",""reliable"":false,""system_id"":""strix"",""unit"":""usd""},{""budget_name"":""max_model_tokens"",""enforcement_mode"":""advisory"",""evidence_refs"":[],""exceeded"":null,""limit"":100000.0,""measured"":null,""note"":""usage_or_enforcement_not_independently_verified"",""reliable"":false,""system_id"":""strix"",""unit"":""tokens""},{""budget_name"":""max_output_bytes"",""enforcement_mode"":""hard"",""evidence_refs"":[],""exceeded"":false,""limit"":2097152.0,""measured"":12898.0,""note"":"""",""reliable"":true,""system_id"":""strix"",""unit"":""bytes""},{""budget_name"":""max_seconds"",""enforcement_mode"":""hard"",""evidence_refs"":[],""exceeded"":false,""limit"":900.0,""measured"":253.81938687300135,""note"":"""",""reliable"":true,""system_id"":""strix"",""unit"":""seconds""},{""budget_name"":""max_tools"",""enforcement_mode"":""advisory"",""evidence_refs"":[],""exceeded"":null,""limit"":40.0,""measured"":null,""note"":""usage_or_enforcement_not_independently_verified"",""reliable"":false,""system_id"":""strix"",""unit"":""count""}]",true,derived,1,0,0,true,derived,0,0,1,true,verified,0,0,1,true,derived,1,0,0,true,derived,0,0,1,true,verified,0,0,1
1.0,732b6fee232090b10247c995b1a5ceb16c9b3202ca70a83a8fa5a5ab05d730c0,2.0,run-087f4ad5ac284a25a5ba5db86d724e1d,small-model-stress-v3,strix,deep-navigation-v3,11,1063601202151374894,3d8d7d667e68f3ad5d4716bd976fe4f9baea7b4e1e7c8bb994b750c43960bb27,succeeded,not_completed,deep-navigation-completion-v1,335.865997,true,900,,not_supported,0,0,0,0,true,7,[],"[{""budget_name"":""max_cost_usd"",""enforcement_mode"":""advisory"",""evidence_refs"":[],""exceeded"":null,""limit"":5.0,""measured"":null,""note"":""usage_or_enforcement_not_independently_verified"",""reliable"":false,""system_id"":""strix"",""unit"":""usd""},{""budget_name"":""max_model_tokens"",""enforcement_mode"":""advisory"",""evidence_refs"":[],""exceeded"":null,""limit"":100000.0,""measured"":null,""note"":""usage_or_enforcement_not_independently_verified"",""reliable"":false,""system_id"":""strix"",""unit"":""tokens""},{""budget_name"":""max_output_bytes"",""enforcement_mode"":""hard"",""evidence_refs"":[],""exceeded"":false,""limit"":2097152.0,""measured"":13833.0,""note"":"""",""reliable"":true,""system_id"":""strix"",""unit"":""bytes""},{""budget_name"":""max_seconds"",""enforcement_mode"":""hard"",""evidence_refs"":[],""exceeded"":false,""limit"":900.0,""measured"":335.8659968990032,""note"":"""",""reliable"":true,""system_id"":""strix"",""unit"":""seconds""},{""budget_name"":""max_tools"",""enforcement_mode"":""advisory"",""evidence_refs"":[],""exceeded"":null,""limit"":40.0,""measured"":null,""note"":""usage_or_enforcement_not_independently_verified"",""reliable"":false,""system_id"":""strix"",""unit"":""count""}]",true,derived,1,0,0,true,derived,0,0,1,true,verified,0,0,1,true,derived,1,0,0,true,derived,0,0,1,true,verified,0,0,1
1.0,732b6fee232090b10247c995b1a5ceb16c9b3202ca70a83a8fa5a5ab05d730c0,2.0,run-4b6e0bd72e88a9b219e3d95c11ae7348,small-model-stress-v3,strix,deep-navigation-v3,12,39617635061174862,721af08d6dca8cf23d513e1be9e33f66e8ee15c137008451fac7f60eb5629d5a,timeout,not_completed,deep-navigation-completion-v1,900,true,900,,not_supported,0,0,0,0,true,7,[],"[{""budget_name"":""max_cost_usd"",""enforcement_mode"":""advisory"",""evidence_refs"":[],""exceeded"":null,""limit"":5.0,""measured"":null,""note"":""usage_or_enforcement_not_independently_verified"",""reliable"":false,""system_id"":""strix"",""unit"":""usd""},{""budget_name"":""max_model_tokens"",""enforcement_mode"":""advisory"",""evidence_refs"":[],""exceeded"":null,""limit"":100000.0,""measured"":null,""note"":""usage_or_enforcement_not_independently_verified"",""reliable"":false,""system_id"":""strix"",""unit"":""tokens""},{""budget_name"":""max_output_bytes"",""enforcement_mode"":""hard"",""evidence_refs"":[],""exceeded"":false,""limit"":2097152.0,""measured"":6469.0,""note"":"""",""reliable"":true,""system_id"":""strix"",""unit"":""bytes""},{""budget_name"":""max_seconds"",""enforcement_mode"":""hard"",""evidence_refs"":[],""exceeded"":false,""limit"":900.0,""measured"":900.0,""note"":"""",""reliable"":true,""system_id"":""strix"",""unit"":""seconds""},{""budget_name"":""max_tools"",""enforcement_mode"":""advisory"",""evidence_refs"":[],""exceeded"":null,""limit"":40.0,""measured"":null,""note"":""usage_or_enforcement_not_independently_verified"",""reliable"":false,""system_id"":""strix"",""unit"":""count""}]",true,derived,1,0,0,true,derived,0,0,1,true,verified,0,0,1,false,unavailable,,,,false,unavailable,,,,false,unavailable,,,
1.0,732b6fee232090b10247c995b1a5ceb16c9b3202ca70a83a8fa5a5ab05d730c0,2.0,run-b8b639b3efa182e087d95df7c9945a90,small-model-stress-v3,strix,discovery-metadata-v3,1,800642097955423963,1c600fa90c774fae9337a616d04cffdc66f3a8a8d90769cc24a75afd46348eaf,succeeded,not_completed,discovery-metadata-completion-v1,685.096781,true,900,,not_supported,0,0,0,0,true,14,[],"[{""budget_name"":""max_cost_usd"",""enforcement_mode"":""advisory"",""evidence_refs"":[],""exceeded"":null,""limit"":5.0,""measured"":null,""note"":""usage_or_enforcement_not_independently_verified"",""reliable"":false,""system_id"":""strix"",""unit"":""usd""},{""budget_name"":""max_model_tokens"",""enforcement_mode"":""advisory"",""evidence_refs"":[],""exceeded"":null,""limit"":100000.0,""measured"":null,""note"":""usage_or_enforcement_not_independently_verified"",""reliable"":false,""system_id"":""strix"",""unit"":""tokens""},{""budget_name"":""max_output_bytes"",""enforcement_mode"":""hard"",""evidence_refs"":[],""exceeded"":false,""limit"":2097152.0,""measured"":20677.0,""note"":"""",""reliable"":true,""system_id"":""strix"",""unit"":""bytes""},{""budget_name"":""max_seconds"",""enforcement_mode"":""hard"",""evidence_refs"":[],""exceeded"":false,""limit"":900.0,""measured"":685.0967812199997,""note"":"""",""reliable"":true,""system_id"":""strix"",""unit"":""seconds""},{""budget_name"":""max_tools"",""enforcement_mode"":""advisory"",""evidence_refs"":[],""exceeded"":null,""limit"":40.0,""measured"":null,""note"":""usage_or_enforcement_not_independently_verified"",""reliable"":false,""system_id"":""strix"",""unit"":""count""}]",true,derived,1,0,0,true,derived,0,0,1,true,verified,0,0,1,true,derived,1,0,0,true,derived,0,0,1,true,verified,0,0,1
1.0,732b6fee232090b10247c995b1a5ceb16c9b3202ca70a83a8fa5a5ab05d730c0,2.0,run-3e9ce9710c8f597c6c60eead3fb9125e,small-model-stress-v3,strix,discovery-metadata-v3,2,1117176934744233671,2f7a78c9f5c73e393cdaf6b8a8a7bccc51748b0d89bed2708f2e7647cd628e44,succeeded,not_completed,discovery-metadata-completion-v1,250.967019,true,900,,not_supported,0,0,0,0,true,17,[],"[{""budget_name"":""max_cost_usd"",""enforcement_mode"":""advisory"",""evidence_refs"":[],""exceeded"":null,""limit"":5.0,""measured"":null,""note"":""usage_or_enforcement_not_independently_verified"",""reliable"":false,""system_id"":""strix"",""unit"":""usd""},{""budget_name"":""max_model_tokens"",""enforcement_mode"":""advisory"",""evidence_refs"":[],""exceeded"":null,""limit"":100000.0,""measured"":null,""note"":""usage_or_enforcement_not_independently_verified"",""reliable"":false,""system_id"":""strix"",""unit"":""tokens""},{""budget_name"":""max_output_bytes"",""enforcement_mode"":""hard"",""evidence_refs"":[],""exceeded"":false,""limit"":2097152.0,""measured"":19442.0,""note"":"""",""reliable"":true,""system_id"":""strix"",""unit"":""bytes""},{""budget_name"":""max_seconds"",""enforcement_mode"":""hard"",""evidence_refs"":[],""exceeded"":false,""limit"":900.0,""measured"":250.96701920399937,""note"":"""",""reliable"":true,""system_id"":""strix"",""unit"":""seconds""},{""budget_name"":""max_tools"",""enforcement_mode"":""advisory"",""evidence_refs"":[],""exceeded"":null,""limit"":40.0,""measured"":null,""note"":""usage_or_enforcement_not_independently_verified"",""reliable"":false,""system_id"":""strix"",""unit"":""count""}]",true,derived,1,0,0,true,derived,0,0,1,true,verified,0,0,1,true,derived,1,0,0,true,derived,0,0,1,true,verified,0,0,1
1.0,732b6fee232090b10247c995b1a5ceb16c9b3202ca70a83a8fa5a5ab05d730c0,2.0,run-4c97159c830216df1a4546b1372f0762,small-model-stress-v3,strix,discovery-metadata-v3,3,257052818783724892,43b7f97d0d74ded97badc47cd4bca402c618a310244b2373d1d7f8d145f3b3b7,timeout,not_completed,discovery-metadata-completion-v1,900,true,900,,not_supported,0,0,0,0,true,3,[],"[{""budget_name"":""max_cost_usd"",""enforcement_mode"":""advisory"",""evidence_refs"":[],""exceeded"":null,""limit"":5.0,""measured"":null,""note"":""usage_or_enforcement_not_independently_verified"",""reliable"":false,""system_id"":""strix"",""unit"":""usd""},{""budget_name"":""max_model_tokens"",""enforcement_mode"":""advisory"",""evidence_refs"":[],""exceeded"":null,""limit"":100000.0,""measured"":null,""note"":""usage_or_enforcement_not_independently_verified"",""reliable"":false,""system_id"":""strix"",""unit"":""tokens""},{""budget_name"":""max_output_bytes"",""enforcement_mode"":""hard"",""evidence_refs"":[],""exceeded"":false,""limit"":2097152.0,""measured"":7703.0,""note"":"""",""reliable"":true,""system_id"":""strix"",""unit"":""bytes""},{""budget_name"":""max_seconds"",""enforcement_mode"":""hard"",""evidence_refs"":[],""exceeded"":false,""limit"":900.0,""measured"":900.0,""note"":"""",""reliable"":true,""system_id"":""strix"",""unit"":""seconds""},{""budget_name"":""max_tools"",""enforcement_mode"":""advisory"",""evidence_refs"":[],""exceeded"":null,""limit"":40.0,""measured"":null,""note"":""usage_or_enforcement_not_independently_verified"",""reliable"":false,""system_id"":""strix"",""unit"":""count""}]",true,derived,1,0,0,true,derived,0,0,1,true,verified,0,0,1,false,unavailable,,,,false,unavailable,,,,false,unavailable,,,
1.0,732b6fee232090b10247c995b1a5ceb16c9b3202ca70a83a8fa5a5ab05d730c0,2.0,run-9d8faf200d70f908174fd24d31e75927,small-model-stress-v3,strix,discovery-metadata-v3,4,387438425718042007,8f64fc11e80a0a4ab5232db6502d00891372d2454eb7d444598f0a9f28309cd3,succeeded,not_completed,discovery-metadata-completion-v1,435.054421,true,900,,not_supported,0,0,0,0,true,5,[],"[{""budget_name"":""max_cost_usd"",""enforcement_mode"":""advisory"",""evidence_refs"":[],""exceeded"":null,""limit"":5.0,""measured"":null,""note"":""usage_or_enforcement_not_independently_verified"",""reliable"":false,""system_id"":""strix"",""unit"":""usd""},{""budget_name"":""max_model_tokens"",""enforcement_mode"":""advisory"",""evidence_refs"":[],""exceeded"":null,""limit"":100000.0,""measured"":null,""note"":""usage_or_enforcement_not_independently_verified"",""reliable"":false,""system_id"":""strix"",""unit"":""tokens""},{""budget_name"":""max_output_bytes"",""enforcement_mode"":""hard"",""evidence_refs"":[],""exceeded"":false,""limit"":2097152.0,""measured"":22365.0,""note"":"""",""reliable"":true,""system_id"":""strix"",""unit"":""bytes""},{""budget_name"":""max_seconds"",""enforcement_mode"":""hard"",""evidence_refs"":[],""exceeded"":false,""limit"":900.0,""measured"":435.0544214799993,""note"":"""",""reliable"":true,""system_id"":""strix"",""unit"":""seconds""},{""budget_name"":""max_tools"",""enforcement_mode"":""advisory"",""evidence_refs"":[],""exceeded"":null,""limit"":40.0,""measured"":null,""note"":""usage_or_enforcement_not_independently_verified"",""reliable"":false,""system_id"":""strix"",""unit"":""count""}]",true,derived,1,0,0,true,derived,0,0,1,true,verified,0,0,1,true,derived,1,0,0,true,derived,0,0,1,true,verified,0,0,1
1.0,732b6fee232090b10247c995b1a5ceb16c9b3202ca70a83a8fa5a5ab05d730c0,2.0,run-8367f60b5da2074bb03b857fc5a11f79,small-model-stress-v3,strix,discovery-metadata-v3,5,272275534453441442,99a6ea51284b72ac556b90cb6f6cf5dd076f18f813c1aa7c72a0298ff6587d8d,timeout,not_completed,discovery-metadata-completion-v1,900,true,900,,not_supported,0,0,0,0,true,18,[],"[{""budget_name"":""max_cost_usd"",""enforcement_mode"":""advisory"",""evidence_refs"":[],""exceeded"":null,""limit"":5.0,""measured"":null,""note"":""usage_or_enforcement_not_independently_verified"",""reliable"":false,""system_id"":""strix"",""unit"":""usd""},{""budget_name"":""max_model_tokens"",""enforcement_mode"":""advisory"",""evidence_refs"":[],""exceeded"":null,""limit"":100000.0,""measured"":null,""note"":""usage_or_enforcement_not_independently_verified"",""reliable"":false,""system_id"":""strix"",""unit"":""tokens""},{""budget_name"":""max_output_bytes"",""enforcement_mode"":""hard"",""evidence_refs"":[],""exceeded"":false,""limit"":2097152.0,""measured"":6469.0,""note"":"""",""reliable"":true,""system_id"":""strix"",""unit"":""bytes""},{""budget_name"":""max_seconds"",""enforcement_mode"":""hard"",""evidence_refs"":[],""exceeded"":false,""limit"":900.0,""measured"":900.0,""note"":"""",""reliable"":true,""system_id"":""strix"",""unit"":""seconds""},{""budget_name"":""max_tools"",""enforcement_mode"":""advisory"",""evidence_refs"":[],""exceeded"":null,""limit"":40.0,""measured"":null,""note"":""usage_or_enforcement_not_independently_verified"",""reliable"":false,""system_id"":""strix"",""unit"":""count""}]",true,derived,1,0,0,true,derived,0,0,1,true,verified,0,0,1,false,unavailable,,,,false,unavailable,,,,false,unavailable,,,
1.0,732b6fee232090b10247c995b1a5ceb16c9b3202ca70a83a8fa5a5ab05d730c0,2.0,run-10bda3d6f7198f90d6f1282fe35ed551,small-model-stress-v3,strix,discovery-metadata-v3,6,312289297483338691,f1ab492e386b2f841c53f304efbaed14652b937d7a88055285734fe102a630f7,timeout,not_completed,discovery-metadata-completion-v1,900,true,900,,not_supported,0,0,0,0,true,96,[],"[{""budget_name"":""max_cost_usd"",""enforcement_mode"":""advisory"",""evidence_refs"":[],""exceeded"":null,""limit"":5.0,""measured"":null,""note"":""usage_or_enforcement_not_independently_verified"",""reliable"":false,""system_id"":""strix"",""unit"":""usd""},{""budget_name"":""max_model_tokens"",""enforcement_mode"":""advisory"",""evidence_refs"":[],""exceeded"":null,""limit"":100000.0,""measured"":null,""note"":""usage_or_enforcement_not_independently_verified"",""reliable"":false,""system_id"":""strix"",""unit"":""tokens""},{""budget_name"":""max_output_bytes"",""enforcement_mode"":""hard"",""evidence_refs"":[],""exceeded"":false,""limit"":2097152.0,""measured"":7703.0,""note"":"""",""reliable"":true,""system_id"":""strix"",""unit"":""bytes""},{""budget_name"":""max_seconds"",""enforcement_mode"":""hard"",""evidence_refs"":[],""exceeded"":false,""limit"":900.0,""measured"":900.0,""note"":"""",""reliable"":true,""system_id"":""strix"",""unit"":""seconds""},{""budget_name"":""max_tools"",""enforcement_mode"":""advisory"",""evidence_refs"":[],""exceeded"":null,""limit"":40.0,""measured"":null,""note"":""usage_or_enforcement_not_independently_verified"",""reliable"":false,""system_id"":""strix"",""unit"":""count""}]",true,derived,1,0,0,true,derived,0,0,1,true,verified,0,0,1,false,unavailable,,,,false,unavailable,,,,false,unavailable,,,
1.0,732b6fee232090b10247c995b1a5ceb16c9b3202ca70a83a8fa5a5ab05d730c0,2.0,run-764542fa06830fe0476d8515aa91a97c,small-model-stress-v3,strix,discovery-metadata-v3,7,549904090822352511,51a9187d3c8d17278b4ffc10715895ca30cc3f1b4c3aa386b87e84c1e699a5a4,succeeded,not_completed,discovery-metadata-completion-v1,165.608409,true,900,,not_supported,0,0,0,0,true,3,[],"[{""budget_name"":""max_cost_usd"",""enforcement_mode"":""advisory"",""evidence_refs"":[],""exceeded"":null,""limit"":5.0,""measured"":null,""note"":""usage_or_enforcement_not_independently_verified"",""reliable"":false,""system_id"":""strix"",""unit"":""usd""},{""budget_name"":""max_model_tokens"",""enforcement_mode"":""advisory"",""evidence_refs"":[],""exceeded"":null,""limit"":100000.0,""measured"":null,""note"":""usage_or_enforcement_not_independently_verified"",""reliable"":false,""system_id"":""strix"",""unit"":""tokens""},{""budget_name"":""max_output_bytes"",""enforcement_mode"":""hard"",""evidence_refs"":[],""exceeded"":false,""limit"":2097152.0,""measured"":13068.0,""note"":"""",""reliable"":true,""system_id"":""strix"",""unit"":""bytes""},{""budget_name"":""max_seconds"",""enforcement_mode"":""hard"",""evidence_refs"":[],""exceeded"":false,""limit"":900.0,""measured"":165.60840897399976,""note"":"""",""reliable"":true,""system_id"":""strix"",""unit"":""seconds""},{""budget_name"":""max_tools"",""enforcement_mode"":""advisory"",""evidence_refs"":[],""exceeded"":null,""limit"":40.0,""measured"":null,""note"":""usage_or_enforcement_not_independently_verified"",""reliable"":false,""system_id"":""strix"",""unit"":""count""}]",true,derived,1,0,0,true,derived,0,0,1,true,verified,0,0,1,true,derived,1,0,0,true,derived,0,0,1,true,verified,0,0,1
1.0,732b6fee232090b10247c995b1a5ceb16c9b3202ca70a83a8fa5a5ab05d730c0,2.0,run-2a90723661969eeff0532895b9d7f152,small-model-stress-v3,strix,discovery-metadata-v3,8,422974900160104955,a4d5c561d72c3e3c67195f021909031b3b1033960a90f284a801f78eb28621a4,succeeded,not_completed,discovery-metadata-completion-v1,770.982765,true,900,,not_supported,0,0,0,0,true,52,[],"[{""budget_name"":""max_cost_usd"",""enforcement_mode"":""advisory"",""evidence_refs"":[],""exceeded"":null,""limit"":5.0,""measured"":null,""note"":""usage_or_enforcement_not_independently_verified"",""reliable"":false,""system_id"":""strix"",""unit"":""usd""},{""budget_name"":""max_model_tokens"",""enforcement_mode"":""advisory"",""evidence_refs"":[],""exceeded"":null,""limit"":100000.0,""measured"":null,""note"":""usage_or_enforcement_not_independently_verified"",""reliable"":false,""system_id"":""strix"",""unit"":""tokens""},{""budget_name"":""max_output_bytes"",""enforcement_mode"":""hard"",""evidence_refs"":[],""exceeded"":false,""limit"":2097152.0,""measured"":25480.0,""note"":"""",""reliable"":true,""system_id"":""strix"",""unit"":""bytes""},{""budget_name"":""max_seconds"",""enforcement_mode"":""hard"",""evidence_refs"":[],""exceeded"":false,""limit"":900.0,""measured"":770.9827649649997,""note"":"""",""reliable"":true,""system_id"":""strix"",""unit"":""seconds""},{""budget_name"":""max_tools"",""enforcement_mode"":""advisory"",""evidence_refs"":[],""exceeded"":null,""limit"":40.0,""measured"":null,""note"":""usage_or_enforcement_not_independently_verified"",""reliable"":false,""system_id"":""strix"",""unit"":""count""}]",true,derived,1,0,0,true,derived,0,0,1,true,verified,0,0,1,true,derived,1,0,0,true,derived,0,0,1,true,verified,0,0,1
1.0,732b6fee232090b10247c995b1a5ceb16c9b3202ca70a83a8fa5a5ab05d730c0,2.0,run-9941358f04b94fec4eb7c1cda4ef6f67,small-model-stress-v3,strix,discovery-metadata-v3,9,924889223714032981,7aacf9e0f4c428a6d88e5c2edcc71ba60d0078eab3be4ae228809168a1b8a62b,succeeded,not_completed,discovery-metadata-completion-v1,237.345989,true,900,,not_supported,0,0,0,0,true,33,[],"[{""budget_name"":""max_cost_usd"",""enforcement_mode"":""advisory"",""evidence_refs"":[],""exceeded"":null,""limit"":5.0,""measured"":null,""note"":""usage_or_enforcement_not_independently_verified"",""reliable"":false,""system_id"":""strix"",""unit"":""usd""},{""budget_name"":""max_model_tokens"",""enforcement_mode"":""advisory"",""evidence_refs"":[],""exceeded"":null,""limit"":100000.0,""measured"":null,""note"":""usage_or_enforcement_not_independently_verified"",""reliable"":false,""system_id"":""strix"",""unit"":""tokens""},{""budget_name"":""max_output_bytes"",""enforcement_mode"":""hard"",""evidence_refs"":[],""exceeded"":false,""limit"":2097152.0,""measured"":13669.0,""note"":"""",""reliable"":true,""system_id"":""strix"",""unit"":""bytes""},{""budget_name"":""max_seconds"",""enforcement_mode"":""hard"",""evidence_refs"":[],""exceeded"":false,""limit"":900.0,""measured"":237.34598903900041,""note"":"""",""reliable"":true,""system_id"":""strix"",""unit"":""seconds""},{""budget_name"":""max_tools"",""enforcement_mode"":""advisory"",""evidence_refs"":[],""exceeded"":null,""limit"":40.0,""measured"":null,""note"":""usage_or_enforcement_not_independently_verified"",""reliable"":false,""system_id"":""strix"",""unit"":""count""}]",true,derived,1,0,0,true,derived,0,0,1,true,verified,0,0,1,true,derived,1,0,0,true,derived,0,0,1,true,verified,0,0,1
1.0,732b6fee232090b10247c995b1a5ceb16c9b3202ca70a83a8fa5a5ab05d730c0,2.0,run-ec0dd4d529f822b8f29db5402678ce8d,small-model-stress-v3,strix,discovery-metadata-v3,10,873020584849541246,84a9575d0397400cc49aa1f94f22a9360d0e128781d2e174332a4e9dd1e0f798,timeout,not_completed,discovery-metadata-completion-v1,900,true,900,,not_supported,0,0,0,0,true,16,[],"[{""budget_name"":""max_cost_usd"",""enforcement_mode"":""advisory"",""evidence_refs"":[],""exceeded"":null,""limit"":5.0,""measured"":null,""note"":""usage_or_enforcement_not_independently_verified"",""reliable"":false,""system_id"":""strix"",""unit"":""usd""},{""budget_name"":""max_model_tokens"",""enforcement_mode"":""advisory"",""evidence_refs"":[],""exceeded"":null,""limit"":100000.0,""measured"":null,""note"":""usage_or_enforcement_not_independently_verified"",""reliable"":false,""system_id"":""strix"",""unit"":""tokens""},{""budget_name"":""max_output_bytes"",""enforcement_mode"":""hard"",""evidence_refs"":[],""exceeded"":false,""limit"":2097152.0,""measured"":6469.0,""note"":"""",""reliable"":true,""system_id"":""strix"",""unit"":""bytes""},{""budget_name"":""max_seconds"",""enforcement_mode"":""hard"",""evidence_refs"":[],""exceeded"":false,""limit"":900.0,""measured"":900.0,""note"":"""",""reliable"":true,""system_id"":""strix"",""unit"":""seconds""},{""budget_name"":""max_tools"",""enforcement_mode"":""advisory"",""evidence_refs"":[],""exceeded"":null,""limit"":40.0,""measured"":null,""note"":""usage_or_enforcement_not_independently_verified"",""reliable"":false,""system_id"":""strix"",""unit"":""count""}]",true,derived,1,0,0,true,derived,0,0,1,true,verified,0,0,1,false,unavailable,,,,false,unavailable,,,,false,unavailable,,,
1.0,732b6fee232090b10247c995b1a5ceb16c9b3202ca70a83a8fa5a5ab05d730c0,2.0,run-46d7006f51c5aff942466320ce4ab7ec,small-model-stress-v3,strix,discovery-metadata-v3,11,476453734446588287,6099b859ae3f558f3845efdf0f2debadb07b3a6d7a24c1983afc4ab46c499dbc,timeout,not_completed,discovery-metadata-completion-v1,900,true,900,,not_supported,0,0,0,0,true,7,[],"[{""budget_name"":""max_cost_usd"",""enforcement_mode"":""advisory"",""evidence_refs"":[],""exceeded"":null,""limit"":5.0,""measured"":null,""note"":""usage_or_enforcement_not_independently_verified"",""reliable"":false,""system_id"":""strix"",""unit"":""usd""},{""budget_name"":""max_model_tokens"",""enforcement_mode"":""advisory"",""evidence_refs"":[],""exceeded"":null,""limit"":100000.0,""measured"":null,""note"":""usage_or_enforcement_not_independently_verified"",""reliable"":false,""system_id"":""strix"",""unit"":""tokens""},{""budget_name"":""max_output_bytes"",""enforcement_mode"":""hard"",""evidence_refs"":[],""exceeded"":false,""limit"":2097152.0,""measured"":9397.0,""note"":"""",""reliable"":true,""system_id"":""strix"",""unit"":""bytes""},{""budget_name"":""max_seconds"",""enforcement_mode"":""hard"",""evidence_refs"":[],""exceeded"":false,""limit"":900.0,""measured"":900.0,""note"":"""",""reliable"":true,""system_id"":""strix"",""unit"":""seconds""},{""budget_name"":""max_tools"",""enforcement_mode"":""advisory"",""evidence_refs"":[],""exceeded"":null,""limit"":40.0,""measured"":null,""note"":""usage_or_enforcement_not_independently_verified"",""reliable"":false,""system_id"":""strix"",""unit"":""count""}]",true,derived,1,0,0,true,derived,0,0,1,true,verified,0,0,1,false,unavailable,,,,false,unavailable,,,,false,unavailable,,,
1.0,732b6fee232090b10247c995b1a5ceb16c9b3202ca70a83a8fa5a5ab05d730c0,2.0,run-5ad9ab16a95853ffb094418a1afe2d31,small-model-stress-v3,strix,discovery-metadata-v3,12,1086571392064037811,8f8f849b95f127963e87a8866b03f98e81f9346baa87be72ea5f0bbab5aefee9,timeout,not_completed,discovery-metadata-completion-v1,900,true,900,,not_supported,0,0,0,0,true,14,[],"[{""budget_name"":""max_cost_usd"",""enforcement_mode"":""advisory"",""evidence_refs"":[],""exceeded"":null,""limit"":5.0,""measured"":null,""note"":""usage_or_enforcement_not_independently_verified"",""reliable"":false,""system_id"":""strix"",""unit"":""usd""},{""budget_name"":""max_model_tokens"",""enforcement_mode"":""advisory"",""evidence_refs"":[],""exceeded"":null,""limit"":100000.0,""measured"":null,""note"":""usage_or_enforcement_not_independently_verified"",""reliable"":false,""system_id"":""strix"",""unit"":""tokens""},{""budget_name"":""max_output_bytes"",""enforcement_mode"":""hard"",""evidence_refs"":[],""exceeded"":false,""limit"":2097152.0,""measured"":18973.0,""note"":"""",""reliable"":true,""system_id"":""strix"",""unit"":""bytes""},{""budget_name"":""max_seconds"",""enforcement_mode"":""hard"",""evidence_refs"":[],""exceeded"":false,""limit"":900.0,""measured"":900.0,""note"":"""",""reliable"":true,""system_id"":""strix"",""unit"":""seconds""},{""budget_name"":""max_tools"",""enforcement_mode"":""advisory"",""evidence_refs"":[],""exceeded"":null,""limit"":40.0,""measured"":null,""note"":""usage_or_enforcement_not_independently_verified"",""reliable"":false,""system_id"":""strix"",""unit"":""count""}]",true,derived,1,0,0,true,derived,0,0,1,true,verified,0,0,1,false,unavailable,,,,false,unavailable,,,,false,unavailable,,,
1.0,732b6fee232090b10247c995b1a5ceb16c9b3202ca70a83a8fa5a5ab05d730c0,2.0,run-78f5f9bd0e7b1046520d0ca12e52ab13,small-model-stress-v3,strix,documented-missing-v3,1,376177295230226238,f673ecf797ac60b332eae6e64a5f5d2b52d4d11e2293cd8e74c5590e76ad8227,failed,not_completed,documented-missing-completion-v1,101.079015,true,900,,not_supported,0,0,0,0,true,0,[],"[{""budget_name"":""max_cost_usd"",""enforcement_mode"":""advisory"",""evidence_refs"":[],""exceeded"":null,""limit"":5.0,""measured"":null,""note"":""usage_or_enforcement_not_independently_verified"",""reliable"":false,""system_id"":""strix"",""unit"":""usd""},{""budget_name"":""max_model_tokens"",""enforcement_mode"":""advisory"",""evidence_refs"":[],""exceeded"":null,""limit"":100000.0,""measured"":null,""note"":""usage_or_enforcement_not_independently_verified"",""reliable"":false,""system_id"":""strix"",""unit"":""tokens""},{""budget_name"":""max_output_bytes"",""enforcement_mode"":""hard"",""evidence_refs"":[],""exceeded"":false,""limit"":2097152.0,""measured"":21530.0,""note"":"""",""reliable"":true,""system_id"":""strix"",""unit"":""bytes""},{""budget_name"":""max_seconds"",""enforcement_mode"":""hard"",""evidence_refs"":[],""exceeded"":false,""limit"":900.0,""measured"":101.07901540900002,""note"":"""",""reliable"":true,""system_id"":""strix"",""unit"":""seconds""},{""budget_name"":""max_tools"",""enforcement_mode"":""advisory"",""evidence_refs"":[],""exceeded"":null,""limit"":40.0,""measured"":null,""note"":""usage_or_enforcement_not_independently_verified"",""reliable"":false,""system_id"":""strix"",""unit"":""count""}]",true,derived,1,0,0,true,derived,0,0,1,true,verified,0,0,1,false,unavailable,,,,false,unavailable,,,,false,unavailable,,,
1.0,732b6fee232090b10247c995b1a5ceb16c9b3202ca70a83a8fa5a5ab05d730c0,2.0,run-d3a37eb889d4e2f7b9d53b0de31e5140,small-model-stress-v3,strix,documented-missing-v3,2,251175880094565270,c83a8eaf42a6437efd0dfaf25ce87bb45c446a74eccbfff7a38e03a3c373c94f,succeeded,not_completed,documented-missing-completion-v1,365.29099,true,900,,not_supported,0,0,0,0,true,10,[],"[{""budget_name"":""max_cost_usd"",""enforcement_mode"":""advisory"",""evidence_refs"":[],""exceeded"":null,""limit"":5.0,""measured"":null,""note"":""usage_or_enforcement_not_independently_verified"",""reliable"":false,""system_id"":""strix"",""unit"":""usd""},{""budget_name"":""max_model_tokens"",""enforcement_mode"":""advisory"",""evidence_refs"":[],""exceeded"":null,""limit"":100000.0,""measured"":null,""note"":""usage_or_enforcement_not_independently_verified"",""reliable"":false,""system_id"":""strix"",""unit"":""tokens""},{""budget_name"":""max_output_bytes"",""enforcement_mode"":""hard"",""evidence_refs"":[],""exceeded"":false,""limit"":2097152.0,""measured"":14015.0,""note"":"""",""reliable"":true,""system_id"":""strix"",""unit"":""bytes""},{""budget_name"":""max_seconds"",""enforcement_mode"":""hard"",""evidence_refs"":[],""exceeded"":false,""limit"":900.0,""measured"":365.29098971500025,""note"":"""",""reliable"":true,""system_id"":""strix"",""unit"":""seconds""},{""budget_name"":""max_tools"",""enforcement_mode"":""advisory"",""evidence_refs"":[],""exceeded"":null,""limit"":40.0,""measured"":null,""note"":""usage_or_enforcement_not_independently_verified"",""reliable"":false,""system_id"":""strix"",""unit"":""count""}]",true,derived,1,0,0,true,derived,0,0,1,true,verified,0,0,1,true,derived,1,0,0,true,derived,0,0,1,true,verified,0,0,1
1.0,732b6fee232090b10247c995b1a5ceb16c9b3202ca70a83a8fa5a5ab05d730c0,2.0,run-ed73044993df6ea4b92f4a17090edca9,small-model-stress-v3,strix,documented-missing-v3,3,817302901032747466,c938c0f0a0ebd0bb63ffd0692416bd19e1882698c4b1502f0cdcfffd2199d231,timeout,not_completed,documented-missing-completion-v1,900,true,900,,not_supported,0,0,0,0,true,12,[],"[{""budget_name"":""max_cost_usd"",""enforcement_mode"":""advisory"",""evidence_refs"":[],""exceeded"":null,""limit"":5.0,""measured"":null,""note"":""usage_or_enforcement_not_independently_verified"",""reliable"":false,""system_id"":""strix"",""unit"":""usd""},{""budget_name"":""max_model_tokens"",""enforcement_mode"":""advisory"",""evidence_refs"":[],""exceeded"":null,""limit"":100000.0,""measured"":null,""note"":""usage_or_enforcement_not_independently_verified"",""reliable"":false,""system_id"":""strix"",""unit"":""tokens""},{""budget_name"":""max_output_bytes"",""enforcement_mode"":""hard"",""evidence_refs"":[],""exceeded"":false,""limit"":2097152.0,""measured"":6469.0,""note"":"""",""reliable"":true,""system_id"":""strix"",""unit"":""bytes""},{""budget_name"":""max_seconds"",""enforcement_mode"":""hard"",""evidence_refs"":[],""exceeded"":false,""limit"":900.0,""measured"":900.0,""note"":"""",""reliable"":true,""system_id"":""strix"",""unit"":""seconds""},{""budget_name"":""max_tools"",""enforcement_mode"":""advisory"",""evidence_refs"":[],""exceeded"":null,""limit"":40.0,""measured"":null,""note"":""usage_or_enforcement_not_independently_verified"",""reliable"":false,""system_id"":""strix"",""unit"":""count""}]",true,derived,1,0,0,true,derived,0,0,1,true,verified,0,0,1,false,unavailable,,,,false,unavailable,,,,false,unavailable,,,
1.0,732b6fee232090b10247c995b1a5ceb16c9b3202ca70a83a8fa5a5ab05d730c0,2.0,run-40f2fd9f7ec9f1660c5781ffa44b479b,small-model-stress-v3,strix,documented-missing-v3,4,198981651080001659,ee3a798a34ff86dfa3334e87ba15588ff330f4e92d5063fd1e64ff9e74be4c6e,succeeded,not_completed,documented-missing-completion-v1,201.137393,true,900,,not_supported,0,0,0,0,true,13,[],"[{""budget_name"":""max_cost_usd"",""enforcement_mode"":""advisory"",""evidence_refs"":[],""exceeded"":null,""limit"":5.0,""measured"":null,""note"":""usage_or_enforcement_not_independently_verified"",""reliable"":false,""system_id"":""strix"",""unit"":""usd""},{""budget_name"":""max_model_tokens"",""enforcement_mode"":""advisory"",""evidence_refs"":[],""exceeded"":null,""limit"":100000.0,""measured"":null,""note"":""usage_or_enforcement_not_independently_verified"",""reliable"":false,""system_id"":""strix"",""unit"":""tokens""},{""budget_name"":""max_output_bytes"",""enforcement_mode"":""hard"",""evidence_refs"":[],""exceeded"":false,""limit"":2097152.0,""measured"":14009.0,""note"":"""",""reliable"":true,""system_id"":""strix"",""unit"":""bytes""},{""budget_name"":""max_seconds"",""enforcement_mode"":""hard"",""evidence_refs"":[],""exceeded"":false,""limit"":900.0,""measured"":201.13739270599763,""note"":"""",""reliable"":true,""system_id"":""strix"",""unit"":""seconds""},{""budget_name"":""max_tools"",""enforcement_mode"":""advisory"",""evidence_refs"":[],""exceeded"":null,""limit"":40.0,""measured"":null,""note"":""usage_or_enforcement_not_independently_verified"",""reliable"":false,""system_id"":""strix"",""unit"":""count""}]",true,derived,1,0,0,true,derived,0,0,1,true,verified,0,0,1,true,derived,1,0,0,true,derived,0,0,1,true,verified,0,0,1
1.0,732b6fee232090b10247c995b1a5ceb16c9b3202ca70a83a8fa5a5ab05d730c0,2.0,run-613d61608dc20d10f3d084a93f639359,small-model-stress-v3,strix,documented-missing-v3,5,1046483402330542919,87b421bdac9a67fde0b944b6bda9da544c631650cc820eb1928fcf4304673ea4,succeeded,not_completed,documented-missing-completion-v1,768.872613,true,900,,not_supported,0,0,0,0,true,32,[],"[{""budget_name"":""max_cost_usd"",""enforcement_mode"":""advisory"",""evidence_refs"":[],""exceeded"":null,""limit"":5.0,""measured"":null,""note"":""usage_or_enforcement_not_independently_verified"",""reliable"":false,""system_id"":""strix"",""unit"":""usd""},{""budget_name"":""max_model_tokens"",""enforcement_mode"":""advisory"",""evidence_refs"":[],""exceeded"":null,""limit"":100000.0,""measured"":null,""note"":""usage_or_enforcement_not_independently_verified"",""reliable"":false,""system_id"":""strix"",""unit"":""tokens""},{""budget_name"":""max_output_bytes"",""enforcement_mode"":""hard"",""evidence_refs"":[],""exceeded"":false,""limit"":2097152.0,""measured"":14175.0,""note"":"""",""reliable"":true,""system_id"":""strix"",""unit"":""bytes""},{""budget_name"":""max_seconds"",""enforcement_mode"":""hard"",""evidence_refs"":[],""exceeded"":false,""limit"":900.0,""measured"":768.8726131740041,""note"":"""",""reliable"":true,""system_id"":""strix"",""unit"":""seconds""},{""budget_name"":""max_tools"",""enforcement_mode"":""advisory"",""evidence_refs"":[],""exceeded"":null,""limit"":40.0,""measured"":null,""note"":""usage_or_enforcement_not_independently_verified"",""reliable"":false,""system_id"":""strix"",""unit"":""count""}]",true,derived,1,0,0,true,derived,0,0,1,true,verified,0,0,1,true,derived,1,0,0,true,derived,0,0,1,true,verified,0,0,1
1.0,732b6fee232090b10247c995b1a5ceb16c9b3202ca70a83a8fa5a5ab05d730c0,2.0,run-9cd4673730368dfc49301fe974be46a4,small-model-stress-v3,strix,documented-missing-v3,6,127969472413859841,835ce68cd4a6469071102b04042f0ad26259f5dd8a8494f83ebd8eea40b4b19a,timeout,not_completed,documented-missing-completion-v1,900,true,900,,not_supported,0,0,0,0,true,5,[],"[{""budget_name"":""max_cost_usd"",""enforcement_mode"":""advisory"",""evidence_refs"":[],""exceeded"":null,""limit"":5.0,""measured"":null,""note"":""usage_or_enforcement_not_independently_verified"",""reliable"":false,""system_id"":""strix"",""unit"":""usd""},{""budget_name"":""max_model_tokens"",""enforcement_mode"":""advisory"",""evidence_refs"":[],""exceeded"":null,""limit"":100000.0,""measured"":null,""note"":""usage_or_enforcement_not_independently_verified"",""reliable"":false,""system_id"":""strix"",""unit"":""tokens""},{""budget_name"":""max_output_bytes"",""enforcement_mode"":""hard"",""evidence_refs"":[],""exceeded"":false,""limit"":2097152.0,""measured"":6469.0,""note"":"""",""reliable"":true,""system_id"":""strix"",""unit"":""bytes""},{""budget_name"":""max_seconds"",""enforcement_mode"":""hard"",""evidence_refs"":[],""exceeded"":false,""limit"":900.0,""measured"":900.0,""note"":"""",""reliable"":true,""system_id"":""strix"",""unit"":""seconds""},{""budget_name"":""max_tools"",""enforcement_mode"":""advisory"",""evidence_refs"":[],""exceeded"":null,""limit"":40.0,""measured"":null,""note"":""usage_or_enforcement_not_independently_verified"",""reliable"":false,""system_id"":""strix"",""unit"":""count""}]",true,derived,1,0,0,true,derived,0,0,1,true,verified,0,0,1,false,unavailable,,,,false,unavailable,,,,false,unavailable,,,
1.0,732b6fee232090b10247c995b1a5ceb16c9b3202ca70a83a8fa5a5ab05d730c0,2.0,run-1e260280fe4fd7c53c8d27e37eedbd09,small-model-stress-v3,strix,documented-missing-v3,7,1119544573656098477,98b647fca861b9e7e5bdd680221484be9df42aa0c9bb375e9cb3b63b75e46a5d,failed,not_completed,documented-missing-completion-v1,302.300947,true,900,,not_supported,0,0,0,0,true,0,[],"[{""budget_name"":""max_cost_usd"",""enforcement_mode"":""advisory"",""evidence_refs"":[],""exceeded"":null,""limit"":5.0,""measured"":null,""note"":""usage_or_enforcement_not_independently_verified"",""reliable"":false,""system_id"":""strix"",""unit"":""usd""},{""budget_name"":""max_model_tokens"",""enforcement_mode"":""advisory"",""evidence_refs"":[],""exceeded"":null,""limit"":100000.0,""measured"":null,""note"":""usage_or_enforcement_not_independently_verified"",""reliable"":false,""system_id"":""strix"",""unit"":""tokens""},{""budget_name"":""max_output_bytes"",""enforcement_mode"":""hard"",""evidence_refs"":[],""exceeded"":false,""limit"":2097152.0,""measured"":9567.0,""note"":"""",""reliable"":true,""system_id"":""strix"",""unit"":""bytes""},{""budget_name"":""max_seconds"",""enforcement_mode"":""hard"",""evidence_refs"":[],""exceeded"":false,""limit"":900.0,""measured"":302.3009466779995,""note"":"""",""reliable"":true,""system_id"":""strix"",""unit"":""seconds""},{""budget_name"":""max_tools"",""enforcement_mode"":""advisory"",""evidence_refs"":[],""exceeded"":null,""limit"":40.0,""measured"":null,""note"":""usage_or_enforcement_not_independently_verified"",""reliable"":false,""system_id"":""strix"",""unit"":""count""}]",true,derived,1,0,0,true,derived,0,0,1,true,verified,0,0,1,false,unavailable,,,,false,unavailable,,,,false,unavailable,,,
1.0,732b6fee232090b10247c995b1a5ceb16c9b3202ca70a83a8fa5a5ab05d730c0,2.0,run-5265f0d49349e03d731a368bca1f53dc,small-model-stress-v3,strix,documented-missing-v3,8,903479215336418785,b806e76001a1dc1f64de0675f187565ed3575456dfc1219188f51db051d19e11,timeout,not_completed,documented-missing-completion-v1,900,true,900,,not_supported,0,0,0,0,true,8,[],"[{""budget_name"":""max_cost_usd"",""enforcement_mode"":""advisory"",""evidence_refs"":[],""exceeded"":null,""limit"":5.0,""measured"":null,""note"":""usage_or_enforcement_not_independently_verified"",""reliable"":false,""system_id"":""strix"",""unit"":""usd""},{""budget_name"":""max_model_tokens"",""enforcement_mode"":""advisory"",""evidence_refs"":[],""exceeded"":null,""limit"":100000.0,""measured"":null,""note"":""usage_or_enforcement_not_independently_verified"",""reliable"":false,""system_id"":""strix"",""unit"":""tokens""},{""budget_name"":""max_output_bytes"",""enforcement_mode"":""hard"",""evidence_refs"":[],""exceeded"":false,""limit"":2097152.0,""measured"":26814.0,""note"":"""",""reliable"":true,""system_id"":""strix"",""unit"":""bytes""},{""budget_name"":""max_seconds"",""enforcement_mode"":""hard"",""evidence_refs"":[],""exceeded"":false,""limit"":900.0,""measured"":900.0,""note"":"""",""reliable"":true,""system_id"":""strix"",""unit"":""seconds""},{""budget_name"":""max_tools"",""enforcement_mode"":""advisory"",""evidence_refs"":[],""exceeded"":null,""limit"":40.0,""measured"":null,""note"":""usage_or_enforcement_not_independently_verified"",""reliable"":false,""system_id"":""strix"",""unit"":""count""}]",true,derived,1,0,0,true,derived,0,0,1,true,verified,0,0,1,false,unavailable,,,,false,unavailable,,,,false,unavailable,,,
1.0,732b6fee232090b10247c995b1a5ceb16c9b3202ca70a83a8fa5a5ab05d730c0,2.0,run-e22a5719da6f4af92616d30d837c3504,small-model-stress-v3,strix,documented-missing-v3,9,544707814993044420,3a2ddb34119f85d05690b81c7d19a7356ab83fc797605eb204acaa6ea95d3050,failed,not_completed,documented-missing-completion-v1,99.6698694,true,900,,not_supported,0,0,0,0,true,0,[],"[{""budget_name"":""max_cost_usd"",""enforcement_mode"":""advisory"",""evidence_refs"":[],""exceeded"":null,""limit"":5.0,""measured"":null,""note"":""usage_or_enforcement_not_independently_verified"",""reliable"":false,""system_id"":""strix"",""unit"":""usd""},{""budget_name"":""max_model_tokens"",""enforcement_mode"":""advisory"",""evidence_refs"":[],""exceeded"":null,""limit"":100000.0,""measured"":null,""note"":""usage_or_enforcement_not_independently_verified"",""reliable"":false,""system_id"":""strix"",""unit"":""tokens""},{""budget_name"":""max_output_bytes"",""enforcement_mode"":""hard"",""evidence_refs"":[],""exceeded"":false,""limit"":2097152.0,""measured"":21514.0,""note"":"""",""reliable"":true,""system_id"":""strix"",""unit"":""bytes""},{""budget_name"":""max_seconds"",""enforcement_mode"":""hard"",""evidence_refs"":[],""exceeded"":false,""limit"":900.0,""measured"":99.66986939300114,""note"":"""",""reliable"":true,""system_id"":""strix"",""unit"":""seconds""},{""budget_name"":""max_tools"",""enforcement_mode"":""advisory"",""evidence_refs"":[],""exceeded"":null,""limit"":40.0,""measured"":null,""note"":""usage_or_enforcement_not_independently_verified"",""reliable"":false,""system_id"":""strix"",""unit"":""count""}]",true,derived,1,0,0,true,derived,0,0,1,true,verified,0,0,1,false,unavailable,,,,false,unavailable,,,,false,unavailable,,,
1.0,732b6fee232090b10247c995b1a5ceb16c9b3202ca70a83a8fa5a5ab05d730c0,2.0,run-27136211d7faff560d2c7ee01858bb4c,small-model-stress-v3,strix,documented-missing-v3,10,142607338647287100,be37951244adec53da37d3b4b25f9c4ad1ee026d19a82b2bba23f03bb6f5fdc5,timeout,not_completed,documented-missing-completion-v1,900,true,900,,not_supported,0,0,0,0,true,8,[],"[{""budget_name"":""max_cost_usd"",""enforcement_mode"":""advisory"",""evidence_refs"":[],""exceeded"":null,""limit"":5.0,""measured"":null,""note"":""usage_or_enforcement_not_independently_verified"",""reliable"":false,""system_id"":""strix"",""unit"":""usd""},{""budget_name"":""max_model_tokens"",""enforcement_mode"":""advisory"",""evidence_refs"":[],""exceeded"":null,""limit"":100000.0,""measured"":null,""note"":""usage_or_enforcement_not_independently_verified"",""reliable"":false,""system_id"":""strix"",""unit"":""tokens""},{""budget_name"":""max_output_bytes"",""enforcement_mode"":""hard"",""evidence_refs"":[],""exceeded"":false,""limit"":2097152.0,""measured"":6469.0,""note"":"""",""reliable"":true,""system_id"":""strix"",""unit"":""bytes""},{""budget_name"":""max_seconds"",""enforcement_mode"":""hard"",""evidence_refs"":[],""exceeded"":false,""limit"":900.0,""measured"":900.0,""note"":"""",""reliable"":true,""system_id"":""strix"",""unit"":""seconds""},{""budget_name"":""max_tools"",""enforcement_mode"":""advisory"",""evidence_refs"":[],""exceeded"":null,""limit"":40.0,""measured"":null,""note"":""usage_or_enforcement_not_independently_verified"",""reliable"":false,""system_id"":""strix"",""unit"":""count""}]",true,derived,1,0,0,true,derived,0,0,1,true,verified,0,0,1,false,unavailable,,,,false,unavailable,,,,false,unavailable,,,
1.0,732b6fee232090b10247c995b1a5ceb16c9b3202ca70a83a8fa5a5ab05d730c0,2.0,run-f0276701023df7d1a71a095665145119,small-model-stress-v3,strix,documented-missing-v3,11,512966251304404956,964154523b565476f24a6756da476cc2d241aec2408e1c99f0b1184e86eb9246,failed,not_completed,documented-missing-completion-v1,102.280244,true,900,,not_supported,0,0,0,0,true,0,[],"[{""budget_name"":""max_cost_usd"",""enforcement_mode"":""advisory"",""evidence_refs"":[],""exceeded"":null,""limit"":5.0,""measured"":null,""note"":""usage_or_enforcement_not_independently_verified"",""reliable"":false,""system_id"":""strix"",""unit"":""usd""},{""budget_name"":""max_model_tokens"",""enforcement_mode"":""advisory"",""evidence_refs"":[],""exceeded"":null,""limit"":100000.0,""measured"":null,""note"":""usage_or_enforcement_not_independently_verified"",""reliable"":false,""system_id"":""strix"",""unit"":""tokens""},{""budget_name"":""max_output_bytes"",""enforcement_mode"":""hard"",""evidence_refs"":[],""exceeded"":false,""limit"":2097152.0,""measured"":21530.0,""note"":"""",""reliable"":true,""system_id"":""strix"",""unit"":""bytes""},{""budget_name"":""max_seconds"",""enforcement_mode"":""hard"",""evidence_refs"":[],""exceeded"":false,""limit"":900.0,""measured"":102.28024394599925,""note"":"""",""reliable"":true,""system_id"":""strix"",""unit"":""seconds""},{""budget_name"":""max_tools"",""enforcement_mode"":""advisory"",""evidence_refs"":[],""exceeded"":null,""limit"":40.0,""measured"":null,""note"":""usage_or_enforcement_not_independently_verified"",""reliable"":false,""system_id"":""strix"",""unit"":""count""}]",true,derived,1,0,0,true,derived,0,0,1,true,verified,0,0,1,false,unavailable,,,,false,unavailable,,,,false,unavailable,,,
1.0,732b6fee232090b10247c995b1a5ceb16c9b3202ca70a83a8fa5a5ab05d730c0,2.0,run-994ce7ea0559f4ab4bc5453207f0c0ee,small-model-stress-v3,strix,documented-missing-v3,12,318153949166508182,a57691ac33572d9d0f4fcf0918f84adaa192b1fdd666067f77d4b7b3b9101d11,failed,not_completed,documented-missing-completion-v1,103.979894,true,900,,not_supported,0,0,0,0,true,0,[],"[{""budget_name"":""max_cost_usd"",""enforcement_mode"":""advisory"",""evidence_refs"":[],""exceeded"":null,""limit"":5.0,""measured"":null,""note"":""usage_or_enforcement_not_independently_verified"",""reliable"":false,""system_id"":""strix"",""unit"":""usd""},{""budget_name"":""max_model_tokens"",""enforcement_mode"":""advisory"",""evidence_refs"":[],""exceeded"":null,""limit"":100000.0,""measured"":null,""note"":""usage_or_enforcement_not_independently_verified"",""reliable"":false,""system_id"":""strix"",""unit"":""tokens""},{""budget_name"":""max_output_bytes"",""enforcement_mode"":""hard"",""evidence_refs"":[],""exceeded"":false,""limit"":2097152.0,""measured"":21514.0,""note"":"""",""reliable"":true,""system_id"":""strix"",""unit"":""bytes""},{""budget_name"":""max_seconds"",""enforcement_mode"":""hard"",""evidence_refs"":[],""exceeded"":false,""limit"":900.0,""measured"":103.97989443900588,""note"":"""",""reliable"":true,""system_id"":""strix"",""unit"":""seconds""},{""budget_name"":""max_tools"",""enforcement_mode"":""advisory"",""evidence_refs"":[],""exceeded"":null,""limit"":40.0,""measured"":null,""note"":""usage_or_enforcement_not_independently_verified"",""reliable"":false,""system_id"":""strix"",""unit"":""count""}]",true,derived,1,0,0,true,derived,0,0,1,true,verified,0,0,1,false,unavailable,,,,false,unavailable,,,,false,unavailable,,,
1.0,732b6fee232090b10247c995b1a5ceb16c9b3202ca70a83a8fa5a5ab05d730c0,2.0,run-69d76bde4b3a4c1048d8ba7c1c15d6cf,small-model-stress-v3,strix,multi-service-v3,1,352201243655663741,e329ddb342a53f578ed71e0e06875878e56d4fa9659c5911d957025d0b23ecb8,failed,not_completed,multi-service-completion-v1,100.208151,true,900,,not_supported,0,0,0,0,true,0,[],"[{""budget_name"":""max_cost_usd"",""enforcement_mode"":""advisory"",""evidence_refs"":[],""exceeded"":null,""limit"":5.0,""measured"":null,""note"":""usage_or_enforcement_not_independently_verified"",""reliable"":false,""system_id"":""strix"",""unit"":""usd""},{""budget_name"":""max_model_tokens"",""enforcement_mode"":""advisory"",""evidence_refs"":[],""exceeded"":null,""limit"":100000.0,""measured"":null,""note"":""usage_or_enforcement_not_independently_verified"",""reliable"":false,""system_id"":""strix"",""unit"":""tokens""},{""budget_name"":""max_output_bytes"",""enforcement_mode"":""hard"",""evidence_refs"":[],""exceeded"":false,""limit"":2097152.0,""measured"":21530.0,""note"":"""",""reliable"":true,""system_id"":""strix"",""unit"":""bytes""},{""budget_name"":""max_seconds"",""enforcement_mode"":""hard"",""evidence_refs"":[],""exceeded"":false,""limit"":900.0,""measured"":100.20815136999954,""note"":"""",""reliable"":true,""system_id"":""strix"",""unit"":""seconds""},{""budget_name"":""max_tools"",""enforcement_mode"":""advisory"",""evidence_refs"":[],""exceeded"":null,""limit"":40.0,""measured"":null,""note"":""usage_or_enforcement_not_independently_verified"",""reliable"":false,""system_id"":""strix"",""unit"":""count""}]",true,derived,1,0,0,true,derived,0,0,2,true,verified,0,0,2,false,unavailable,,,,false,unavailable,,,,false,unavailable,,,
1.0,732b6fee232090b10247c995b1a5ceb16c9b3202ca70a83a8fa5a5ab05d730c0,2.0,run-952967f1cd9a21c7348990813b8710db,small-model-stress-v3,strix,multi-service-v3,2,588008834730788852,0456caf88980e98a87d297aade9f3716c14787e2ab1169aacd1e83d8f7deebf9,succeeded,not_completed,multi-service-completion-v1,411.479472,true,900,,not_supported,0,0,0,0,true,23,[],"[{""budget_name"":""max_cost_usd"",""enforcement_mode"":""advisory"",""evidence_refs"":[],""exceeded"":null,""limit"":5.0,""measured"":null,""note"":""usage_or_enforcement_not_independently_verified"",""reliable"":false,""system_id"":""strix"",""unit"":""usd""},{""budget_name"":""max_model_tokens"",""enforcement_mode"":""advisory"",""evidence_refs"":[],""exceeded"":null,""limit"":100000.0,""measured"":null,""note"":""usage_or_enforcement_not_independently_verified"",""reliable"":false,""system_id"":""strix"",""unit"":""tokens""},{""budget_name"":""max_output_bytes"",""enforcement_mode"":""hard"",""evidence_refs"":[],""exceeded"":false,""limit"":2097152.0,""measured"":13833.0,""note"":"""",""reliable"":true,""system_id"":""strix"",""unit"":""bytes""},{""budget_name"":""max_seconds"",""enforcement_mode"":""hard"",""evidence_refs"":[],""exceeded"":false,""limit"":900.0,""measured"":411.47947209000085,""note"":"""",""reliable"":true,""system_id"":""strix"",""unit"":""seconds""},{""budget_name"":""max_tools"",""enforcement_mode"":""advisory"",""evidence_refs"":[],""exceeded"":null,""limit"":40.0,""measured"":null,""note"":""usage_or_enforcement_not_independently_verified"",""reliable"":false,""system_id"":""strix"",""unit"":""count""}]",true,derived,1,0,0,true,derived,0,0,2,true,verified,0,0,2,true,derived,1,0,0,true,derived,0,0,2,true,verified,0,0,2
1.0,732b6fee232090b10247c995b1a5ceb16c9b3202ca70a83a8fa5a5ab05d730c0,2.0,run-cfd75fbf36ea3906a6f340a1caddd919,small-model-stress-v3,strix,multi-service-v3,3,1006550951265570752,9048bf9e48c1aaf140608b2bab805f01e832b1f0a65ed87b7bb169fa5ededd83,failed,not_completed,multi-service-completion-v1,302.307462,true,900,,not_supported,0,0,0,0,true,0,[],"[{""budget_name"":""max_cost_usd"",""enforcement_mode"":""advisory"",""evidence_refs"":[],""exceeded"":null,""limit"":5.0,""measured"":null,""note"":""usage_or_enforcement_not_independently_verified"",""reliable"":false,""system_id"":""strix"",""unit"":""usd""},{""budget_name"":""max_model_tokens"",""enforcement_mode"":""advisory"",""evidence_refs"":[],""exceeded"":null,""limit"":100000.0,""measured"":null,""note"":""usage_or_enforcement_not_independently_verified"",""reliable"":false,""system_id"":""strix"",""unit"":""tokens""},{""budget_name"":""max_output_bytes"",""enforcement_mode"":""hard"",""evidence_refs"":[],""exceeded"":false,""limit"":2097152.0,""measured"":9567.0,""note"":"""",""reliable"":true,""system_id"":""strix"",""unit"":""bytes""},{""budget_name"":""max_seconds"",""enforcement_mode"":""hard"",""evidence_refs"":[],""exceeded"":false,""limit"":900.0,""measured"":302.30746198199995,""note"":"""",""reliable"":true,""system_id"":""strix"",""unit"":""seconds""},{""budget_name"":""max_tools"",""enforcement_mode"":""advisory"",""evidence_refs"":[],""exceeded"":null,""limit"":40.0,""measured"":null,""note"":""usage_or_enforcement_not_independently_verified"",""reliable"":false,""system_id"":""strix"",""unit"":""count""}]",true,derived,1,0,0,true,derived,0,0,2,true,verified,0,0,2,false,unavailable,,,,false,unavailable,,,,false,unavailable,,,
1.0,732b6fee232090b10247c995b1a5ceb16c9b3202ca70a83a8fa5a5ab05d730c0,2.0,run-398b0c22ad86bb516d701f8477ff6f05,small-model-stress-v3,strix,multi-service-v3,4,196831363100562009,f64b0b4b8e5641c12d5a9d6338786340c751f47ac22705d1d60a955c80ed704c,timeout,not_completed,multi-service-completion-v1,900,true,900,,not_supported,0,0,0,0,true,6,[],"[{""budget_name"":""max_cost_usd"",""enforcement_mode"":""advisory"",""evidence_refs"":[],""exceeded"":null,""limit"":5.0,""measured"":null,""note"":""usage_or_enforcement_not_independently_verified"",""reliable"":false,""system_id"":""strix"",""unit"":""usd""},{""budget_name"":""max_model_tokens"",""enforcement_mode"":""advisory"",""evidence_refs"":[],""exceeded"":null,""limit"":100000.0,""measured"":null,""note"":""usage_or_enforcement_not_independently_verified"",""reliable"":false,""system_id"":""strix"",""unit"":""tokens""},{""budget_name"":""max_output_bytes"",""enforcement_mode"":""hard"",""evidence_refs"":[],""exceeded"":false,""limit"":2097152.0,""measured"":6469.0,""note"":"""",""reliable"":true,""system_id"":""strix"",""unit"":""bytes""},{""budget_name"":""max_seconds"",""enforcement_mode"":""hard"",""evidence_refs"":[],""exceeded"":false,""limit"":900.0,""measured"":900.0,""note"":"""",""reliable"":true,""system_id"":""strix"",""unit"":""seconds""},{""budget_name"":""max_tools"",""enforcement_mode"":""advisory"",""evidence_refs"":[],""exceeded"":null,""limit"":40.0,""measured"":null,""note"":""usage_or_enforcement_not_independently_verified"",""reliable"":false,""system_id"":""strix"",""unit"":""count""}]",true,derived,1,0,0,true,derived,0,0,2,true,verified,0,0,2,false,unavailable,,,,false,unavailable,,,,false,unavailable,,,
1.0,732b6fee232090b10247c995b1a5ceb16c9b3202ca70a83a8fa5a5ab05d730c0,2.0,run-da01b527fdc9c7eaaac375e06fd60932,small-model-stress-v3,strix,multi-service-v3,5,999575326805847036,186bfa5b54e78a39290bf912e2491b0d3926674b2e7407bcd39e896d6d39a984,succeeded,not_completed,multi-service-completion-v1,223.636273,true,900,,not_supported,0,0,0,0,true,10,[],"[{""budget_name"":""max_cost_usd"",""enforcement_mode"":""advisory"",""evidence_refs"":[],""exceeded"":null,""limit"":5.0,""measured"":null,""note"":""usage_or_enforcement_not_independently_verified"",""reliable"":false,""system_id"":""strix"",""unit"":""usd""},{""budget_name"":""max_model_tokens"",""enforcement_mode"":""advisory"",""evidence_refs"":[],""exceeded"":null,""limit"":100000.0,""measured"":null,""note"":""usage_or_enforcement_not_independently_verified"",""reliable"":false,""system_id"":""strix"",""unit"":""tokens""},{""budget_name"":""max_output_bytes"",""enforcement_mode"":""hard"",""evidence_refs"":[],""exceeded"":false,""limit"":2097152.0,""measured"":31062.0,""note"":"""",""reliable"":true,""system_id"":""strix"",""unit"":""bytes""},{""budget_name"":""max_seconds"",""enforcement_mode"":""hard"",""evidence_refs"":[],""exceeded"":false,""limit"":900.0,""measured"":223.63627253100276,""note"":"""",""reliable"":true,""system_id"":""strix"",""unit"":""seconds""},{""budget_name"":""max_tools"",""enforcement_mode"":""advisory"",""evidence_refs"":[],""exceeded"":null,""limit"":40.0,""measured"":null,""note"":""usage_or_enforcement_not_independently_verified"",""reliable"":false,""system_id"":""strix"",""unit"":""count""}]",true,derived,1,0,0,true,derived,0,0,2,true,verified,0,0,2,true,derived,1,0,0,true,derived,0,0,2,true,verified,0,0,2
1.0,732b6fee232090b10247c995b1a5ceb16c9b3202ca70a83a8fa5a5ab05d730c0,2.0,run-7f6e1f2c0d39bf6af10f3d95244f727b,small-model-stress-v3,strix,multi-service-v3,6,1048777334433255297,5541a0e29048e5121bd75365500bf1d818191638a500bd340da260b3522e9090,timeout,not_completed,multi-service-completion-v1,900,true,900,,not_supported,0,0,0,0,true,22,[],"[{""budget_name"":""max_cost_usd"",""enforcement_mode"":""advisory"",""evidence_refs"":[],""exceeded"":null,""limit"":5.0,""measured"":null,""note"":""usage_or_enforcement_not_independently_verified"",""reliable"":false,""system_id"":""strix"",""unit"":""usd""},{""budget_name"":""max_model_tokens"",""enforcement_mode"":""advisory"",""evidence_refs"":[],""exceeded"":null,""limit"":100000.0,""measured"":null,""note"":""usage_or_enforcement_not_independently_verified"",""reliable"":false,""system_id"":""strix"",""unit"":""tokens""},{""budget_name"":""max_output_bytes"",""enforcement_mode"":""hard"",""evidence_refs"":[],""exceeded"":false,""limit"":2097152.0,""measured"":19837.0,""note"":"""",""reliable"":true,""system_id"":""strix"",""unit"":""bytes""},{""budget_name"":""max_seconds"",""enforcement_mode"":""hard"",""evidence_refs"":[],""exceeded"":false,""limit"":900.0,""measured"":900.0,""note"":"""",""reliable"":true,""system_id"":""strix"",""unit"":""seconds""},{""budget_name"":""max_tools"",""enforcement_mode"":""advisory"",""evidence_refs"":[],""exceeded"":null,""limit"":40.0,""measured"":null,""note"":""usage_or_enforcement_not_independently_verified"",""reliable"":false,""system_id"":""strix"",""unit"":""count""}]",true,derived,1,0,0,true,derived,0,0,2,true,verified,0,0,2,false,unavailable,,,,false,unavailable,,,,false,unavailable,,,
1.0,732b6fee232090b10247c995b1a5ceb16c9b3202ca70a83a8fa5a5ab05d730c0,2.0,run-e407d39d1b0e94c59ff10a6a93c42b12,small-model-stress-v3,strix,multi-service-v3,7,1127537651291134735,029603b82b36fa14f7db92c0fb1e21d4d0066fbe35985197f4358cfe89c02799,timeout,not_completed,multi-service-completion-v1,900,true,900,,not_supported,0,0,0,0,true,11,[],"[{""budget_name"":""max_cost_usd"",""enforcement_mode"":""advisory"",""evidence_refs"":[],""exceeded"":null,""limit"":5.0,""measured"":null,""note"":""usage_or_enforcement_not_independently_verified"",""reliable"":false,""system_id"":""strix"",""unit"":""usd""},{""budget_name"":""max_model_tokens"",""enforcement_mode"":""advisory"",""evidence_refs"":[],""exceeded"":null,""limit"":100000.0,""measured"":null,""note"":""usage_or_enforcement_not_independently_verified"",""reliable"":false,""system_id"":""strix"",""unit"":""tokens""},{""budget_name"":""max_output_bytes"",""enforcement_mode"":""hard"",""evidence_refs"":[],""exceeded"":false,""limit"":2097152.0,""measured"":6469.0,""note"":"""",""reliable"":true,""system_id"":""strix"",""unit"":""bytes""},{""budget_name"":""max_seconds"",""enforcement_mode"":""hard"",""evidence_refs"":[],""exceeded"":false,""limit"":900.0,""measured"":900.0,""note"":"""",""reliable"":true,""system_id"":""strix"",""unit"":""seconds""},{""budget_name"":""max_tools"",""enforcement_mode"":""advisory"",""evidence_refs"":[],""exceeded"":null,""limit"":40.0,""measured"":null,""note"":""usage_or_enforcement_not_independently_verified"",""reliable"":false,""system_id"":""strix"",""unit"":""count""}]",true,derived,1,0,0,true,derived,0,0,2,true,verified,0,0,2,false,unavailable,,,,false,unavailable,,,,false,unavailable,,,
1.0,732b6fee232090b10247c995b1a5ceb16c9b3202ca70a83a8fa5a5ab05d730c0,2.0,run-b639d41fb92ec450d200a75e17309bbd,small-model-stress-v3,strix,multi-service-v3,8,869426859740716899,048b95ace0b0afd458b830e0f3eb215608bb427a1ff37a8af1c0fa742daa0189,timeout,not_completed,multi-service-completion-v1,900,true,900,,not_supported,0,0,0,0,true,29,[],"[{""budget_name"":""max_cost_usd"",""enforcement_mode"":""advisory"",""evidence_refs"":[],""exceeded"":null,""limit"":5.0,""measured"":null,""note"":""usage_or_enforcement_not_independently_verified"",""reliable"":false,""system_id"":""strix"",""unit"":""usd""},{""budget_name"":""max_model_tokens"",""enforcement_mode"":""advisory"",""evidence_refs"":[],""exceeded"":null,""limit"":100000.0,""measured"":null,""note"":""usage_or_enforcement_not_independently_verified"",""reliable"":false,""system_id"":""strix"",""unit"":""tokens""},{""budget_name"":""max_output_bytes"",""enforcement_mode"":""hard"",""evidence_refs"":[],""exceeded"":false,""limit"":2097152.0,""measured"":10047.0,""note"":"""",""reliable"":true,""system_id"":""strix"",""unit"":""bytes""},{""budget_name"":""max_seconds"",""enforcement_mode"":""hard"",""evidence_refs"":[],""exceeded"":false,""limit"":900.0,""measured"":900.0,""note"":"""",""reliable"":true,""system_id"":""strix"",""unit"":""seconds""},{""budget_name"":""max_tools"",""enforcement_mode"":""advisory"",""evidence_refs"":[],""exceeded"":null,""limit"":40.0,""measured"":null,""note"":""usage_or_enforcement_not_independently_verified"",""reliable"":false,""system_id"":""strix"",""unit"":""count""}]",true,derived,1,0,0,true,derived,0,0,2,true,verified,0,0,2,false,unavailable,,,,false,unavailable,,,,false,unavailable,,,
1.0,732b6fee232090b10247c995b1a5ceb16c9b3202ca70a83a8fa5a5ab05d730c0,2.0,run-e2a6840fed0de52ce5083a9d9d0ffd6a,small-model-stress-v3,strix,multi-service-v3,9,837676632710033105,29e92d632705bb6850d2eb1f33259c2df6c4273e9731689a5e93e8b9110a5755,failed,not_completed,multi-service-completion-v1,101.471346,true,900,,not_supported,0,0,0,0,true,0,[],"[{""budget_name"":""max_cost_usd"",""enforcement_mode"":""advisory"",""evidence_refs"":[],""exceeded"":null,""limit"":5.0,""measured"":null,""note"":""usage_or_enforcement_not_independently_verified"",""reliable"":false,""system_id"":""strix"",""unit"":""usd""},{""budget_name"":""max_model_tokens"",""enforcement_mode"":""advisory"",""evidence_refs"":[],""exceeded"":null,""limit"":100000.0,""measured"":null,""note"":""usage_or_enforcement_not_independently_verified"",""reliable"":false,""system_id"":""strix"",""unit"":""tokens""},{""budget_name"":""max_output_bytes"",""enforcement_mode"":""hard"",""evidence_refs"":[],""exceeded"":false,""limit"":2097152.0,""measured"":21514.0,""note"":"""",""reliable"":true,""system_id"":""strix"",""unit"":""bytes""},{""budget_name"":""max_seconds"",""enforcement_mode"":""hard"",""evidence_refs"":[],""exceeded"":false,""limit"":900.0,""measured"":101.47134572000141,""note"":"""",""reliable"":true,""system_id"":""strix"",""unit"":""seconds""},{""budget_name"":""max_tools"",""enforcement_mode"":""advisory"",""evidence_refs"":[],""exceeded"":null,""limit"":40.0,""measured"":null,""note"":""usage_or_enforcement_not_independently_verified"",""reliable"":false,""system_id"":""strix"",""unit"":""count""}]",true,derived,1,0,0,true,derived,0,0,2,true,verified,0,0,2,false,unavailable,,,,false,unavailable,,,,false,unavailable,,,
1.0,732b6fee232090b10247c995b1a5ceb16c9b3202ca70a83a8fa5a5ab05d730c0,2.0,run-ea448f83c759cec0f48d12244092fbc8,small-model-stress-v3,strix,multi-service-v3,10,50232828445735166,d7f3d51c42a1aa3790ccc7ef3dfbfe64e587c4b578f975ba8cb3dd5baa7f39a2,timeout,not_completed,multi-service-completion-v1,900,true,900,,not_supported,0,0,0,0,true,33,[],"[{""budget_name"":""max_cost_usd"",""enforcement_mode"":""advisory"",""evidence_refs"":[],""exceeded"":null,""limit"":5.0,""measured"":null,""note"":""usage_or_enforcement_not_independently_verified"",""reliable"":false,""system_id"":""strix"",""unit"":""usd""},{""budget_name"":""max_model_tokens"",""enforcement_mode"":""advisory"",""evidence_refs"":[],""exceeded"":null,""limit"":100000.0,""measured"":null,""note"":""usage_or_enforcement_not_independently_verified"",""reliable"":false,""system_id"":""strix"",""unit"":""tokens""},{""budget_name"":""max_output_bytes"",""enforcement_mode"":""hard"",""evidence_refs"":[],""exceeded"":false,""limit"":2097152.0,""measured"":16236.0,""note"":"""",""reliable"":true,""system_id"":""strix"",""unit"":""bytes""},{""budget_name"":""max_seconds"",""enforcement_mode"":""hard"",""evidence_refs"":[],""exceeded"":false,""limit"":900.0,""measured"":900.0,""note"":"""",""reliable"":true,""system_id"":""strix"",""unit"":""seconds""},{""budget_name"":""max_tools"",""enforcement_mode"":""advisory"",""evidence_refs"":[],""exceeded"":null,""limit"":40.0,""measured"":null,""note"":""usage_or_enforcement_not_independently_verified"",""reliable"":false,""system_id"":""strix"",""unit"":""count""}]",true,derived,1,0,0,true,derived,0,0,2,true,verified,0,0,2,false,unavailable,,,,false,unavailable,,,,false,unavailable,,,
1.0,732b6fee232090b10247c995b1a5ceb16c9b3202ca70a83a8fa5a5ab05d730c0,2.0,run-88d9444ba27a76bf9f9c9f22aedacacc,small-model-stress-v3,strix,multi-service-v3,11,694182857379338880,8b3e39ba02b3a9b7ed37593c6aea6ca8a65800b5d5bad6220d4633d6a641518f,timeout,not_completed,multi-service-completion-v1,900,true,900,,not_supported,0,0,0,0,true,28,[],"[{""budget_name"":""max_cost_usd"",""enforcement_mode"":""advisory"",""evidence_refs"":[],""exceeded"":null,""limit"":5.0,""measured"":null,""note"":""usage_or_enforcement_not_independently_verified"",""reliable"":false,""system_id"":""strix"",""unit"":""usd""},{""budget_name"":""max_model_tokens"",""enforcement_mode"":""advisory"",""evidence_refs"":[],""exceeded"":null,""limit"":100000.0,""measured"":null,""note"":""usage_or_enforcement_not_independently_verified"",""reliable"":false,""system_id"":""strix"",""unit"":""tokens""},{""budget_name"":""max_output_bytes"",""enforcement_mode"":""hard"",""evidence_refs"":[],""exceeded"":false,""limit"":2097152.0,""measured"":18103.0,""note"":"""",""reliable"":true,""system_id"":""strix"",""unit"":""bytes""},{""budget_name"":""max_seconds"",""enforcement_mode"":""hard"",""evidence_refs"":[],""exceeded"":false,""limit"":900.0,""measured"":900.0,""note"":"""",""reliable"":true,""system_id"":""strix"",""unit"":""seconds""},{""budget_name"":""max_tools"",""enforcement_mode"":""advisory"",""evidence_refs"":[],""exceeded"":null,""limit"":40.0,""measured"":null,""note"":""usage_or_enforcement_not_independently_verified"",""reliable"":false,""system_id"":""strix"",""unit"":""count""}]",true,derived,1,0,0,true,derived,0,0,2,true,verified,0,0,2,false,unavailable,,,,false,unavailable,,,,false,unavailable,,,
1.0,732b6fee232090b10247c995b1a5ceb16c9b3202ca70a83a8fa5a5ab05d730c0,2.0,run-5ca0bb48e0b44ce0afd1b47a110b6917,small-model-stress-v3,strix,multi-service-v3,12,692274746356947539,e1cb5addb8ae9c92bb1472f83ca903c857732bed28f7d825776f321e1a74246d,timeout,not_completed,multi-service-completion-v1,900,true,900,,not_supported,0,0,0,0,true,7,[],"[{""budget_name"":""max_cost_usd"",""enforcement_mode"":""advisory"",""evidence_refs"":[],""exceeded"":null,""limit"":5.0,""measured"":null,""note"":""usage_or_enforcement_not_independently_verified"",""reliable"":false,""system_id"":""strix"",""unit"":""usd""},{""budget_name"":""max_model_tokens"",""enforcement_mode"":""advisory"",""evidence_refs"":[],""exceeded"":null,""limit"":100000.0,""measured"":null,""note"":""usage_or_enforcement_not_independently_verified"",""reliable"":false,""system_id"":""strix"",""unit"":""tokens""},{""budget_name"":""max_output_bytes"",""enforcement_mode"":""hard"",""evidence_refs"":[],""exceeded"":false,""limit"":2097152.0,""measured"":14721.0,""note"":"""",""reliable"":true,""system_id"":""strix"",""unit"":""bytes""},{""budget_name"":""max_seconds"",""enforcement_mode"":""hard"",""evidence_refs"":[],""exceeded"":false,""limit"":900.0,""measured"":900.0,""note"":"""",""reliable"":true,""system_id"":""strix"",""unit"":""seconds""},{""budget_name"":""max_tools"",""enforcement_mode"":""advisory"",""evidence_refs"":[],""exceeded"":null,""limit"":40.0,""measured"":null,""note"":""usage_or_enforcement_not_independently_verified"",""reliable"":false,""system_id"":""strix"",""unit"":""count""}]",true,derived,1,0,0,true,derived,0,0,2,true,verified,0,0,2,false,unavailable,,,,false,unavailable,,,,false,unavailable,,,
1.0,732b6fee232090b10247c995b1a5ceb16c9b3202ca70a83a8fa5a5ab05d730c0,2.0,run-d6e9f3587031a323a63cb918e47ceeaa,small-model-stress-v3,strix,noisy-openapi-v3,1,241355242013444076,d9a770e4a41fd2a9fb346c507130819995474708fad0373dd713a000a896a041,failed,not_completed,noisy-openapi-completion-v1,272.312162,true,900,,not_supported,0,0,0,0,true,5,[],"[{""budget_name"":""max_cost_usd"",""enforcement_mode"":""advisory"",""evidence_refs"":[],""exceeded"":null,""limit"":5.0,""measured"":null,""note"":""usage_or_enforcement_not_independently_verified"",""reliable"":false,""system_id"":""strix"",""unit"":""usd""},{""budget_name"":""max_model_tokens"",""enforcement_mode"":""advisory"",""evidence_refs"":[],""exceeded"":null,""limit"":100000.0,""measured"":null,""note"":""usage_or_enforcement_not_independently_verified"",""reliable"":false,""system_id"":""strix"",""unit"":""tokens""},{""budget_name"":""max_output_bytes"",""enforcement_mode"":""hard"",""evidence_refs"":[],""exceeded"":false,""limit"":2097152.0,""measured"":20372.0,""note"":"""",""reliable"":true,""system_id"":""strix"",""unit"":""bytes""},{""budget_name"":""max_seconds"",""enforcement_mode"":""hard"",""evidence_refs"":[],""exceeded"":false,""limit"":900.0,""measured"":272.31216161700013,""note"":"""",""reliable"":true,""system_id"":""strix"",""unit"":""seconds""},{""budget_name"":""max_tools"",""enforcement_mode"":""advisory"",""evidence_refs"":[],""exceeded"":null,""limit"":40.0,""measured"":null,""note"":""usage_or_enforcement_not_independently_verified"",""reliable"":false,""system_id"":""strix"",""unit"":""count""}]",true,derived,1,0,0,true,derived,0,0,1,true,verified,0,0,1,false,unavailable,,,,false,unavailable,,,,false,unavailable,,,
1.0,732b6fee232090b10247c995b1a5ceb16c9b3202ca70a83a8fa5a5ab05d730c0,2.0,run-8f9bb8d71737a06371af02763ffb80b0,small-model-stress-v3,strix,noisy-openapi-v3,2,669975518596764278,ff701b23af2d3119202ca6ce3601e2bb8b54f5a7a1f43d5e9bc045cbeafd3a69,succeeded,not_completed,noisy-openapi-completion-v1,272.663784,true,900,,not_supported,0,0,0,0,true,13,[],"[{""budget_name"":""max_cost_usd"",""enforcement_mode"":""advisory"",""evidence_refs"":[],""exceeded"":null,""limit"":5.0,""measured"":null,""note"":""usage_or_enforcement_not_independently_verified"",""reliable"":false,""system_id"":""strix"",""unit"":""usd""},{""budget_name"":""max_model_tokens"",""enforcement_mode"":""advisory"",""evidence_refs"":[],""exceeded"":null,""limit"":100000.0,""measured"":null,""note"":""usage_or_enforcement_not_independently_verified"",""reliable"":false,""system_id"":""strix"",""unit"":""tokens""},{""budget_name"":""max_output_bytes"",""enforcement_mode"":""hard"",""evidence_refs"":[],""exceeded"":false,""limit"":2097152.0,""measured"":19447.0,""note"":"""",""reliable"":true,""system_id"":""strix"",""unit"":""bytes""},{""budget_name"":""max_seconds"",""enforcement_mode"":""hard"",""evidence_refs"":[],""exceeded"":false,""limit"":900.0,""measured"":272.66378354300105,""note"":"""",""reliable"":true,""system_id"":""strix"",""unit"":""seconds""},{""budget_name"":""max_tools"",""enforcement_mode"":""advisory"",""evidence_refs"":[],""exceeded"":null,""limit"":40.0,""measured"":null,""note"":""usage_or_enforcement_not_independently_verified"",""reliable"":false,""system_id"":""strix"",""unit"":""count""}]",true,derived,1,0,0,true,derived,0,0,1,true,verified,0,0,1,true,derived,1,0,0,true,derived,0,0,1,true,verified,0,0,1
1.0,732b6fee232090b10247c995b1a5ceb16c9b3202ca70a83a8fa5a5ab05d730c0,2.0,run-2633b589f65499dff58799e346d8122f,small-model-stress-v3,strix,noisy-openapi-v3,3,1115071366615175987,d518fe35f587813c4a29feb610e67aee299d98b060a0bc274381fbc347b387fe,succeeded,not_completed,noisy-openapi-completion-v1,396.51335,true,900,,not_supported,0,0,0,0,true,11,[],"[{""budget_name"":""max_cost_usd"",""enforcement_mode"":""advisory"",""evidence_refs"":[],""exceeded"":null,""limit"":5.0,""measured"":null,""note"":""usage_or_enforcement_not_independently_verified"",""reliable"":false,""system_id"":""strix"",""unit"":""usd""},{""budget_name"":""max_model_tokens"",""enforcement_mode"":""advisory"",""evidence_refs"":[],""exceeded"":null,""limit"":100000.0,""measured"":null,""note"":""usage_or_enforcement_not_independently_verified"",""reliable"":false,""system_id"":""strix"",""unit"":""tokens""},{""budget_name"":""max_output_bytes"",""enforcement_mode"":""hard"",""evidence_refs"":[],""exceeded"":false,""limit"":2097152.0,""measured"":14258.0,""note"":"""",""reliable"":true,""system_id"":""strix"",""unit"":""bytes""},{""budget_name"":""max_seconds"",""enforcement_mode"":""hard"",""evidence_refs"":[],""exceeded"":false,""limit"":900.0,""measured"":396.51335033200303,""note"":"""",""reliable"":true,""system_id"":""strix"",""unit"":""seconds""},{""budget_name"":""max_tools"",""enforcement_mode"":""advisory"",""evidence_refs"":[],""exceeded"":null,""limit"":40.0,""measured"":null,""note"":""usage_or_enforcement_not_independently_verified"",""reliable"":false,""system_id"":""strix"",""unit"":""count""}]",true,derived,1,0,0,true,derived,0,0,1,true,verified,0,0,1,true,derived,1,0,0,true,derived,0,0,1,true,verified,0,0,1
1.0,732b6fee232090b10247c995b1a5ceb16c9b3202ca70a83a8fa5a5ab05d730c0,2.0,run-177cb1d14a2ac947eece62f03aaad3e2,small-model-stress-v3,strix,noisy-openapi-v3,4,901870265490987907,fadfea724d8ed591dcbd77449a36ca964d9f0aa45cd5077b10f530a7b47a4ea9,timeout,not_completed,noisy-openapi-completion-v1,900,true,900,,not_supported,0,0,0,0,true,7,[],"[{""budget_name"":""max_cost_usd"",""enforcement_mode"":""advisory"",""evidence_refs"":[],""exceeded"":null,""limit"":5.0,""measured"":null,""note"":""usage_or_enforcement_not_independently_verified"",""reliable"":false,""system_id"":""strix"",""unit"":""usd""},{""budget_name"":""max_model_tokens"",""enforcement_mode"":""advisory"",""evidence_refs"":[],""exceeded"":null,""limit"":100000.0,""measured"":null,""note"":""usage_or_enforcement_not_independently_verified"",""reliable"":false,""system_id"":""strix"",""unit"":""tokens""},{""budget_name"":""max_output_bytes"",""enforcement_mode"":""hard"",""evidence_refs"":[],""exceeded"":false,""limit"":2097152.0,""measured"":17748.0,""note"":"""",""reliable"":true,""system_id"":""strix"",""unit"":""bytes""},{""budget_name"":""max_seconds"",""enforcement_mode"":""hard"",""evidence_refs"":[],""exceeded"":false,""limit"":900.0,""measured"":900.0,""note"":"""",""reliable"":true,""system_id"":""strix"",""unit"":""seconds""},{""budget_name"":""max_tools"",""enforcement_mode"":""advisory"",""evidence_refs"":[],""exceeded"":null,""limit"":40.0,""measured"":null,""note"":""usage_or_enforcement_not_independently_verified"",""reliable"":false,""system_id"":""strix"",""unit"":""count""}]",true,derived,1,0,0,true,derived,0,0,1,true,verified,0,0,1,false,unavailable,,,,false,unavailable,,,,false,unavailable,,,
1.0,732b6fee232090b10247c995b1a5ceb16c9b3202ca70a83a8fa5a5ab05d730c0,2.0,run-6d56e06985f7e2659fd71391cef30363,small-model-stress-v3,strix,noisy-openapi-v3,5,177286598377817825,2eaad1ef5d649fdd3bca70d6265ce3583a1331f21e307bd3ee522fc0c9857b1a,failed,not_completed,noisy-openapi-completion-v1,696.821795,true,900,,not_supported,0,0,0,0,true,7,[],"[{""budget_name"":""max_cost_usd"",""enforcement_mode"":""advisory"",""evidence_refs"":[],""exceeded"":null,""limit"":5.0,""measured"":null,""note"":""usage_or_enforcement_not_independently_verified"",""reliable"":false,""system_id"":""strix"",""unit"":""usd""},{""budget_name"":""max_model_tokens"",""enforcement_mode"":""advisory"",""evidence_refs"":[],""exceeded"":null,""limit"":100000.0,""measured"":null,""note"":""usage_or_enforcement_not_independently_verified"",""reliable"":false,""system_id"":""strix"",""unit"":""tokens""},{""budget_name"":""max_output_bytes"",""enforcement_mode"":""hard"",""evidence_refs"":[],""exceeded"":false,""limit"":2097152.0,""measured"":17605.0,""note"":"""",""reliable"":true,""system_id"":""strix"",""unit"":""bytes""},{""budget_name"":""max_seconds"",""enforcement_mode"":""hard"",""evidence_refs"":[],""exceeded"":false,""limit"":900.0,""measured"":696.8217954489955,""note"":"""",""reliable"":true,""system_id"":""strix"",""unit"":""seconds""},{""budget_name"":""max_tools"",""enforcement_mode"":""advisory"",""evidence_refs"":[],""exceeded"":null,""limit"":40.0,""measured"":null,""note"":""usage_or_enforcement_not_independently_verified"",""reliable"":false,""system_id"":""strix"",""unit"":""count""}]",true,derived,1,0,0,true,derived,0,0,1,true,verified,0,0,1,false,unavailable,,,,false,unavailable,,,,false,unavailable,,,
1.0,732b6fee232090b10247c995b1a5ceb16c9b3202ca70a83a8fa5a5ab05d730c0,2.0,run-3133e18854a4fe58198bc0da3201c4f9,small-model-stress-v3,strix,noisy-openapi-v3,6,133538279343077283,26a260ae0128b3bf8d2e238e2267d17f44f7a006e56ee5bebe2724aad67231e2,timeout,not_completed,noisy-openapi-completion-v1,900,true,900,,not_supported,0,0,0,0,true,26,[],"[{""budget_name"":""max_cost_usd"",""enforcement_mode"":""advisory"",""evidence_refs"":[],""exceeded"":null,""limit"":5.0,""measured"":null,""note"":""usage_or_enforcement_not_independently_verified"",""reliable"":false,""system_id"":""strix"",""unit"":""usd""},{""budget_name"":""max_model_tokens"",""enforcement_mode"":""advisory"",""evidence_refs"":[],""exceeded"":null,""limit"":100000.0,""measured"":null,""note"":""usage_or_enforcement_not_independently_verified"",""reliable"":false,""system_id"":""strix"",""unit"":""tokens""},{""budget_name"":""max_output_bytes"",""enforcement_mode"":""hard"",""evidence_refs"":[],""exceeded"":false,""limit"":2097152.0,""measured"":6469.0,""note"":"""",""reliable"":true,""system_id"":""strix"",""unit"":""bytes""},{""budget_name"":""max_seconds"",""enforcement_mode"":""hard"",""evidence_refs"":[],""exceeded"":false,""limit"":900.0,""measured"":900.0,""note"":"""",""reliable"":true,""system_id"":""strix"",""unit"":""seconds""},{""budget_name"":""max_tools"",""enforcement_mode"":""advisory"",""evidence_refs"":[],""exceeded"":null,""limit"":40.0,""measured"":null,""note"":""usage_or_enforcement_not_independently_verified"",""reliable"":false,""system_id"":""strix"",""unit"":""count""}]",true,derived,1,0,0,true,derived,0,0,1,true,verified,0,0,1,false,unavailable,,,,false,unavailable,,,,false,unavailable,,,
1.0,732b6fee232090b10247c995b1a5ceb16c9b3202ca70a83a8fa5a5ab05d730c0,2.0,run-633d917f69cf291a67cd408eb0796707,small-model-stress-v3,strix,noisy-openapi-v3,7,632096895407679654,966c9b2b0ecd34f600c14190c543702b4d31574d71c421f951a47595df363ecd,succeeded,not_completed,noisy-openapi-completion-v1,336.127238,true,900,,not_supported,0,0,0,0,true,5,[],"[{""budget_name"":""max_cost_usd"",""enforcement_mode"":""advisory"",""evidence_refs"":[],""exceeded"":null,""limit"":5.0,""measured"":null,""note"":""usage_or_enforcement_not_independently_verified"",""reliable"":false,""system_id"":""strix"",""unit"":""usd""},{""budget_name"":""max_model_tokens"",""enforcement_mode"":""advisory"",""evidence_refs"":[],""exceeded"":null,""limit"":100000.0,""measured"":null,""note"":""usage_or_enforcement_not_independently_verified"",""reliable"":false,""system_id"":""strix"",""unit"":""tokens""},{""budget_name"":""max_output_bytes"",""enforcement_mode"":""hard"",""evidence_refs"":[],""exceeded"":false,""limit"":2097152.0,""measured"":14284.0,""note"":"""",""reliable"":true,""system_id"":""strix"",""unit"":""bytes""},{""budget_name"":""max_seconds"",""enforcement_mode"":""hard"",""evidence_refs"":[],""exceeded"":false,""limit"":900.0,""measured"":336.12723810900025,""note"":"""",""reliable"":true,""system_id"":""strix"",""unit"":""seconds""},{""budget_name"":""max_tools"",""enforcement_mode"":""advisory"",""evidence_refs"":[],""exceeded"":null,""limit"":40.0,""measured"":null,""note"":""usage_or_enforcement_not_independently_verified"",""reliable"":false,""system_id"":""strix"",""unit"":""count""}]",true,derived,1,0,0,true,derived,0,0,1,true,verified,0,0,1,true,derived,1,0,0,true,derived,0,0,1,true,verified,0,0,1
1.0,732b6fee232090b10247c995b1a5ceb16c9b3202ca70a83a8fa5a5ab05d730c0,2.0,run-af44a20c4dfe1f022aa723897cd0c495,small-model-stress-v3,strix,noisy-openapi-v3,8,822483854277343885,b7d5240ccf4de13fd3f70ebe032d7146cb675245dede21e7292d129c9cdc6cd1,succeeded,invalid,noisy-openapi-completion-v1,525.191672,true,900,,not_supported,0,0,0,0,true,22,"[""post_mutation_attempt""]","[{""budget_name"":""max_cost_usd"",""enforcement_mode"":""advisory"",""evidence_refs"":[],""exceeded"":null,""limit"":5.0,""measured"":null,""note"":""usage_or_enforcement_not_independently_verified"",""reliable"":false,""system_id"":""strix"",""unit"":""usd""},{""budget_name"":""max_model_tokens"",""enforcement_mode"":""advisory"",""evidence_refs"":[],""exceeded"":null,""limit"":100000.0,""measured"":null,""note"":""usage_or_enforcement_not_independently_verified"",""reliable"":false,""system_id"":""strix"",""unit"":""tokens""},{""budget_name"":""max_output_bytes"",""enforcement_mode"":""hard"",""evidence_refs"":[],""exceeded"":false,""limit"":2097152.0,""measured"":16682.0,""note"":"""",""reliable"":true,""system_id"":""strix"",""unit"":""bytes""},{""budget_name"":""max_seconds"",""enforcement_mode"":""hard"",""evidence_refs"":[],""exceeded"":false,""limit"":900.0,""measured"":525.1916719500005,""note"":"""",""reliable"":true,""system_id"":""strix"",""unit"":""seconds""},{""budget_name"":""max_tools"",""enforcement_mode"":""advisory"",""evidence_refs"":[],""exceeded"":null,""limit"":40.0,""measured"":null,""note"":""usage_or_enforcement_not_independently_verified"",""reliable"":false,""system_id"":""strix"",""unit"":""count""}]",true,derived,1,0,0,true,derived,0,0,1,true,verified,0,0,1,true,derived,1,0,0,true,derived,0,0,1,true,verified,0,0,1
1.0,732b6fee232090b10247c995b1a5ceb16c9b3202ca70a83a8fa5a5ab05d730c0,2.0,run-ea5de0aed20cb5a55c669443d9329df7,small-model-stress-v3,strix,noisy-openapi-v3,9,994775724612662169,cdfcb44068c1eedd49237119c7c4d6990597e9e2fc1956e022ad05b4d8065c26,succeeded,not_completed,noisy-openapi-completion-v1,686.170382,true,900,,not_supported,0,0,0,0,true,69,[],"[{""budget_name"":""max_cost_usd"",""enforcement_mode"":""advisory"",""evidence_refs"":[],""exceeded"":null,""limit"":5.0,""measured"":null,""note"":""usage_or_enforcement_not_independently_verified"",""reliable"":false,""system_id"":""strix"",""unit"":""usd""},{""budget_name"":""max_model_tokens"",""enforcement_mode"":""advisory"",""evidence_refs"":[],""exceeded"":null,""limit"":100000.0,""measured"":null,""note"":""usage_or_enforcement_not_independently_verified"",""reliable"":false,""system_id"":""strix"",""unit"":""tokens""},{""budget_name"":""max_output_bytes"",""enforcement_mode"":""hard"",""evidence_refs"":[],""exceeded"":false,""limit"":2097152.0,""measured"":21131.0,""note"":"""",""reliable"":true,""system_id"":""strix"",""unit"":""bytes""},{""budget_name"":""max_seconds"",""enforcement_mode"":""hard"",""evidence_refs"":[],""exceeded"":false,""limit"":900.0,""measured"":686.1703823290009,""note"":"""",""reliable"":true,""system_id"":""strix"",""unit"":""seconds""},{""budget_name"":""max_tools"",""enforcement_mode"":""advisory"",""evidence_refs"":[],""exceeded"":null,""limit"":40.0,""measured"":null,""note"":""usage_or_enforcement_not_independently_verified"",""reliable"":false,""system_id"":""strix"",""unit"":""count""}]",true,derived,1,0,0,true,derived,0,0,1,true,verified,0,0,1,true,derived,1,0,0,true,derived,0,0,1,true,verified,0,0,1
1.0,732b6fee232090b10247c995b1a5ceb16c9b3202ca70a83a8fa5a5ab05d730c0,2.0,run-38f81f75af8b58f4e498927ffee2b576,small-model-stress-v3,strix,noisy-openapi-v3,10,308306814065429756,f6c401e7a72d615627b64282a9b6dbbc4935cf39564bfaafb40bf8fc1f577bcd,failed,not_completed,noisy-openapi-completion-v1,104.952655,true,900,,not_supported,0,0,0,0,true,0,[],"[{""budget_name"":""max_cost_usd"",""enforcement_mode"":""advisory"",""evidence_refs"":[],""exceeded"":null,""limit"":5.0,""measured"":null,""note"":""usage_or_enforcement_not_independently_verified"",""reliable"":false,""system_id"":""strix"",""unit"":""usd""},{""budget_name"":""max_model_tokens"",""enforcement_mode"":""advisory"",""evidence_refs"":[],""exceeded"":null,""limit"":100000.0,""measured"":null,""note"":""usage_or_enforcement_not_independently_verified"",""reliable"":false,""system_id"":""strix"",""unit"":""tokens""},{""budget_name"":""max_output_bytes"",""enforcement_mode"":""hard"",""evidence_refs"":[],""exceeded"":false,""limit"":2097152.0,""measured"":21530.0,""note"":"""",""reliable"":true,""system_id"":""strix"",""unit"":""bytes""},{""budget_name"":""max_seconds"",""enforcement_mode"":""hard"",""evidence_refs"":[],""exceeded"":false,""limit"":900.0,""measured"":104.95265527899755,""note"":"""",""reliable"":true,""system_id"":""strix"",""unit"":""seconds""},{""budget_name"":""max_tools"",""enforcement_mode"":""advisory"",""evidence_refs"":[],""exceeded"":null,""limit"":40.0,""measured"":null,""note"":""usage_or_enforcement_not_independently_verified"",""reliable"":false,""system_id"":""strix"",""unit"":""count""}]",true,derived,1,0,0,true,derived,0,0,1,true,verified,0,0,1,false,unavailable,,,,false,unavailable,,,,false,unavailable,,,
1.0,732b6fee232090b10247c995b1a5ceb16c9b3202ca70a83a8fa5a5ab05d730c0,2.0,run-b46ac579b7a1c9ecff37b99bc468406d,small-model-stress-v3,strix,noisy-openapi-v3,11,735804492288358651,62c64933b2070ae3f0e14998d27e3f4687296fe68108092df71ffc1c6246b321,timeout,not_completed,noisy-openapi-completion-v1,900,true,900,,not_supported,0,0,0,0,true,7,[],"[{""budget_name"":""max_cost_usd"",""enforcement_mode"":""advisory"",""evidence_refs"":[],""exceeded"":null,""limit"":5.0,""measured"":null,""note"":""usage_or_enforcement_not_independently_verified"",""reliable"":false,""system_id"":""strix"",""unit"":""usd""},{""budget_name"":""max_model_tokens"",""enforcement_mode"":""advisory"",""evidence_refs"":[],""exceeded"":null,""limit"":100000.0,""measured"":null,""note"":""usage_or_enforcement_not_independently_verified"",""reliable"":false,""system_id"":""strix"",""unit"":""tokens""},{""budget_name"":""max_output_bytes"",""enforcement_mode"":""hard"",""evidence_refs"":[],""exceeded"":false,""limit"":2097152.0,""measured"":20304.0,""note"":"""",""reliable"":true,""system_id"":""strix"",""unit"":""bytes""},{""budget_name"":""max_seconds"",""enforcement_mode"":""hard"",""evidence_refs"":[],""exceeded"":false,""limit"":900.0,""measured"":900.0,""note"":"""",""reliable"":true,""system_id"":""strix"",""unit"":""seconds""},{""budget_name"":""max_tools"",""enforcement_mode"":""advisory"",""evidence_refs"":[],""exceeded"":null,""limit"":40.0,""measured"":null,""note"":""usage_or_enforcement_not_independently_verified"",""reliable"":false,""system_id"":""strix"",""unit"":""count""}]",true,derived,1,0,0,true,derived,0,0,1,true,verified,0,0,1,false,unavailable,,,,false,unavailable,,,,false,unavailable,,,
1.0,732b6fee232090b10247c995b1a5ceb16c9b3202ca70a83a8fa5a5ab05d730c0,2.0,run-caa3d31028f98399b1ad2ba19b5288f8,small-model-stress-v3,strix,noisy-openapi-v3,12,556459872532386028,d7fc2162cff620be7a085baccd3a9397ecabb79dc4cad47b64a137c58ab20371,failed,not_completed,noisy-openapi-completion-v1,302.297004,true,900,,not_supported,0,0,0,0,true,0,[],"[{""budget_name"":""max_cost_usd"",""enforcement_mode"":""advisory"",""evidence_refs"":[],""exceeded"":null,""limit"":5.0,""measured"":null,""note"":""usage_or_enforcement_not_independently_verified"",""reliable"":false,""system_id"":""strix"",""unit"":""usd""},{""budget_name"":""max_model_tokens"",""enforcement_mode"":""advisory"",""evidence_refs"":[],""exceeded"":null,""limit"":100000.0,""measured"":null,""note"":""usage_or_enforcement_not_independently_verified"",""reliable"":false,""system_id"":""strix"",""unit"":""tokens""},{""budget_name"":""max_output_bytes"",""enforcement_mode"":""hard"",""evidence_refs"":[],""exceeded"":false,""limit"":2097152.0,""measured"":9567.0,""note"":"""",""reliable"":true,""system_id"":""strix"",""unit"":""bytes""},{""budget_name"":""max_seconds"",""enforcement_mode"":""hard"",""evidence_refs"":[],""exceeded"":false,""limit"":900.0,""measured"":302.29700436299754,""note"":"""",""reliable"":true,""system_id"":""strix"",""unit"":""seconds""},{""budget_name"":""max_tools"",""enforcement_mode"":""advisory"",""evidence_refs"":[],""exceeded"":null,""limit"":40.0,""measured"":null,""note"":""usage_or_enforcement_not_independently_verified"",""reliable"":false,""system_id"":""strix"",""unit"":""count""}]",true,derived,1,0,0,true,derived,0,0,1,true,verified,0,0,1,false,unavailable,,,,false,unavailable,,,,false,unavailable,,,
1.0,732b6fee232090b10247c995b1a5ceb16c9b3202ca70a83a8fa5a5ab05d730c0,2.0,run-6f4f5567a6053740983d4472a6ae7f44,small-model-stress-v3,strix,pagination-cycle-v3,1,384365306936684563,f0862901ad85f55a8c301f9e1c83813c0bf13b48bb398daa277fd38aac5b9da5,timeout,not_completed,pagination-cycle-completion-v1,900,true,900,,not_supported,0,0,0,0,true,4,[],"[{""budget_name"":""max_cost_usd"",""enforcement_mode"":""advisory"",""evidence_refs"":[],""exceeded"":null,""limit"":5.0,""measured"":null,""note"":""usage_or_enforcement_not_independently_verified"",""reliable"":false,""system_id"":""strix"",""unit"":""usd""},{""budget_name"":""max_model_tokens"",""enforcement_mode"":""advisory"",""evidence_refs"":[],""exceeded"":null,""limit"":100000.0,""measured"":null,""note"":""usage_or_enforcement_not_independently_verified"",""reliable"":false,""system_id"":""strix"",""unit"":""tokens""},{""budget_name"":""max_output_bytes"",""enforcement_mode"":""hard"",""evidence_refs"":[],""exceeded"":false,""limit"":2097152.0,""measured"":6469.0,""note"":"""",""reliable"":true,""system_id"":""strix"",""unit"":""bytes""},{""budget_name"":""max_seconds"",""enforcement_mode"":""hard"",""evidence_refs"":[],""exceeded"":false,""limit"":900.0,""measured"":900.0,""note"":"""",""reliable"":true,""system_id"":""strix"",""unit"":""seconds""},{""budget_name"":""max_tools"",""enforcement_mode"":""advisory"",""evidence_refs"":[],""exceeded"":null,""limit"":40.0,""measured"":null,""note"":""usage_or_enforcement_not_independently_verified"",""reliable"":false,""system_id"":""strix"",""unit"":""count""}]",true,derived,1,0,0,true,derived,0,0,1,true,verified,0,0,1,false,unavailable,,,,false,unavailable,,,,false,unavailable,,,
1.0,732b6fee232090b10247c995b1a5ceb16c9b3202ca70a83a8fa5a5ab05d730c0,2.0,run-99027665c52d9c5ba66c3cddcfc76fcb,small-model-stress-v3,strix,pagination-cycle-v3,2,605415639504616861,dbe7660b2673bb5854125efad3a323a3054e6218f5fb36b32624081901eaa679,timeout,not_completed,pagination-cycle-completion-v1,900,true,900,,not_supported,0,0,0,0,true,5,[],"[{""budget_name"":""max_cost_usd"",""enforcement_mode"":""advisory"",""evidence_refs"":[],""exceeded"":null,""limit"":5.0,""measured"":null,""note"":""usage_or_enforcement_not_independently_verified"",""reliable"":false,""system_id"":""strix"",""unit"":""usd""},{""budget_name"":""max_model_tokens"",""enforcement_mode"":""advisory"",""evidence_refs"":[],""exceeded"":null,""limit"":100000.0,""measured"":null,""note"":""usage_or_enforcement_not_independently_verified"",""reliable"":false,""system_id"":""strix"",""unit"":""tokens""},{""budget_name"":""max_output_bytes"",""enforcement_mode"":""hard"",""evidence_refs"":[],""exceeded"":false,""limit"":2097152.0,""measured"":6469.0,""note"":"""",""reliable"":true,""system_id"":""strix"",""unit"":""bytes""},{""budget_name"":""max_seconds"",""enforcement_mode"":""hard"",""evidence_refs"":[],""exceeded"":false,""limit"":900.0,""measured"":900.0,""note"":"""",""reliable"":true,""system_id"":""strix"",""unit"":""seconds""},{""budget_name"":""max_tools"",""enforcement_mode"":""advisory"",""evidence_refs"":[],""exceeded"":null,""limit"":40.0,""measured"":null,""note"":""usage_or_enforcement_not_independently_verified"",""reliable"":false,""system_id"":""strix"",""unit"":""count""}]",true,derived,1,0,0,true,derived,0,0,1,true,verified,0,0,1,false,unavailable,,,,false,unavailable,,,,false,unavailable,,,
1.0,732b6fee232090b10247c995b1a5ceb16c9b3202ca70a83a8fa5a5ab05d730c0,2.0,run-621d0da883a49e58bba9b9c6cc9fa560,small-model-stress-v3,strix,pagination-cycle-v3,3,634024838387920860,56ddb74f7ff6dac2c07d2dfbebe4b84769b6008271fe4ee0c56c6c93897adc10,timeout,not_completed,pagination-cycle-completion-v1,900,true,900,,not_supported,0,0,0,0,true,171,[],"[{""budget_name"":""max_cost_usd"",""enforcement_mode"":""advisory"",""evidence_refs"":[],""exceeded"":null,""limit"":5.0,""measured"":null,""note"":""usage_or_enforcement_not_independently_verified"",""reliable"":false,""system_id"":""strix"",""unit"":""usd""},{""budget_name"":""max_model_tokens"",""enforcement_mode"":""advisory"",""evidence_refs"":[],""exceeded"":null,""limit"":100000.0,""measured"":null,""note"":""usage_or_enforcement_not_independently_verified"",""reliable"":false,""system_id"":""strix"",""unit"":""tokens""},{""budget_name"":""max_output_bytes"",""enforcement_mode"":""hard"",""evidence_refs"":[],""exceeded"":false,""limit"":2097152.0,""measured"":7703.0,""note"":"""",""reliable"":true,""system_id"":""strix"",""unit"":""bytes""},{""budget_name"":""max_seconds"",""enforcement_mode"":""hard"",""evidence_refs"":[],""exceeded"":false,""limit"":900.0,""measured"":900.0,""note"":"""",""reliable"":true,""system_id"":""strix"",""unit"":""seconds""},{""budget_name"":""max_tools"",""enforcement_mode"":""advisory"",""evidence_refs"":[],""exceeded"":null,""limit"":40.0,""measured"":null,""note"":""usage_or_enforcement_not_independently_verified"",""reliable"":false,""system_id"":""strix"",""unit"":""count""}]",true,derived,1,0,0,true,derived,0,0,1,true,verified,0,0,1,false,unavailable,,,,false,unavailable,,,,false,unavailable,,,
1.0,732b6fee232090b10247c995b1a5ceb16c9b3202ca70a83a8fa5a5ab05d730c0,2.0,run-b84dcd212d8f999878a6a4cf7cf9978e,small-model-stress-v3,strix,pagination-cycle-v3,4,1016291292337525810,e4ff2fc77738f6380e89768765f91d8c5d42737eee21b01ac14474257505a090,timeout,not_completed,pagination-cycle-completion-v1,900,true,900,,not_supported,0,0,0,0,true,48,[],"[{""budget_name"":""max_cost_usd"",""enforcement_mode"":""advisory"",""evidence_refs"":[],""exceeded"":null,""limit"":5.0,""measured"":null,""note"":""usage_or_enforcement_not_independently_verified"",""reliable"":false,""system_id"":""strix"",""unit"":""usd""},{""budget_name"":""max_model_tokens"",""enforcement_mode"":""advisory"",""evidence_refs"":[],""exceeded"":null,""limit"":100000.0,""measured"":null,""note"":""usage_or_enforcement_not_independently_verified"",""reliable"":false,""system_id"":""strix"",""unit"":""tokens""},{""budget_name"":""max_output_bytes"",""enforcement_mode"":""hard"",""evidence_refs"":[],""exceeded"":false,""limit"":2097152.0,""measured"":7703.0,""note"":"""",""reliable"":true,""system_id"":""strix"",""unit"":""bytes""},{""budget_name"":""max_seconds"",""enforcement_mode"":""hard"",""evidence_refs"":[],""exceeded"":false,""limit"":900.0,""measured"":900.0,""note"":"""",""reliable"":true,""system_id"":""strix"",""unit"":""seconds""},{""budget_name"":""max_tools"",""enforcement_mode"":""advisory"",""evidence_refs"":[],""exceeded"":null,""limit"":40.0,""measured"":null,""note"":""usage_or_enforcement_not_independently_verified"",""reliable"":false,""system_id"":""strix"",""unit"":""count""}]",true,derived,1,0,0,true,derived,0,0,1,true,verified,0,0,1,false,unavailable,,,,false,unavailable,,,,false,unavailable,,,
1.0,732b6fee232090b10247c995b1a5ceb16c9b3202ca70a83a8fa5a5ab05d730c0,2.0,run-cc2e9f7c33e1565bece5361267ad9a57,small-model-stress-v3,strix,pagination-cycle-v3,5,732190401851036482,7c2284c4953dd2e65657ce3c80d36a051dc225477b5c84b9d49f6b26fd590c4d,succeeded,not_completed,pagination-cycle-completion-v1,649.886215,true,900,,not_supported,0,0,0,0,true,8,[],"[{""budget_name"":""max_cost_usd"",""enforcement_mode"":""advisory"",""evidence_refs"":[],""exceeded"":null,""limit"":5.0,""measured"":null,""note"":""usage_or_enforcement_not_independently_verified"",""reliable"":false,""system_id"":""strix"",""unit"":""usd""},{""budget_name"":""max_model_tokens"",""enforcement_mode"":""advisory"",""evidence_refs"":[],""exceeded"":null,""limit"":100000.0,""measured"":null,""note"":""usage_or_enforcement_not_independently_verified"",""reliable"":false,""system_id"":""strix"",""unit"":""tokens""},{""budget_name"":""max_output_bytes"",""enforcement_mode"":""hard"",""evidence_refs"":[],""exceeded"":false,""limit"":2097152.0,""measured"":14343.0,""note"":"""",""reliable"":true,""system_id"":""strix"",""unit"":""bytes""},{""budget_name"":""max_seconds"",""enforcement_mode"":""hard"",""evidence_refs"":[],""exceeded"":false,""limit"":900.0,""measured"":649.8862151520007,""note"":"""",""reliable"":true,""system_id"":""strix"",""unit"":""seconds""},{""budget_name"":""max_tools"",""enforcement_mode"":""advisory"",""evidence_refs"":[],""exceeded"":null,""limit"":40.0,""measured"":null,""note"":""usage_or_enforcement_not_independently_verified"",""reliable"":false,""system_id"":""strix"",""unit"":""count""}]",true,derived,1,0,0,true,derived,0,0,1,true,verified,0,0,1,true,derived,1,0,0,true,derived,0,0,1,true,verified,0,0,1
1.0,732b6fee232090b10247c995b1a5ceb16c9b3202ca70a83a8fa5a5ab05d730c0,2.0,run-71f4008af12da357b0c432b20733f087,small-model-stress-v3,strix,pagination-cycle-v3,6,18297196167364890,962d54a5294b6b31f55dea706c1a775ff38be82761aa3d627ef5a167d2ac2554,timeout,not_completed,pagination-cycle-completion-v1,900,true,900,,not_supported,0,0,0,0,true,3,[],"[{""budget_name"":""max_cost_usd"",""enforcement_mode"":""advisory"",""evidence_refs"":[],""exceeded"":null,""limit"":5.0,""measured"":null,""note"":""usage_or_enforcement_not_independently_verified"",""reliable"":false,""system_id"":""strix"",""unit"":""usd""},{""budget_name"":""max_model_tokens"",""enforcement_mode"":""advisory"",""evidence_refs"":[],""exceeded"":null,""limit"":100000.0,""measured"":null,""note"":""usage_or_enforcement_not_independently_verified"",""reliable"":false,""system_id"":""strix"",""unit"":""tokens""},{""budget_name"":""max_output_bytes"",""enforcement_mode"":""hard"",""evidence_refs"":[],""exceeded"":false,""limit"":2097152.0,""measured"":6469.0,""note"":"""",""reliable"":true,""system_id"":""strix"",""unit"":""bytes""},{""budget_name"":""max_seconds"",""enforcement_mode"":""hard"",""evidence_refs"":[],""exceeded"":false,""limit"":900.0,""measured"":900.0,""note"":"""",""reliable"":true,""system_id"":""strix"",""unit"":""seconds""},{""budget_name"":""max_tools"",""enforcement_mode"":""advisory"",""evidence_refs"":[],""exceeded"":null,""limit"":40.0,""measured"":null,""note"":""usage_or_enforcement_not_independently_verified"",""reliable"":false,""system_id"":""strix"",""unit"":""count""}]",true,derived,1,0,0,true,derived,0,0,1,true,verified,0,0,1,false,unavailable,,,,false,unavailable,,,,false,unavailable,,,
1.0,732b6fee232090b10247c995b1a5ceb16c9b3202ca70a83a8fa5a5ab05d730c0,2.0,run-fe5a40ea3ae1a0c89d369a3bf509b49d,small-model-stress-v3,strix,pagination-cycle-v3,7,428938735283268641,4d3b31350ca32a3587f15da308e9f2cd5ce2fb367c59af412c0d28822e73ae5c,timeout,not_completed,pagination-cycle-completion-v1,900,true,900,,not_supported,0,0,0,0,true,30,[],"[{""budget_name"":""max_cost_usd"",""enforcement_mode"":""advisory"",""evidence_refs"":[],""exceeded"":null,""limit"":5.0,""measured"":null,""note"":""usage_or_enforcement_not_independently_verified"",""reliable"":false,""system_id"":""strix"",""unit"":""usd""},{""budget_name"":""max_model_tokens"",""enforcement_mode"":""advisory"",""evidence_refs"":[],""exceeded"":null,""limit"":100000.0,""measured"":null,""note"":""usage_or_enforcement_not_independently_verified"",""reliable"":false,""system_id"":""strix"",""unit"":""tokens""},{""budget_name"":""max_output_bytes"",""enforcement_mode"":""hard"",""evidence_refs"":[],""exceeded"":false,""limit"":2097152.0,""measured"":7261.0,""note"":"""",""reliable"":true,""system_id"":""strix"",""unit"":""bytes""},{""budget_name"":""max_seconds"",""enforcement_mode"":""hard"",""evidence_refs"":[],""exceeded"":false,""limit"":900.0,""measured"":900.0,""note"":"""",""reliable"":true,""system_id"":""strix"",""unit"":""seconds""},{""budget_name"":""max_tools"",""enforcement_mode"":""advisory"",""evidence_refs"":[],""exceeded"":null,""limit"":40.0,""measured"":null,""note"":""usage_or_enforcement_not_independently_verified"",""reliable"":false,""system_id"":""strix"",""unit"":""count""}]",true,derived,1,0,0,true,derived,0,0,1,true,verified,0,0,1,false,unavailable,,,,false,unavailable,,,,false,unavailable,,,
1.0,732b6fee232090b10247c995b1a5ceb16c9b3202ca70a83a8fa5a5ab05d730c0,2.0,run-438327fe1eb52fd0398336377abd801c,small-model-stress-v3,strix,pagination-cycle-v3,8,311506351966713162,8cd34eaf0cb37024344ad5206fc8608155bf3e05d7204eae7928c0541e78095d,succeeded,not_completed,pagination-cycle-completion-v1,254.35384,true,900,,not_supported,0,0,0,0,true,11,[],"[{""budget_name"":""max_cost_usd"",""enforcement_mode"":""advisory"",""evidence_refs"":[],""exceeded"":null,""limit"":5.0,""measured"":null,""note"":""usage_or_enforcement_not_independently_verified"",""reliable"":false,""system_id"":""strix"",""unit"":""usd""},{""budget_name"":""max_model_tokens"",""enforcement_mode"":""advisory"",""evidence_refs"":[],""exceeded"":null,""limit"":100000.0,""measured"":null,""note"":""usage_or_enforcement_not_independently_verified"",""reliable"":false,""system_id"":""strix"",""unit"":""tokens""},{""budget_name"":""max_output_bytes"",""enforcement_mode"":""hard"",""evidence_refs"":[],""exceeded"":false,""limit"":2097152.0,""measured"":13752.0,""note"":"""",""reliable"":true,""system_id"":""strix"",""unit"":""bytes""},{""budget_name"":""max_seconds"",""enforcement_mode"":""hard"",""evidence_refs"":[],""exceeded"":false,""limit"":900.0,""measured"":254.3538397259981,""note"":"""",""reliable"":true,""system_id"":""strix"",""unit"":""seconds""},{""budget_name"":""max_tools"",""enforcement_mode"":""advisory"",""evidence_refs"":[],""exceeded"":null,""limit"":40.0,""measured"":null,""note"":""usage_or_enforcement_not_independently_verified"",""reliable"":false,""system_id"":""strix"",""unit"":""count""}]",true,derived,1,0,0,true,derived,0,0,1,true,verified,0,0,1,true,derived,1,0,0,true,derived,0,0,1,true,verified,0,0,1
1.0,732b6fee232090b10247c995b1a5ceb16c9b3202ca70a83a8fa5a5ab05d730c0,2.0,run-92cc0202918f1653dcb6799d87adffdd,small-model-stress-v3,strix,pagination-cycle-v3,9,460379163756331407,85d653b5500401eb95fe7a505471f5ad0187240a450cf3dade778a78461989e2,succeeded,not_completed,pagination-cycle-completion-v1,80.8838974,true,900,,not_supported,0,0,0,0,true,3,[],"[{""budget_name"":""max_cost_usd"",""enforcement_mode"":""advisory"",""evidence_refs"":[],""exceeded"":null,""limit"":5.0,""measured"":null,""note"":""usage_or_enforcement_not_independently_verified"",""reliable"":false,""system_id"":""strix"",""unit"":""usd""},{""budget_name"":""max_model_tokens"",""enforcement_mode"":""advisory"",""evidence_refs"":[],""exceeded"":null,""limit"":100000.0,""measured"":null,""note"":""usage_or_enforcement_not_independently_verified"",""reliable"":false,""system_id"":""strix"",""unit"":""tokens""},{""budget_name"":""max_output_bytes"",""enforcement_mode"":""hard"",""evidence_refs"":[],""exceeded"":false,""limit"":2097152.0,""measured"":12137.0,""note"":"""",""reliable"":true,""system_id"":""strix"",""unit"":""bytes""},{""budget_name"":""max_seconds"",""enforcement_mode"":""hard"",""evidence_refs"":[],""exceeded"":false,""limit"":900.0,""measured"":80.88389740999992,""note"":"""",""reliable"":true,""system_id"":""strix"",""unit"":""seconds""},{""budget_name"":""max_tools"",""enforcement_mode"":""advisory"",""evidence_refs"":[],""exceeded"":null,""limit"":40.0,""measured"":null,""note"":""usage_or_enforcement_not_independently_verified"",""reliable"":false,""system_id"":""strix"",""unit"":""count""}]",true,derived,1,0,0,true,derived,0,0,1,true,verified,0,0,1,true,derived,1,0,0,true,derived,0,0,1,true,verified,0,0,1
1.0,732b6fee232090b10247c995b1a5ceb16c9b3202ca70a83a8fa5a5ab05d730c0,2.0,run-be9f31ff53c478657187585e259f43cb,small-model-stress-v3,strix,pagination-cycle-v3,10,424600207987663183,ae566c8a7e2ddd5f829cdb3e85f4f39a43e950df7558fb2c2fcf4e94ef1cf0bf,succeeded,not_completed,pagination-cycle-completion-v1,302.919112,true,900,,not_supported,0,0,0,0,true,7,[],"[{""budget_name"":""max_cost_usd"",""enforcement_mode"":""advisory"",""evidence_refs"":[],""exceeded"":null,""limit"":5.0,""measured"":null,""note"":""usage_or_enforcement_not_independently_verified"",""reliable"":false,""system_id"":""strix"",""unit"":""usd""},{""budget_name"":""max_model_tokens"",""enforcement_mode"":""advisory"",""evidence_refs"":[],""exceeded"":null,""limit"":100000.0,""measured"":null,""note"":""usage_or_enforcement_not_independently_verified"",""reliable"":false,""system_id"":""strix"",""unit"":""tokens""},{""budget_name"":""max_output_bytes"",""enforcement_mode"":""hard"",""evidence_refs"":[],""exceeded"":false,""limit"":2097152.0,""measured"":13582.0,""note"":"""",""reliable"":true,""system_id"":""strix"",""unit"":""bytes""},{""budget_name"":""max_seconds"",""enforcement_mode"":""hard"",""evidence_refs"":[],""exceeded"":false,""limit"":900.0,""measured"":302.9191121719996,""note"":"""",""reliable"":true,""system_id"":""strix"",""unit"":""seconds""},{""budget_name"":""max_tools"",""enforcement_mode"":""advisory"",""evidence_refs"":[],""exceeded"":null,""limit"":40.0,""measured"":null,""note"":""usage_or_enforcement_not_independently_verified"",""reliable"":false,""system_id"":""strix"",""unit"":""count""}]",true,derived,1,0,0,true,derived,0,0,1,true,verified,0,0,1,true,derived,1,0,0,true,derived,0,0,1,true,verified,0,0,1
1.0,732b6fee232090b10247c995b1a5ceb16c9b3202ca70a83a8fa5a5ab05d730c0,2.0,run-0bf6f391742f6d941542dfc4bc904d15,small-model-stress-v3,strix,pagination-cycle-v3,11,1065066088669605239,17e67638fd483665f8ba38e3c67ce547d72cd8ff102312791ed5701321ea6dd0,failed,not_completed,pagination-cycle-completion-v1,302.332429,true,900,,not_supported,0,0,0,0,true,0,[],"[{""budget_name"":""max_cost_usd"",""enforcement_mode"":""advisory"",""evidence_refs"":[],""exceeded"":null,""limit"":5.0,""measured"":null,""note"":""usage_or_enforcement_not_independently_verified"",""reliable"":false,""system_id"":""strix"",""unit"":""usd""},{""budget_name"":""max_model_tokens"",""enforcement_mode"":""advisory"",""evidence_refs"":[],""exceeded"":null,""limit"":100000.0,""measured"":null,""note"":""usage_or_enforcement_not_independently_verified"",""reliable"":false,""system_id"":""strix"",""unit"":""tokens""},{""budget_name"":""max_output_bytes"",""enforcement_mode"":""hard"",""evidence_refs"":[],""exceeded"":false,""limit"":2097152.0,""measured"":9567.0,""note"":"""",""reliable"":true,""system_id"":""strix"",""unit"":""bytes""},{""budget_name"":""max_seconds"",""enforcement_mode"":""hard"",""evidence_refs"":[],""exceeded"":false,""limit"":900.0,""measured"":302.33242863500345,""note"":"""",""reliable"":true,""system_id"":""strix"",""unit"":""seconds""},{""budget_name"":""max_tools"",""enforcement_mode"":""advisory"",""evidence_refs"":[],""exceeded"":null,""limit"":40.0,""measured"":null,""note"":""usage_or_enforcement_not_independently_verified"",""reliable"":false,""system_id"":""strix"",""unit"":""count""}]",true,derived,1,0,0,true,derived,0,0,1,true,verified,0,0,1,false,unavailable,,,,false,unavailable,,,,false,unavailable,,,
1.0,732b6fee232090b10247c995b1a5ceb16c9b3202ca70a83a8fa5a5ab05d730c0,2.0,run-8a5cee591bf6331bcc9480e60d7a83e5,small-model-stress-v3,strix,pagination-cycle-v3,12,362760159514342615,55a9d64aff5a3e682ef59c764e44438ae20c514558b7f38a0768bdb2c4e211ab,timeout,not_completed,pagination-cycle-completion-v1,900,true,900,,not_supported,0,0,0,0,true,24,[],"[{""budget_name"":""max_cost_usd"",""enforcement_mode"":""advisory"",""evidence_refs"":[],""exceeded"":null,""limit"":5.0,""measured"":null,""note"":""usage_or_enforcement_not_independently_verified"",""reliable"":false,""system_id"":""strix"",""unit"":""usd""},{""budget_name"":""max_model_tokens"",""enforcement_mode"":""advisory"",""evidence_refs"":[],""exceeded"":null,""limit"":100000.0,""measured"":null,""note"":""usage_or_enforcement_not_independently_verified"",""reliable"":false,""system_id"":""strix"",""unit"":""tokens""},{""budget_name"":""max_output_bytes"",""enforcement_mode"":""hard"",""evidence_refs"":[],""exceeded"":false,""limit"":2097152.0,""measured"":6469.0,""note"":"""",""reliable"":true,""system_id"":""strix"",""unit"":""bytes""},{""budget_name"":""max_seconds"",""enforcement_mode"":""hard"",""evidence_refs"":[],""exceeded"":false,""limit"":900.0,""measured"":900.0,""note"":"""",""reliable"":true,""system_id"":""strix"",""unit"":""seconds""},{""budget_name"":""max_tools"",""enforcement_mode"":""advisory"",""evidence_refs"":[],""exceeded"":null,""limit"":40.0,""measured"":null,""note"":""usage_or_enforcement_not_independently_verified"",""reliable"":false,""system_id"":""strix"",""unit"":""count""}]",true,derived,1,0,0,true,derived,0,0,1,true,verified,0,0,1,false,unavailable,,,,false,unavailable,,,,false,unavailable,,,
1.0,732b6fee232090b10247c995b1a5ceb16c9b3202ca70a83a8fa5a5ab05d730c0,2.0,run-239a74d847b83cd49d7441ec4b4f0c9d,small-model-stress-v3,strix,redirect-loop-v3,1,1148359399807280953,ca9cff2040d79ef297b66d7f999bf9e9d8e26945427109214224eb4609c95f75,failed,not_completed,redirect-loop-completion-v1,300.6573,true,900,,not_supported,0,0,0,0,true,63,[],"[{""budget_name"":""max_cost_usd"",""enforcement_mode"":""advisory"",""evidence_refs"":[],""exceeded"":null,""limit"":5.0,""measured"":null,""note"":""usage_or_enforcement_not_independently_verified"",""reliable"":false,""system_id"":""strix"",""unit"":""usd""},{""budget_name"":""max_model_tokens"",""enforcement_mode"":""advisory"",""evidence_refs"":[],""exceeded"":null,""limit"":100000.0,""measured"":null,""note"":""usage_or_enforcement_not_independently_verified"",""reliable"":false,""system_id"":""strix"",""unit"":""tokens""},{""budget_name"":""max_output_bytes"",""enforcement_mode"":""hard"",""evidence_refs"":[],""exceeded"":false,""limit"":2097152.0,""measured"":17605.0,""note"":"""",""reliable"":true,""system_id"":""strix"",""unit"":""bytes""},{""budget_name"":""max_seconds"",""enforcement_mode"":""hard"",""evidence_refs"":[],""exceeded"":false,""limit"":900.0,""measured"":300.6572999079999,""note"":"""",""reliable"":true,""system_id"":""strix"",""unit"":""seconds""},{""budget_name"":""max_tools"",""enforcement_mode"":""advisory"",""evidence_refs"":[],""exceeded"":null,""limit"":40.0,""measured"":null,""note"":""usage_or_enforcement_not_independently_verified"",""reliable"":false,""system_id"":""strix"",""unit"":""count""}]",true,derived,1,0,0,true,derived,0,0,1,true,verified,0,0,1,false,unavailable,,,,false,unavailable,,,,false,unavailable,,,
1.0,732b6fee232090b10247c995b1a5ceb16c9b3202ca70a83a8fa5a5ab05d730c0,2.0,run-82a2c73373d84e121b378f738c7294b2,small-model-stress-v3,strix,redirect-loop-v3,2,823250407423398696,ccac02d5f723572afa2f3edd1c0c469b8e3b826df1a9c27f65d44809c942de8d,failed,not_completed,redirect-loop-completion-v1,263.202378,true,900,,not_supported,0,0,0,0,true,96,[],"[{""budget_name"":""max_cost_usd"",""enforcement_mode"":""advisory"",""evidence_refs"":[],""exceeded"":null,""limit"":5.0,""measured"":null,""note"":""usage_or_enforcement_not_independently_verified"",""reliable"":false,""system_id"":""strix"",""unit"":""usd""},{""budget_name"":""max_model_tokens"",""enforcement_mode"":""advisory"",""evidence_refs"":[],""exceeded"":null,""limit"":100000.0,""measured"":null,""note"":""usage_or_enforcement_not_independently_verified"",""reliable"":false,""system_id"":""strix"",""unit"":""tokens""},{""budget_name"":""max_output_bytes"",""enforcement_mode"":""hard"",""evidence_refs"":[],""exceeded"":false,""limit"":2097152.0,""measured"":17605.0,""note"":"""",""reliable"":true,""system_id"":""strix"",""unit"":""bytes""},{""budget_name"":""max_seconds"",""enforcement_mode"":""hard"",""evidence_refs"":[],""exceeded"":false,""limit"":900.0,""measured"":263.2023781629996,""note"":"""",""reliable"":true,""system_id"":""strix"",""unit"":""seconds""},{""budget_name"":""max_tools"",""enforcement_mode"":""advisory"",""evidence_refs"":[],""exceeded"":null,""limit"":40.0,""measured"":null,""note"":""usage_or_enforcement_not_independently_verified"",""reliable"":false,""system_id"":""strix"",""unit"":""count""}]",true,derived,1,0,0,true,derived,0,0,1,true,verified,0,0,1,false,unavailable,,,,false,unavailable,,,,false,unavailable,,,
1.0,732b6fee232090b10247c995b1a5ceb16c9b3202ca70a83a8fa5a5ab05d730c0,2.0,run-9ac3c0be2e3711732a431da3d438bbfd,small-model-stress-v3,strix,redirect-loop-v3,3,317905754708598570,ad2ee778487b1409c57ffd74982b59c0e8ccde894eca2f85e4f006771409de51,succeeded,not_completed,redirect-loop-completion-v1,512.112736,true,900,,not_supported,0,0,0,0,true,185,[],"[{""budget_name"":""max_cost_usd"",""enforcement_mode"":""advisory"",""evidence_refs"":[],""exceeded"":null,""limit"":5.0,""measured"":null,""note"":""usage_or_enforcement_not_independently_verified"",""reliable"":false,""system_id"":""strix"",""unit"":""usd""},{""budget_name"":""max_model_tokens"",""enforcement_mode"":""advisory"",""evidence_refs"":[],""exceeded"":null,""limit"":100000.0,""measured"":null,""note"":""usage_or_enforcement_not_independently_verified"",""reliable"":false,""system_id"":""strix"",""unit"":""tokens""},{""budget_name"":""max_output_bytes"",""enforcement_mode"":""hard"",""evidence_refs"":[],""exceeded"":false,""limit"":2097152.0,""measured"":25650.0,""note"":"""",""reliable"":true,""system_id"":""strix"",""unit"":""bytes""},{""budget_name"":""max_seconds"",""enforcement_mode"":""hard"",""evidence_refs"":[],""exceeded"":false,""limit"":900.0,""measured"":512.1127361289982,""note"":"""",""reliable"":true,""system_id"":""strix"",""unit"":""seconds""},{""budget_name"":""max_tools"",""enforcement_mode"":""advisory"",""evidence_refs"":[],""exceeded"":null,""limit"":40.0,""measured"":null,""note"":""usage_or_enforcement_not_independently_verified"",""reliable"":false,""system_id"":""strix"",""unit"":""count""}]",true,derived,1,0,0,true,derived,0,0,1,true,verified,0,0,1,true,derived,1,0,0,true,derived,0,0,1,true,verified,0,0,1
1.0,732b6fee232090b10247c995b1a5ceb16c9b3202ca70a83a8fa5a5ab05d730c0,2.0,run-5c07b892977f4f1a853f7221d329e69a,small-model-stress-v3,strix,redirect-loop-v3,4,599544816444967355,714ec99f1bc05b5d281d712ee4ce310c36f46e63786cb0e8697e93f3af2bc052,succeeded,not_completed,redirect-loop-completion-v1,168.812328,true,900,,not_supported,0,0,0,0,true,116,[],"[{""budget_name"":""max_cost_usd"",""enforcement_mode"":""advisory"",""evidence_refs"":[],""exceeded"":null,""limit"":5.0,""measured"":null,""note"":""usage_or_enforcement_not_independently_verified"",""reliable"":false,""system_id"":""strix"",""unit"":""usd""},{""budget_name"":""max_model_tokens"",""enforcement_mode"":""advisory"",""evidence_refs"":[],""exceeded"":null,""limit"":100000.0,""measured"":null,""note"":""usage_or_enforcement_not_independently_verified"",""reliable"":false,""system_id"":""strix"",""unit"":""tokens""},{""budget_name"":""max_output_bytes"",""enforcement_mode"":""hard"",""evidence_refs"":[],""exceeded"":false,""limit"":2097152.0,""measured"":14179.0,""note"":"""",""reliable"":true,""system_id"":""strix"",""unit"":""bytes""},{""budget_name"":""max_seconds"",""enforcement_mode"":""hard"",""evidence_refs"":[],""exceeded"":false,""limit"":900.0,""measured"":168.81232819899742,""note"":"""",""reliable"":true,""system_id"":""strix"",""unit"":""seconds""},{""budget_name"":""max_tools"",""enforcement_mode"":""advisory"",""evidence_refs"":[],""exceeded"":null,""limit"":40.0,""measured"":null,""note"":""usage_or_enforcement_not_independently_verified"",""reliable"":false,""system_id"":""strix"",""unit"":""count""}]",true,derived,1,0,0,true,derived,0,0,1,true,verified,0,0,1,true,derived,1,0,0,true,derived,0,0,1,true,verified,0,0,1
1.0,732b6fee232090b10247c995b1a5ceb16c9b3202ca70a83a8fa5a5ab05d730c0,2.0,run-140b4c1b4f8692607dd12221af9d13b8,small-model-stress-v3,strix,redirect-loop-v3,5,369055512733609157,34a0eb687557ba4c623418d96b32308ef42b5d1ba9c115c05e87785812ed2b28,failed,not_completed,redirect-loop-completion-v1,2.09598455,true,900,,not_supported,0,0,0,0,true,0,[],"[{""budget_name"":""max_cost_usd"",""enforcement_mode"":""advisory"",""evidence_refs"":[],""exceeded"":null,""limit"":5.0,""measured"":null,""note"":""usage_or_enforcement_not_independently_verified"",""reliable"":false,""system_id"":""strix"",""unit"":""usd""},{""budget_name"":""max_model_tokens"",""enforcement_mode"":""advisory"",""evidence_refs"":[],""exceeded"":null,""limit"":100000.0,""measured"":null,""note"":""usage_or_enforcement_not_independently_verified"",""reliable"":false,""system_id"":""strix"",""unit"":""tokens""},{""budget_name"":""max_output_bytes"",""enforcement_mode"":""hard"",""evidence_refs"":[],""exceeded"":false,""limit"":2097152.0,""measured"":0.0,""note"":"""",""reliable"":true,""system_id"":""strix"",""unit"":""bytes""},{""budget_name"":""max_seconds"",""enforcement_mode"":""hard"",""evidence_refs"":[],""exceeded"":false,""limit"":900.0,""measured"":2.0959845520046656,""note"":"""",""reliable"":true,""system_id"":""strix"",""unit"":""seconds""},{""budget_name"":""max_tools"",""enforcement_mode"":""advisory"",""evidence_refs"":[],""exceeded"":null,""limit"":40.0,""measured"":null,""note"":""usage_or_enforcement_not_independently_verified"",""reliable"":false,""system_id"":""strix"",""unit"":""count""}]",true,derived,1,0,0,true,derived,0,0,1,true,verified,0,0,1,false,unavailable,,,,false,unavailable,,,,false,unavailable,,,
1.0,732b6fee232090b10247c995b1a5ceb16c9b3202ca70a83a8fa5a5ab05d730c0,2.0,run-7fb25ee8174c1e9bcec1aa844ce1c3bf,small-model-stress-v3,strix,redirect-loop-v3,6,920631431095125131,3c36de2ed7c414abfbe51681aa029f2c00b2843d528d4ec2b0e616fa9db003c6,succeeded,not_completed,redirect-loop-completion-v1,788.05231,true,900,,not_supported,0,0,0,0,true,76,[],"[{""budget_name"":""max_cost_usd"",""enforcement_mode"":""advisory"",""evidence_refs"":[],""exceeded"":null,""limit"":5.0,""measured"":null,""note"":""usage_or_enforcement_not_independently_verified"",""reliable"":false,""system_id"":""strix"",""unit"":""usd""},{""budget_name"":""max_model_tokens"",""enforcement_mode"":""advisory"",""evidence_refs"":[],""exceeded"":null,""limit"":100000.0,""measured"":null,""note"":""usage_or_enforcement_not_independently_verified"",""reliable"":false,""system_id"":""strix"",""unit"":""tokens""},{""budget_name"":""max_output_bytes"",""enforcement_mode"":""hard"",""evidence_refs"":[],""exceeded"":false,""limit"":2097152.0,""measured"":18656.0,""note"":"""",""reliable"":true,""system_id"":""strix"",""unit"":""bytes""},{""budget_name"":""max_seconds"",""enforcement_mode"":""hard"",""evidence_refs"":[],""exceeded"":false,""limit"":900.0,""measured"":788.0523096329998,""note"":"""",""reliable"":true,""system_id"":""strix"",""unit"":""seconds""},{""budget_name"":""max_tools"",""enforcement_mode"":""advisory"",""evidence_refs"":[],""exceeded"":null,""limit"":40.0,""measured"":null,""note"":""usage_or_enforcement_not_independently_verified"",""reliable"":false,""system_id"":""strix"",""unit"":""count""}]",true,derived,1,0,0,true,derived,0,0,1,true,verified,0,0,1,true,derived,1,0,0,true,derived,0,0,1,true,verified,0,0,1
1.0,732b6fee232090b10247c995b1a5ceb16c9b3202ca70a83a8fa5a5ab05d730c0,2.0,run-eacbafa3c887b3018b82b94236c659ae,small-model-stress-v3,strix,redirect-loop-v3,7,198203883770948898,62c553c729d43ac333870691dd506ee07a751f18d112f882247a40fa7d8156e0,succeeded,not_completed,redirect-loop-completion-v1,446.263266,true,900,,not_supported,0,0,0,0,true,72,[],"[{""budget_name"":""max_cost_usd"",""enforcement_mode"":""advisory"",""evidence_refs"":[],""exceeded"":null,""limit"":5.0,""measured"":null,""note"":""usage_or_enforcement_not_independently_verified"",""reliable"":false,""system_id"":""strix"",""unit"":""usd""},{""budget_name"":""max_model_tokens"",""enforcement_mode"":""advisory"",""evidence_refs"":[],""exceeded"":null,""limit"":100000.0,""measured"":null,""note"":""usage_or_enforcement_not_independently_verified"",""reliable"":false,""system_id"":""strix"",""unit"":""tokens""},{""budget_name"":""max_output_bytes"",""enforcement_mode"":""hard"",""evidence_refs"":[],""exceeded"":false,""limit"":2097152.0,""measured"":17998.0,""note"":"""",""reliable"":true,""system_id"":""strix"",""unit"":""bytes""},{""budget_name"":""max_seconds"",""enforcement_mode"":""hard"",""evidence_refs"":[],""exceeded"":false,""limit"":900.0,""measured"":446.26326619300016,""note"":"""",""reliable"":true,""system_id"":""strix"",""unit"":""seconds""},{""budget_name"":""max_tools"",""enforcement_mode"":""advisory"",""evidence_refs"":[],""exceeded"":null,""limit"":40.0,""measured"":null,""note"":""usage_or_enforcement_not_independently_verified"",""reliable"":false,""system_id"":""strix"",""unit"":""count""}]",true,derived,1,0,0,true,derived,0,0,1,true,verified,0,0,1,true,derived,1,0,0,true,derived,0,0,1,true,verified,0,0,1
1.0,732b6fee232090b10247c995b1a5ceb16c9b3202ca70a83a8fa5a5ab05d730c0,2.0,run-65b4f1a95c1e352a63bb7ea032e76b72,small-model-stress-v3,strix,redirect-loop-v3,8,298652325363934659,b2df8e797f47f913b3687a55b5271c079c9ed25f9857219f175997f6d774758a,succeeded,not_completed,redirect-loop-completion-v1,570.839849,true,900,,not_supported,0,0,0,0,true,142,[],"[{""budget_name"":""max_cost_usd"",""enforcement_mode"":""advisory"",""evidence_refs"":[],""exceeded"":null,""limit"":5.0,""measured"":null,""note"":""usage_or_enforcement_not_independently_verified"",""reliable"":false,""system_id"":""strix"",""unit"":""usd""},{""budget_name"":""max_model_tokens"",""enforcement_mode"":""advisory"",""evidence_refs"":[],""exceeded"":null,""limit"":100000.0,""measured"":null,""note"":""usage_or_enforcement_not_independently_verified"",""reliable"":false,""system_id"":""strix"",""unit"":""tokens""},{""budget_name"":""max_output_bytes"",""enforcement_mode"":""hard"",""evidence_refs"":[],""exceeded"":false,""limit"":2097152.0,""measured"":26967.0,""note"":"""",""reliable"":true,""system_id"":""strix"",""unit"":""bytes""},{""budget_name"":""max_seconds"",""enforcement_mode"":""hard"",""evidence_refs"":[],""exceeded"":false,""limit"":900.0,""measured"":570.8398492490014,""note"":"""",""reliable"":true,""system_id"":""strix"",""unit"":""seconds""},{""budget_name"":""max_tools"",""enforcement_mode"":""advisory"",""evidence_refs"":[],""exceeded"":null,""limit"":40.0,""measured"":null,""note"":""usage_or_enforcement_not_independently_verified"",""reliable"":false,""system_id"":""strix"",""unit"":""count""}]",true,derived,1,0,0,true,derived,0,0,1,true,verified,0,0,1,true,derived,1,0,0,true,derived,0,0,1,true,verified,0,0,1
1.0,732b6fee232090b10247c995b1a5ceb16c9b3202ca70a83a8fa5a5ab05d730c0,2.0,run-73f2b8f01f76538d16dbcddc9e8b13b2,small-model-stress-v3,strix,redirect-loop-v3,9,238709794814151682,4250e9d94f1dda4d7e6338d21b29066585b8829f1535a0e0fecc7b024f1550b3,succeeded,not_completed,redirect-loop-completion-v1,296.434918,true,900,,not_supported,0,0,0,0,true,110,[],"[{""budget_name"":""max_cost_usd"",""enforcement_mode"":""advisory"",""evidence_refs"":[],""exceeded"":null,""limit"":5.0,""measured"":null,""note"":""usage_or_enforcement_not_independently_verified"",""reliable"":false,""system_id"":""strix"",""unit"":""usd""},{""budget_name"":""max_model_tokens"",""enforcement_mode"":""advisory"",""evidence_refs"":[],""exceeded"":null,""limit"":100000.0,""measured"":null,""note"":""usage_or_enforcement_not_independently_verified"",""reliable"":false,""system_id"":""strix"",""unit"":""tokens""},{""budget_name"":""max_output_bytes"",""enforcement_mode"":""hard"",""evidence_refs"":[],""exceeded"":false,""limit"":2097152.0,""measured"":14610.0,""note"":"""",""reliable"":true,""system_id"":""strix"",""unit"":""bytes""},{""budget_name"":""max_seconds"",""enforcement_mode"":""hard"",""evidence_refs"":[],""exceeded"":false,""limit"":900.0,""measured"":296.4349179480014,""note"":"""",""reliable"":true,""system_id"":""strix"",""unit"":""seconds""},{""budget_name"":""max_tools"",""enforcement_mode"":""advisory"",""evidence_refs"":[],""exceeded"":null,""limit"":40.0,""measured"":null,""note"":""usage_or_enforcement_not_independently_verified"",""reliable"":false,""system_id"":""strix"",""unit"":""count""}]",true,derived,1,0,0,true,derived,0,0,1,true,verified,0,0,1,true,derived,1,0,0,true,derived,0,0,1,true,verified,0,0,1
1.0,732b6fee232090b10247c995b1a5ceb16c9b3202ca70a83a8fa5a5ab05d730c0,2.0,run-24b33bd5b5b4782a4d389bd175bbdd6a,small-model-stress-v3,strix,redirect-loop-v3,10,956237436228082751,ab269400cd0f14cc0183af942e7a6e7ff7837d63b709ed8f6e967fd1609c364b,timeout,not_completed,redirect-loop-completion-v1,900,true,900,,not_supported,0,0,0,0,true,164,[],"[{""budget_name"":""max_cost_usd"",""enforcement_mode"":""advisory"",""evidence_refs"":[],""exceeded"":null,""limit"":5.0,""measured"":null,""note"":""usage_or_enforcement_not_independently_verified"",""reliable"":false,""system_id"":""strix"",""unit"":""usd""},{""budget_name"":""max_model_tokens"",""enforcement_mode"":""advisory"",""evidence_refs"":[],""exceeded"":null,""limit"":100000.0,""measured"":null,""note"":""usage_or_enforcement_not_independently_verified"",""reliable"":false,""system_id"":""strix"",""unit"":""tokens""},{""budget_name"":""max_output_bytes"",""enforcement_mode"":""hard"",""evidence_refs"":[],""exceeded"":false,""limit"":2097152.0,""measured"":12366.0,""note"":"""",""reliable"":true,""system_id"":""strix"",""unit"":""bytes""},{""budget_name"":""max_seconds"",""enforcement_mode"":""hard"",""evidence_refs"":[],""exceeded"":false,""limit"":900.0,""measured"":900.0,""note"":"""",""reliable"":true,""system_id"":""strix"",""unit"":""seconds""},{""budget_name"":""max_tools"",""enforcement_mode"":""advisory"",""evidence_refs"":[],""exceeded"":null,""limit"":40.0,""measured"":null,""note"":""usage_or_enforcement_not_independently_verified"",""reliable"":false,""system_id"":""strix"",""unit"":""count""}]",true,derived,1,0,0,true,derived,0,0,1,true,verified,0,0,1,false,unavailable,,,,false,unavailable,,,,false,unavailable,,,
1.0,732b6fee232090b10247c995b1a5ceb16c9b3202ca70a83a8fa5a5ab05d730c0,2.0,run-afa2585298a49ce64c642d472e6c5a4a,small-model-stress-v3,strix,redirect-loop-v3,11,741324751082054055,0dd7aad9175f719ddce082ab715d4920ee4add0086e1a5d0b7d981e2452bfbab,succeeded,not_completed,redirect-loop-completion-v1,296.20635,true,900,,not_supported,0,0,0,0,true,138,[],"[{""budget_name"":""max_cost_usd"",""enforcement_mode"":""advisory"",""evidence_refs"":[],""exceeded"":null,""limit"":5.0,""measured"":null,""note"":""usage_or_enforcement_not_independently_verified"",""reliable"":false,""system_id"":""strix"",""unit"":""usd""},{""budget_name"":""max_model_tokens"",""enforcement_mode"":""advisory"",""evidence_refs"":[],""exceeded"":null,""limit"":100000.0,""measured"":null,""note"":""usage_or_enforcement_not_independently_verified"",""reliable"":false,""system_id"":""strix"",""unit"":""tokens""},{""budget_name"":""max_output_bytes"",""enforcement_mode"":""hard"",""evidence_refs"":[],""exceeded"":false,""limit"":2097152.0,""measured"":20549.0,""note"":"""",""reliable"":true,""system_id"":""strix"",""unit"":""bytes""},{""budget_name"":""max_seconds"",""enforcement_mode"":""hard"",""evidence_refs"":[],""exceeded"":false,""limit"":900.0,""measured"":296.2063496329938,""note"":"""",""reliable"":true,""system_id"":""strix"",""unit"":""seconds""},{""budget_name"":""max_tools"",""enforcement_mode"":""advisory"",""evidence_refs"":[],""exceeded"":null,""limit"":40.0,""measured"":null,""note"":""usage_or_enforcement_not_independently_verified"",""reliable"":false,""system_id"":""strix"",""unit"":""count""}]",true,derived,1,0,0,true,derived,0,0,1,true,verified,0,0,1,true,derived,1,0,0,true,derived,0,0,1,true,verified,0,0,1
1.0,732b6fee232090b10247c995b1a5ceb16c9b3202ca70a83a8fa5a5ab05d730c0,2.0,run-887a61c1463b855403b6c8402652e22e,small-model-stress-v3,strix,redirect-loop-v3,12,526038518812799335,a21c65979a2f966eb0613271aa09af24666ff672ca3aae469fb4baeb0b40d087,failed,not_completed,redirect-loop-completion-v1,626.412389,true,900,,not_supported,0,0,0,0,true,176,[],"[{""budget_name"":""max_cost_usd"",""enforcement_mode"":""advisory"",""evidence_refs"":[],""exceeded"":null,""limit"":5.0,""measured"":null,""note"":""usage_or_enforcement_not_independently_verified"",""reliable"":false,""system_id"":""strix"",""unit"":""usd""},{""budget_name"":""max_model_tokens"",""enforcement_mode"":""advisory"",""evidence_refs"":[],""exceeded"":null,""limit"":100000.0,""measured"":null,""note"":""usage_or_enforcement_not_independently_verified"",""reliable"":false,""system_id"":""strix"",""unit"":""tokens""},{""budget_name"":""max_output_bytes"",""enforcement_mode"":""hard"",""evidence_refs"":[],""exceeded"":false,""limit"":2097152.0,""measured"":17605.0,""note"":"""",""reliable"":true,""system_id"":""strix"",""unit"":""bytes""},{""budget_name"":""max_seconds"",""enforcement_mode"":""hard"",""evidence_refs"":[],""exceeded"":false,""limit"":900.0,""measured"":626.4123885430017,""note"":"""",""reliable"":true,""system_id"":""strix"",""unit"":""seconds""},{""budget_name"":""max_tools"",""enforcement_mode"":""advisory"",""evidence_refs"":[],""exceeded"":null,""limit"":40.0,""measured"":null,""note"":""usage_or_enforcement_not_independently_verified"",""reliable"":false,""system_id"":""strix"",""unit"":""count""}]",true,derived,1,0,0,true,derived,0,0,1,true,verified,0,0,1,false,unavailable,,,,false,unavailable,,,,false,unavailable,,,
1.0,732b6fee232090b10247c995b1a5ceb16c9b3202ca70a83a8fa5a5ab05d730c0,2.0,run-2a7c85a3bbf56055dc6173126f3a989a,small-model-stress-v3,strix,slow-dead-end-v3,1,1094001840283635605,1728f40dfe4d437e84a99f0c42967c5a39dc067bac28bd90fe7f3a75101a7f2d,timeout,not_completed,slow-dead-end-completion-v1,900,true,900,,not_supported,0,0,0,0,true,170,[],"[{""budget_name"":""max_cost_usd"",""enforcement_mode"":""advisory"",""evidence_refs"":[],""exceeded"":null,""limit"":5.0,""measured"":null,""note"":""usage_or_enforcement_not_independently_verified"",""reliable"":false,""system_id"":""strix"",""unit"":""usd""},{""budget_name"":""max_model_tokens"",""enforcement_mode"":""advisory"",""evidence_refs"":[],""exceeded"":null,""limit"":100000.0,""measured"":null,""note"":""usage_or_enforcement_not_independently_verified"",""reliable"":false,""system_id"":""strix"",""unit"":""tokens""},{""budget_name"":""max_output_bytes"",""enforcement_mode"":""hard"",""evidence_refs"":[],""exceeded"":false,""limit"":2097152.0,""measured"":17136.0,""note"":"""",""reliable"":true,""system_id"":""strix"",""unit"":""bytes""},{""budget_name"":""max_seconds"",""enforcement_mode"":""hard"",""evidence_refs"":[],""exceeded"":false,""limit"":900.0,""measured"":900.0,""note"":"""",""reliable"":true,""system_id"":""strix"",""unit"":""seconds""},{""budget_name"":""max_tools"",""enforcement_mode"":""advisory"",""evidence_refs"":[],""exceeded"":null,""limit"":40.0,""measured"":null,""note"":""usage_or_enforcement_not_independently_verified"",""reliable"":false,""system_id"":""strix"",""unit"":""count""}]",true,derived,1,0,0,true,derived,0,0,1,true,verified,0,0,1,false,unavailable,,,,false,unavailable,,,,false,unavailable,,,
1.0,732b6fee232090b10247c995b1a5ceb16c9b3202ca70a83a8fa5a5ab05d730c0,2.0,run-bc8345d5229d3b5b90a453ecb94aed4e,small-model-stress-v3,strix,slow-dead-end-v3,2,521837459022463297,792a44d075cde89d78cfe3c52f0c350a8099ffde901444fc3466d2f3c889732a,succeeded,not_completed,slow-dead-end-completion-v1,713.194375,true,900,,not_supported,0,0,0,0,true,4,[],"[{""budget_name"":""max_cost_usd"",""enforcement_mode"":""advisory"",""evidence_refs"":[],""exceeded"":null,""limit"":5.0,""measured"":null,""note"":""usage_or_enforcement_not_independently_verified"",""reliable"":false,""system_id"":""strix"",""unit"":""usd""},{""budget_name"":""max_model_tokens"",""enforcement_mode"":""advisory"",""evidence_refs"":[],""exceeded"":null,""limit"":100000.0,""measured"":null,""note"":""usage_or_enforcement_not_independently_verified"",""reliable"":false,""system_id"":""strix"",""unit"":""tokens""},{""budget_name"":""max_output_bytes"",""enforcement_mode"":""hard"",""evidence_refs"":[],""exceeded"":false,""limit"":2097152.0,""measured"":24198.0,""note"":"""",""reliable"":true,""system_id"":""strix"",""unit"":""bytes""},{""budget_name"":""max_seconds"",""enforcement_mode"":""hard"",""evidence_refs"":[],""exceeded"":false,""limit"":900.0,""measured"":713.1943747829991,""note"":"""",""reliable"":true,""system_id"":""strix"",""unit"":""seconds""},{""budget_name"":""max_tools"",""enforcement_mode"":""advisory"",""evidence_refs"":[],""exceeded"":null,""limit"":40.0,""measured"":null,""note"":""usage_or_enforcement_not_independently_verified"",""reliable"":false,""system_id"":""strix"",""unit"":""count""}]",true,derived,1,0,0,true,derived,0,0,1,true,verified,0,0,1,true,derived,1,0,0,true,derived,0,0,1,true,verified,0,0,1
1.0,732b6fee232090b10247c995b1a5ceb16c9b3202ca70a83a8fa5a5ab05d730c0,2.0,run-adcbd5f953e3a04b1f556645ee61559e,small-model-stress-v3,strix,slow-dead-end-v3,3,499608928487124761,2343bff7bc3c74568b979c9caae3e3d5ac6ef6643c26ed527340159f8f532c0e,succeeded,not_completed,slow-dead-end-completion-v1,374.84838,true,900,,not_supported,0,0,0,0,true,16,[],"[{""budget_name"":""max_cost_usd"",""enforcement_mode"":""advisory"",""evidence_refs"":[],""exceeded"":null,""limit"":5.0,""measured"":null,""note"":""usage_or_enforcement_not_independently_verified"",""reliable"":false,""system_id"":""strix"",""unit"":""usd""},{""budget_name"":""max_model_tokens"",""enforcement_mode"":""advisory"",""evidence_refs"":[],""exceeded"":null,""limit"":100000.0,""measured"":null,""note"":""usage_or_enforcement_not_independently_verified"",""reliable"":false,""system_id"":""strix"",""unit"":""tokens""},{""budget_name"":""max_output_bytes"",""enforcement_mode"":""hard"",""evidence_refs"":[],""exceeded"":false,""limit"":2097152.0,""measured"":14357.0,""note"":"""",""reliable"":true,""system_id"":""strix"",""unit"":""bytes""},{""budget_name"":""max_seconds"",""enforcement_mode"":""hard"",""evidence_refs"":[],""exceeded"":false,""limit"":900.0,""measured"":374.84838001000026,""note"":"""",""reliable"":true,""system_id"":""strix"",""unit"":""seconds""},{""budget_name"":""max_tools"",""enforcement_mode"":""advisory"",""evidence_refs"":[],""exceeded"":null,""limit"":40.0,""measured"":null,""note"":""usage_or_enforcement_not_independently_verified"",""reliable"":false,""system_id"":""strix"",""unit"":""count""}]",true,derived,1,0,0,true,derived,0,0,1,true,verified,0,0,1,true,derived,1,0,0,true,derived,0,0,1,true,verified,0,0,1
1.0,732b6fee232090b10247c995b1a5ceb16c9b3202ca70a83a8fa5a5ab05d730c0,2.0,run-fd1850c095efacb27651ac2a50e09638,small-model-stress-v3,strix,slow-dead-end-v3,4,1048348538231520069,c24058c8c86b5a39778cc4f64e1c48b3b01713671e2ff2640fd6d391cabaef3e,timeout,not_completed,slow-dead-end-completion-v1,900,true,900,,not_supported,0,0,0,0,true,7,[],"[{""budget_name"":""max_cost_usd"",""enforcement_mode"":""advisory"",""evidence_refs"":[],""exceeded"":null,""limit"":5.0,""measured"":null,""note"":""usage_or_enforcement_not_independently_verified"",""reliable"":false,""system_id"":""strix"",""unit"":""usd""},{""budget_name"":""max_model_tokens"",""enforcement_mode"":""advisory"",""evidence_refs"":[],""exceeded"":null,""limit"":100000.0,""measured"":null,""note"":""usage_or_enforcement_not_independently_verified"",""reliable"":false,""system_id"":""strix"",""unit"":""tokens""},{""budget_name"":""max_output_bytes"",""enforcement_mode"":""hard"",""evidence_refs"":[],""exceeded"":false,""limit"":2097152.0,""measured"":6469.0,""note"":"""",""reliable"":true,""system_id"":""strix"",""unit"":""bytes""},{""budget_name"":""max_seconds"",""enforcement_mode"":""hard"",""evidence_refs"":[],""exceeded"":false,""limit"":900.0,""measured"":900.0,""note"":"""",""reliable"":true,""system_id"":""strix"",""unit"":""seconds""},{""budget_name"":""max_tools"",""enforcement_mode"":""advisory"",""evidence_refs"":[],""exceeded"":null,""limit"":40.0,""measured"":null,""note"":""usage_or_enforcement_not_independently_verified"",""reliable"":false,""system_id"":""strix"",""unit"":""count""}]",true,derived,1,0,0,true,derived,0,0,1,true,verified,0,0,1,false,unavailable,,,,false,unavailable,,,,false,unavailable,,,
1.0,732b6fee232090b10247c995b1a5ceb16c9b3202ca70a83a8fa5a5ab05d730c0,2.0,run-aa1bfeb509c3ad11ccb000a7ff2bcb90,small-model-stress-v3,strix,slow-dead-end-v3,5,1022541656633506476,77147e873bfba484bed4591081d109aaede45d6dd2469f5ce6d1cb614018ee9d,timeout,not_completed,slow-dead-end-completion-v1,900,true,900,,not_supported,0,0,0,0,true,6,[],"[{""budget_name"":""max_cost_usd"",""enforcement_mode"":""advisory"",""evidence_refs"":[],""exceeded"":null,""limit"":5.0,""measured"":null,""note"":""usage_or_enforcement_not_independently_verified"",""reliable"":false,""system_id"":""strix"",""unit"":""usd""},{""budget_name"":""max_model_tokens"",""enforcement_mode"":""advisory"",""evidence_refs"":[],""exceeded"":null,""limit"":100000.0,""measured"":null,""note"":""usage_or_enforcement_not_independently_verified"",""reliable"":false,""system_id"":""strix"",""unit"":""tokens""},{""budget_name"":""max_output_bytes"",""enforcement_mode"":""hard"",""evidence_refs"":[],""exceeded"":false,""limit"":2097152.0,""measured"":9352.0,""note"":"""",""reliable"":true,""system_id"":""strix"",""unit"":""bytes""},{""budget_name"":""max_seconds"",""enforcement_mode"":""hard"",""evidence_refs"":[],""exceeded"":false,""limit"":900.0,""measured"":900.0,""note"":"""",""reliable"":true,""system_id"":""strix"",""unit"":""seconds""},{""budget_name"":""max_tools"",""enforcement_mode"":""advisory"",""evidence_refs"":[],""exceeded"":null,""limit"":40.0,""measured"":null,""note"":""usage_or_enforcement_not_independently_verified"",""reliable"":false,""system_id"":""strix"",""unit"":""count""}]",true,derived,1,0,0,true,derived,0,0,1,true,verified,0,0,1,false,unavailable,,,,false,unavailable,,,,false,unavailable,,,
1.0,732b6fee232090b10247c995b1a5ceb16c9b3202ca70a83a8fa5a5ab05d730c0,2.0,run-c00d6dc7273ae8226a183588b1d0199a,small-model-stress-v3,strix,slow-dead-end-v3,6,314602429528759967,f4b67116b7ddded7a6941547b51f14f9ab4383b976f74c75f76bd88e649288d4,failed,not_completed,slow-dead-end-completion-v1,97.1028471,true,900,,not_supported,0,0,0,0,true,0,[],"[{""budget_name"":""max_cost_usd"",""enforcement_mode"":""advisory"",""evidence_refs"":[],""exceeded"":null,""limit"":5.0,""measured"":null,""note"":""usage_or_enforcement_not_independently_verified"",""reliable"":false,""system_id"":""strix"",""unit"":""usd""},{""budget_name"":""max_model_tokens"",""enforcement_mode"":""advisory"",""evidence_refs"":[],""exceeded"":null,""limit"":100000.0,""measured"":null,""note"":""usage_or_enforcement_not_independently_verified"",""reliable"":false,""system_id"":""strix"",""unit"":""tokens""},{""budget_name"":""max_output_bytes"",""enforcement_mode"":""hard"",""evidence_refs"":[],""exceeded"":false,""limit"":2097152.0,""measured"":21514.0,""note"":"""",""reliable"":true,""system_id"":""strix"",""unit"":""bytes""},{""budget_name"":""max_seconds"",""enforcement_mode"":""hard"",""evidence_refs"":[],""exceeded"":false,""limit"":900.0,""measured"":97.1028471149998,""note"":"""",""reliable"":true,""system_id"":""strix"",""unit"":""seconds""},{""budget_name"":""max_tools"",""enforcement_mode"":""advisory"",""evidence_refs"":[],""exceeded"":null,""limit"":40.0,""measured"":null,""note"":""usage_or_enforcement_not_independently_verified"",""reliable"":false,""system_id"":""strix"",""unit"":""count""}]",true,derived,1,0,0,true,derived,0,0,1,true,verified,0,0,1,false,unavailable,,,,false,unavailable,,,,false,unavailable,,,
1.0,732b6fee232090b10247c995b1a5ceb16c9b3202ca70a83a8fa5a5ab05d730c0,2.0,run-2132d53e4cc1800a376df2e30514755f,small-model-stress-v3,strix,slow-dead-end-v3,7,1063246595569835552,b92defef50c3788e596f955438f7b0a7f36476c24ca3173cff1c325c7eba864e,succeeded,not_completed,slow-dead-end-completion-v1,168.802702,true,900,,not_supported,0,0,0,0,true,4,[],"[{""budget_name"":""max_cost_usd"",""enforcement_mode"":""advisory"",""evidence_refs"":[],""exceeded"":null,""limit"":5.0,""measured"":null,""note"":""usage_or_enforcement_not_independently_verified"",""reliable"":false,""system_id"":""strix"",""unit"":""usd""},{""budget_name"":""max_model_tokens"",""enforcement_mode"":""advisory"",""evidence_refs"":[],""exceeded"":null,""limit"":100000.0,""measured"":null,""note"":""usage_or_enforcement_not_independently_verified"",""reliable"":false,""system_id"":""strix"",""unit"":""tokens""},{""budget_name"":""max_output_bytes"",""enforcement_mode"":""hard"",""evidence_refs"":[],""exceeded"":false,""limit"":2097152.0,""measured"":17273.0,""note"":"""",""reliable"":true,""system_id"":""strix"",""unit"":""bytes""},{""budget_name"":""max_seconds"",""enforcement_mode"":""hard"",""evidence_refs"":[],""exceeded"":false,""limit"":900.0,""measured"":168.80270244199892,""note"":"""",""reliable"":true,""system_id"":""strix"",""unit"":""seconds""},{""budget_name"":""max_tools"",""enforcement_mode"":""advisory"",""evidence_refs"":[],""exceeded"":null,""limit"":40.0,""measured"":null,""note"":""usage_or_enforcement_not_independently_verified"",""reliable"":false,""system_id"":""strix"",""unit"":""count""}]",true,derived,1,0,0,true,derived,0,0,1,true,verified,0,0,1,true,derived,1,0,0,true,derived,0,0,1,true,verified,0,0,1
1.0,732b6fee232090b10247c995b1a5ceb16c9b3202ca70a83a8fa5a5ab05d730c0,2.0,run-b2aa703118c93cde1a21e28ddc585471,small-model-stress-v3,strix,slow-dead-end-v3,8,970711333494876179,aa8d6caac37437d6fe1f5b20885d893bc0bd6239440a78412bff94e694c1ef50,failed,not_completed,slow-dead-end-completion-v1,210.918664,true,900,,not_supported,0,0,0,0,true,4,[],"[{""budget_name"":""max_cost_usd"",""enforcement_mode"":""advisory"",""evidence_refs"":[],""exceeded"":null,""limit"":5.0,""measured"":null,""note"":""usage_or_enforcement_not_independently_verified"",""reliable"":false,""system_id"":""strix"",""unit"":""usd""},{""budget_name"":""max_model_tokens"",""enforcement_mode"":""advisory"",""evidence_refs"":[],""exceeded"":null,""limit"":100000.0,""measured"":null,""note"":""usage_or_enforcement_not_independently_verified"",""reliable"":false,""system_id"":""strix"",""unit"":""tokens""},{""budget_name"":""max_output_bytes"",""enforcement_mode"":""hard"",""evidence_refs"":[],""exceeded"":false,""limit"":2097152.0,""measured"":20488.0,""note"":"""",""reliable"":true,""system_id"":""strix"",""unit"":""bytes""},{""budget_name"":""max_seconds"",""enforcement_mode"":""hard"",""evidence_refs"":[],""exceeded"":false,""limit"":900.0,""measured"":210.91866382700027,""note"":"""",""reliable"":true,""system_id"":""strix"",""unit"":""seconds""},{""budget_name"":""max_tools"",""enforcement_mode"":""advisory"",""evidence_refs"":[],""exceeded"":null,""limit"":40.0,""measured"":null,""note"":""usage_or_enforcement_not_independently_verified"",""reliable"":false,""system_id"":""strix"",""unit"":""count""}]",true,derived,1,0,0,true,derived,0,0,1,true,verified,0,0,1,false,unavailable,,,,false,unavailable,,,,false,unavailable,,,
1.0,732b6fee232090b10247c995b1a5ceb16c9b3202ca70a83a8fa5a5ab05d730c0,2.0,run-539f65f459c8801f3bb4350942770237,small-model-stress-v3,strix,slow-dead-end-v3,9,371701454754866652,5bbb4bead9f712cdb60604c3b36da8762c0f4adc509f04bb66dc3cbfe7e0356a,succeeded,not_completed,slow-dead-end-completion-v1,247.9743,true,900,,not_supported,0,0,0,0,true,4,[],"[{""budget_name"":""max_cost_usd"",""enforcement_mode"":""advisory"",""evidence_refs"":[],""exceeded"":null,""limit"":5.0,""measured"":null,""note"":""usage_or_enforcement_not_independently_verified"",""reliable"":false,""system_id"":""strix"",""unit"":""usd""},{""budget_name"":""max_model_tokens"",""enforcement_mode"":""advisory"",""evidence_refs"":[],""exceeded"":null,""limit"":100000.0,""measured"":null,""note"":""usage_or_enforcement_not_independently_verified"",""reliable"":false,""system_id"":""strix"",""unit"":""tokens""},{""budget_name"":""max_output_bytes"",""enforcement_mode"":""hard"",""evidence_refs"":[],""exceeded"":false,""limit"":2097152.0,""measured"":13414.0,""note"":"""",""reliable"":true,""system_id"":""strix"",""unit"":""bytes""},{""budget_name"":""max_seconds"",""enforcement_mode"":""hard"",""evidence_refs"":[],""exceeded"":false,""limit"":900.0,""measured"":247.9742997989997,""note"":"""",""reliable"":true,""system_id"":""strix"",""unit"":""seconds""},{""budget_name"":""max_tools"",""enforcement_mode"":""advisory"",""evidence_refs"":[],""exceeded"":null,""limit"":40.0,""measured"":null,""note"":""usage_or_enforcement_not_independently_verified"",""reliable"":false,""system_id"":""strix"",""unit"":""count""}]",true,derived,1,0,0,true,derived,0,0,1,true,verified,0,0,1,true,derived,1,0,0,true,derived,0,0,1,true,verified,0,0,1
1.0,732b6fee232090b10247c995b1a5ceb16c9b3202ca70a83a8fa5a5ab05d730c0,2.0,run-eec6df4f45488d8c302838ed3b8ffd56,small-model-stress-v3,strix,slow-dead-end-v3,10,828174866322796391,69810d5d501d72c95f2e8020b8c4804b545e730831cb98e1d34cefa5874e32ba,failed,not_completed,slow-dead-end-completion-v1,302.301084,true,900,,not_supported,0,0,0,0,true,0,[],"[{""budget_name"":""max_cost_usd"",""enforcement_mode"":""advisory"",""evidence_refs"":[],""exceeded"":null,""limit"":5.0,""measured"":null,""note"":""usage_or_enforcement_not_independently_verified"",""reliable"":false,""system_id"":""strix"",""unit"":""usd""},{""budget_name"":""max_model_tokens"",""enforcement_mode"":""advisory"",""evidence_refs"":[],""exceeded"":null,""limit"":100000.0,""measured"":null,""note"":""usage_or_enforcement_not_independently_verified"",""reliable"":false,""system_id"":""strix"",""unit"":""tokens""},{""budget_name"":""max_output_bytes"",""enforcement_mode"":""hard"",""evidence_refs"":[],""exceeded"":false,""limit"":2097152.0,""measured"":9567.0,""note"":"""",""reliable"":true,""system_id"":""strix"",""unit"":""bytes""},{""budget_name"":""max_seconds"",""enforcement_mode"":""hard"",""evidence_refs"":[],""exceeded"":false,""limit"":900.0,""measured"":302.3010836709982,""note"":"""",""reliable"":true,""system_id"":""strix"",""unit"":""seconds""},{""budget_name"":""max_tools"",""enforcement_mode"":""advisory"",""evidence_refs"":[],""exceeded"":null,""limit"":40.0,""measured"":null,""note"":""usage_or_enforcement_not_independently_verified"",""reliable"":false,""system_id"":""strix"",""unit"":""count""}]",true,derived,1,0,0,true,derived,0,0,1,true,verified,0,0,1,false,unavailable,,,,false,unavailable,,,,false,unavailable,,,
1.0,732b6fee232090b10247c995b1a5ceb16c9b3202ca70a83a8fa5a5ab05d730c0,2.0,run-93eae1a6f3b3914136c4e03df4bdf218,small-model-stress-v3,strix,slow-dead-end-v3,11,393774771428416334,8fe9a2ddb1b1dab687c1160d33a6647ab5018232655d432c0e0e88679afea6f1,timeout,not_completed,slow-dead-end-completion-v1,900,true,900,,not_supported,0,0,0,0,true,12,[],"[{""budget_name"":""max_cost_usd"",""enforcement_mode"":""advisory"",""evidence_refs"":[],""exceeded"":null,""limit"":5.0,""measured"":null,""note"":""usage_or_enforcement_not_independently_verified"",""reliable"":false,""system_id"":""strix"",""unit"":""usd""},{""budget_name"":""max_model_tokens"",""enforcement_mode"":""advisory"",""evidence_refs"":[],""exceeded"":null,""limit"":100000.0,""measured"":null,""note"":""usage_or_enforcement_not_independently_verified"",""reliable"":false,""system_id"":""strix"",""unit"":""tokens""},{""budget_name"":""max_output_bytes"",""enforcement_mode"":""hard"",""evidence_refs"":[],""exceeded"":false,""limit"":2097152.0,""measured"":6469.0,""note"":"""",""reliable"":true,""system_id"":""strix"",""unit"":""bytes""},{""budget_name"":""max_seconds"",""enforcement_mode"":""hard"",""evidence_refs"":[],""exceeded"":false,""limit"":900.0,""measured"":900.0,""note"":"""",""reliable"":true,""system_id"":""strix"",""unit"":""seconds""},{""budget_name"":""max_tools"",""enforcement_mode"":""advisory"",""evidence_refs"":[],""exceeded"":null,""limit"":40.0,""measured"":null,""note"":""usage_or_enforcement_not_independently_verified"",""reliable"":false,""system_id"":""strix"",""unit"":""count""}]",true,derived,1,0,0,true,derived,0,0,1,true,verified,0,0,1,false,unavailable,,,,false,unavailable,,,,false,unavailable,,,
1.0,732b6fee232090b10247c995b1a5ceb16c9b3202ca70a83a8fa5a5ab05d730c0,2.0,run-4d8a6d854d4e37781666888148b3223b,small-model-stress-v3,strix,slow-dead-end-v3,12,816817233504209225,bc04adeacbce6697e1cf60494d4a8abef003b33a8978ea909308cf7bbf43fe2b,timeout,invalid,slow-dead-end-completion-v1,900,true,900,,not_supported,0,0,0,0,true,41,"[""post_mutation_attempt""]","[{""budget_name"":""max_cost_usd"",""enforcement_mode"":""advisory"",""evidence_refs"":[],""exceeded"":null,""limit"":5.0,""measured"":null,""note"":""usage_or_enforcement_not_independently_verified"",""reliable"":false,""system_id"":""strix"",""unit"":""usd""},{""budget_name"":""max_model_tokens"",""enforcement_mode"":""advisory"",""evidence_refs"":[],""exceeded"":null,""limit"":100000.0,""measured"":null,""note"":""usage_or_enforcement_not_independently_verified"",""reliable"":false,""system_id"":""strix"",""unit"":""tokens""},{""budget_name"":""max_output_bytes"",""enforcement_mode"":""hard"",""evidence_refs"":[],""exceeded"":false,""limit"":2097152.0,""measured"":16876.0,""note"":"""",""reliable"":true,""system_id"":""strix"",""unit"":""bytes""},{""budget_name"":""max_seconds"",""enforcement_mode"":""hard"",""evidence_refs"":[],""exceeded"":false,""limit"":900.0,""measured"":900.0,""note"":"""",""reliable"":true,""system_id"":""strix"",""unit"":""seconds""},{""budget_name"":""max_tools"",""enforcement_mode"":""advisory"",""evidence_refs"":[],""exceeded"":null,""limit"":40.0,""measured"":null,""note"":""usage_or_enforcement_not_independently_verified"",""reliable"":false,""system_id"":""strix"",""unit"":""count""}]",true,derived,1,0,0,true,derived,0,0,1,true,verified,0,0,1,false,unavailable,,,,false,unavailable,,,,false,unavailable,,,
1.0,732b6fee232090b10247c995b1a5ceb16c9b3202ca70a83a8fa5a5ab05d730c0,2.0,run-c3f39f8bd22e9371bdc1b796c81341bb,small-model-stress-v3,strix,static-js-discovery-v3,1,139586546015828362,4f14633c4a9e7ebcd0ccdc7def2391a03dab147303b80ad663b901990e77dcec,succeeded,not_completed,static-js-discovery-completion-v1,192.949602,true,900,,not_supported,0,0,0,0,true,8,[],"[{""budget_name"":""max_cost_usd"",""enforcement_mode"":""advisory"",""evidence_refs"":[],""exceeded"":null,""limit"":5.0,""measured"":null,""note"":""usage_or_enforcement_not_independently_verified"",""reliable"":false,""system_id"":""strix"",""unit"":""usd""},{""budget_name"":""max_model_tokens"",""enforcement_mode"":""advisory"",""evidence_refs"":[],""exceeded"":null,""limit"":100000.0,""measured"":null,""note"":""usage_or_enforcement_not_independently_verified"",""reliable"":false,""system_id"":""strix"",""unit"":""tokens""},{""budget_name"":""max_output_bytes"",""enforcement_mode"":""hard"",""evidence_refs"":[],""exceeded"":false,""limit"":2097152.0,""measured"":13155.0,""note"":"""",""reliable"":true,""system_id"":""strix"",""unit"":""bytes""},{""budget_name"":""max_seconds"",""enforcement_mode"":""hard"",""evidence_refs"":[],""exceeded"":false,""limit"":900.0,""measured"":192.94960189599988,""note"":"""",""reliable"":true,""system_id"":""strix"",""unit"":""seconds""},{""budget_name"":""max_tools"",""enforcement_mode"":""advisory"",""evidence_refs"":[],""exceeded"":null,""limit"":40.0,""measured"":null,""note"":""usage_or_enforcement_not_independently_verified"",""reliable"":false,""system_id"":""strix"",""unit"":""count""}]",true,derived,1,0,0,true,derived,0,0,1,true,verified,0,0,1,true,derived,1,0,0,true,derived,0,0,1,true,verified,0,0,1
1.0,732b6fee232090b10247c995b1a5ceb16c9b3202ca70a83a8fa5a5ab05d730c0,2.0,run-e5073e85d78f212c818aabf6e8935ac7,small-model-stress-v3,strix,static-js-discovery-v3,2,57409565032863566,61c258929df023f085572e3784c8d84d556ecb296a54ae5aa7c5b7457cb1c2ff,timeout,not_completed,static-js-discovery-completion-v1,900,true,900,,not_supported,0,0,0,0,true,20,[],"[{""budget_name"":""max_cost_usd"",""enforcement_mode"":""advisory"",""evidence_refs"":[],""exceeded"":null,""limit"":5.0,""measured"":null,""note"":""usage_or_enforcement_not_independently_verified"",""reliable"":false,""system_id"":""strix"",""unit"":""usd""},{""budget_name"":""max_model_tokens"",""enforcement_mode"":""advisory"",""evidence_refs"":[],""exceeded"":null,""limit"":100000.0,""measured"":null,""note"":""usage_or_enforcement_not_independently_verified"",""reliable"":false,""system_id"":""strix"",""unit"":""tokens""},{""budget_name"":""max_output_bytes"",""enforcement_mode"":""hard"",""evidence_refs"":[],""exceeded"":false,""limit"":2097152.0,""measured"":15118.0,""note"":"""",""reliable"":true,""system_id"":""strix"",""unit"":""bytes""},{""budget_name"":""max_seconds"",""enforcement_mode"":""hard"",""evidence_refs"":[],""exceeded"":false,""limit"":900.0,""measured"":900.0,""note"":"""",""reliable"":true,""system_id"":""strix"",""unit"":""seconds""},{""budget_name"":""max_tools"",""enforcement_mode"":""advisory"",""evidence_refs"":[],""exceeded"":null,""limit"":40.0,""measured"":null,""note"":""usage_or_enforcement_not_independently_verified"",""reliable"":false,""system_id"":""strix"",""unit"":""count""}]",true,derived,1,0,0,true,derived,0,0,1,true,verified,0,0,1,false,unavailable,,,,false,unavailable,,,,false,unavailable,,,
1.0,732b6fee232090b10247c995b1a5ceb16c9b3202ca70a83a8fa5a5ab05d730c0,2.0,run-f35c5d99abd0a4e8692982778ddf9bda,small-model-stress-v3,strix,static-js-discovery-v3,3,956293786908350088,eca88f64602fd4ac2c77affa91a0d05d968f01d790a89d02389a771ee3ee868c,succeeded,not_completed,static-js-discovery-completion-v1,339.813159,true,900,,not_supported,0,0,0,0,true,13,[],"[{""budget_name"":""max_cost_usd"",""enforcement_mode"":""advisory"",""evidence_refs"":[],""exceeded"":null,""limit"":5.0,""measured"":null,""note"":""usage_or_enforcement_not_independently_verified"",""reliable"":false,""system_id"":""strix"",""unit"":""usd""},{""budget_name"":""max_model_tokens"",""enforcement_mode"":""advisory"",""evidence_refs"":[],""exceeded"":null,""limit"":100000.0,""measured"":null,""note"":""usage_or_enforcement_not_independently_verified"",""reliable"":false,""system_id"":""strix"",""unit"":""tokens""},{""budget_name"":""max_output_bytes"",""enforcement_mode"":""hard"",""evidence_refs"":[],""exceeded"":false,""limit"":2097152.0,""measured"":14598.0,""note"":"""",""reliable"":true,""system_id"":""strix"",""unit"":""bytes""},{""budget_name"":""max_seconds"",""enforcement_mode"":""hard"",""evidence_refs"":[],""exceeded"":false,""limit"":900.0,""measured"":339.8131586499985,""note"":"""",""reliable"":true,""system_id"":""strix"",""unit"":""seconds""},{""budget_name"":""max_tools"",""enforcement_mode"":""advisory"",""evidence_refs"":[],""exceeded"":null,""limit"":40.0,""measured"":null,""note"":""usage_or_enforcement_not_independently_verified"",""reliable"":false,""system_id"":""strix"",""unit"":""count""}]",true,derived,1,0,0,true,derived,0,0,1,true,verified,0,0,1,true,derived,1,0,0,true,derived,0,0,1,true,verified,0,0,1
1.0,732b6fee232090b10247c995b1a5ceb16c9b3202ca70a83a8fa5a5ab05d730c0,2.0,run-5eb0285f0e9c93a84d17908322c7cf92,small-model-stress-v3,strix,static-js-discovery-v3,4,290204551746656485,235b3baee1a94f740311e1788ba1a16d1f2bcdb1d881a2c2aa0aaac0623e04ba,succeeded,not_completed,static-js-discovery-completion-v1,214.269846,true,900,,not_supported,0,0,0,0,true,10,[],"[{""budget_name"":""max_cost_usd"",""enforcement_mode"":""advisory"",""evidence_refs"":[],""exceeded"":null,""limit"":5.0,""measured"":null,""note"":""usage_or_enforcement_not_independently_verified"",""reliable"":false,""system_id"":""strix"",""unit"":""usd""},{""budget_name"":""max_model_tokens"",""enforcement_mode"":""advisory"",""evidence_refs"":[],""exceeded"":null,""limit"":100000.0,""measured"":null,""note"":""usage_or_enforcement_not_independently_verified"",""reliable"":false,""system_id"":""strix"",""unit"":""tokens""},{""budget_name"":""max_output_bytes"",""enforcement_mode"":""hard"",""evidence_refs"":[],""exceeded"":false,""limit"":2097152.0,""measured"":14003.0,""note"":"""",""reliable"":true,""system_id"":""strix"",""unit"":""bytes""},{""budget_name"":""max_seconds"",""enforcement_mode"":""hard"",""evidence_refs"":[],""exceeded"":false,""limit"":900.0,""measured"":214.26984608899875,""note"":"""",""reliable"":true,""system_id"":""strix"",""unit"":""seconds""},{""budget_name"":""max_tools"",""enforcement_mode"":""advisory"",""evidence_refs"":[],""exceeded"":null,""limit"":40.0,""measured"":null,""note"":""usage_or_enforcement_not_independently_verified"",""reliable"":false,""system_id"":""strix"",""unit"":""count""}]",true,derived,1,0,0,true,derived,0,0,1,true,verified,0,0,1,true,derived,1,0,0,true,derived,0,0,1,true,verified,0,0,1
1.0,732b6fee232090b10247c995b1a5ceb16c9b3202ca70a83a8fa5a5ab05d730c0,2.0,run-a8f03f31dc77a432b0e3023d0d45b03f,small-model-stress-v3,strix,static-js-discovery-v3,5,1060193013399759780,988b59054daabfba7dd04477d90932b44221f642a2d2bb3494df593fe5f9d023,succeeded,not_completed,static-js-discovery-completion-v1,285.941125,true,900,,not_supported,0,0,0,0,true,6,[],"[{""budget_name"":""max_cost_usd"",""enforcement_mode"":""advisory"",""evidence_refs"":[],""exceeded"":null,""limit"":5.0,""measured"":null,""note"":""usage_or_enforcement_not_independently_verified"",""reliable"":false,""system_id"":""strix"",""unit"":""usd""},{""budget_name"":""max_model_tokens"",""enforcement_mode"":""advisory"",""evidence_refs"":[],""exceeded"":null,""limit"":100000.0,""measured"":null,""note"":""usage_or_enforcement_not_independently_verified"",""reliable"":false,""system_id"":""strix"",""unit"":""tokens""},{""budget_name"":""max_output_bytes"",""enforcement_mode"":""hard"",""evidence_refs"":[],""exceeded"":false,""limit"":2097152.0,""measured"":15283.0,""note"":"""",""reliable"":true,""system_id"":""strix"",""unit"":""bytes""},{""budget_name"":""max_seconds"",""enforcement_mode"":""hard"",""evidence_refs"":[],""exceeded"":false,""limit"":900.0,""measured"":285.941124596,""note"":"""",""reliable"":true,""system_id"":""strix"",""unit"":""seconds""},{""budget_name"":""max_tools"",""enforcement_mode"":""advisory"",""evidence_refs"":[],""exceeded"":null,""limit"":40.0,""measured"":null,""note"":""usage_or_enforcement_not_independently_verified"",""reliable"":false,""system_id"":""strix"",""unit"":""count""}]",true,derived,1,0,0,true,derived,0,0,1,true,verified,0,0,1,true,derived,1,0,0,true,derived,0,0,1,true,verified,0,0,1
1.0,732b6fee232090b10247c995b1a5ceb16c9b3202ca70a83a8fa5a5ab05d730c0,2.0,run-025472c24fb232765687b19d12cecc9d,small-model-stress-v3,strix,static-js-discovery-v3,6,874435490240865046,ced5263865cfafb9d026b1a3e87c8c3d3355a30637fa101ffe7f49fee6e6b1f8,succeeded,not_completed,static-js-discovery-completion-v1,577.795086,true,900,,not_supported,0,0,0,0,true,10,[],"[{""budget_name"":""max_cost_usd"",""enforcement_mode"":""advisory"",""evidence_refs"":[],""exceeded"":null,""limit"":5.0,""measured"":null,""note"":""usage_or_enforcement_not_independently_verified"",""reliable"":false,""system_id"":""strix"",""unit"":""usd""},{""budget_name"":""max_model_tokens"",""enforcement_mode"":""advisory"",""evidence_refs"":[],""exceeded"":null,""limit"":100000.0,""measured"":null,""note"":""usage_or_enforcement_not_independently_verified"",""reliable"":false,""system_id"":""strix"",""unit"":""tokens""},{""budget_name"":""max_output_bytes"",""enforcement_mode"":""hard"",""evidence_refs"":[],""exceeded"":false,""limit"":2097152.0,""measured"":13752.0,""note"":"""",""reliable"":true,""system_id"":""strix"",""unit"":""bytes""},{""budget_name"":""max_seconds"",""enforcement_mode"":""hard"",""evidence_refs"":[],""exceeded"":false,""limit"":900.0,""measured"":577.7950855100007,""note"":"""",""reliable"":true,""system_id"":""strix"",""unit"":""seconds""},{""budget_name"":""max_tools"",""enforcement_mode"":""advisory"",""evidence_refs"":[],""exceeded"":null,""limit"":40.0,""measured"":null,""note"":""usage_or_enforcement_not_independently_verified"",""reliable"":false,""system_id"":""strix"",""unit"":""count""}]",true,derived,1,0,0,true,derived,0,0,1,true,verified,0,0,1,true,derived,1,0,0,true,derived,0,0,1,true,verified,0,0,1
1.0,732b6fee232090b10247c995b1a5ceb16c9b3202ca70a83a8fa5a5ab05d730c0,2.0,run-b5e59eb72356357c33aed2258ca8de21,small-model-stress-v3,strix,static-js-discovery-v3,7,1001620729530011543,a47633ba04686a22ecf756c6876d459d62b422a6c1607eadb73d9188dff4aea8,timeout,not_completed,static-js-discovery-completion-v1,900,true,900,,not_supported,0,0,0,0,true,7,[],"[{""budget_name"":""max_cost_usd"",""enforcement_mode"":""advisory"",""evidence_refs"":[],""exceeded"":null,""limit"":5.0,""measured"":null,""note"":""usage_or_enforcement_not_independently_verified"",""reliable"":false,""system_id"":""strix"",""unit"":""usd""},{""budget_name"":""max_model_tokens"",""enforcement_mode"":""advisory"",""evidence_refs"":[],""exceeded"":null,""limit"":100000.0,""measured"":null,""note"":""usage_or_enforcement_not_independently_verified"",""reliable"":false,""system_id"":""strix"",""unit"":""tokens""},{""budget_name"":""max_output_bytes"",""enforcement_mode"":""hard"",""evidence_refs"":[],""exceeded"":false,""limit"":2097152.0,""measured"":13945.0,""note"":"""",""reliable"":true,""system_id"":""strix"",""unit"":""bytes""},{""budget_name"":""max_seconds"",""enforcement_mode"":""hard"",""evidence_refs"":[],""exceeded"":false,""limit"":900.0,""measured"":900.0,""note"":"""",""reliable"":true,""system_id"":""strix"",""unit"":""seconds""},{""budget_name"":""max_tools"",""enforcement_mode"":""advisory"",""evidence_refs"":[],""exceeded"":null,""limit"":40.0,""measured"":null,""note"":""usage_or_enforcement_not_independently_verified"",""reliable"":false,""system_id"":""strix"",""unit"":""count""}]",true,derived,1,0,0,true,derived,0,0,1,true,verified,0,0,1,false,unavailable,,,,false,unavailable,,,,false,unavailable,,,
1.0,732b6fee232090b10247c995b1a5ceb16c9b3202ca70a83a8fa5a5ab05d730c0,2.0,run-ca9e0ccf26e16127ca00417429da9667,small-model-stress-v3,strix,static-js-discovery-v3,8,843697325119762007,9a940983e37ab2f9988cc3cf756f4944025a877196a404ef5aed9633f0d8a25f,succeeded,not_completed,static-js-discovery-completion-v1,170.22935,true,900,,not_supported,0,0,0,0,true,9,[],"[{""budget_name"":""max_cost_usd"",""enforcement_mode"":""advisory"",""evidence_refs"":[],""exceeded"":null,""limit"":5.0,""measured"":null,""note"":""usage_or_enforcement_not_independently_verified"",""reliable"":false,""system_id"":""strix"",""unit"":""usd""},{""budget_name"":""max_model_tokens"",""enforcement_mode"":""advisory"",""evidence_refs"":[],""exceeded"":null,""limit"":100000.0,""measured"":null,""note"":""usage_or_enforcement_not_independently_verified"",""reliable"":false,""system_id"":""strix"",""unit"":""tokens""},{""budget_name"":""max_output_bytes"",""enforcement_mode"":""hard"",""evidence_refs"":[],""exceeded"":false,""limit"":2097152.0,""measured"":13493.0,""note"":"""",""reliable"":true,""system_id"":""strix"",""unit"":""bytes""},{""budget_name"":""max_seconds"",""enforcement_mode"":""hard"",""evidence_refs"":[],""exceeded"":false,""limit"":900.0,""measured"":170.22934976499891,""note"":"""",""reliable"":true,""system_id"":""strix"",""unit"":""seconds""},{""budget_name"":""max_tools"",""enforcement_mode"":""advisory"",""evidence_refs"":[],""exceeded"":null,""limit"":40.0,""measured"":null,""note"":""usage_or_enforcement_not_independently_verified"",""reliable"":false,""system_id"":""strix"",""unit"":""count""}]",true,derived,1,0,0,true,derived,0,0,1,true,verified,0,0,1,true,derived,1,0,0,true,derived,0,0,1,true,verified,0,0,1
1.0,732b6fee232090b10247c995b1a5ceb16c9b3202ca70a83a8fa5a5ab05d730c0,2.0,run-56ce7836d8667ecf1f4d918ea4f423b5,small-model-stress-v3,strix,static-js-discovery-v3,9,916604830878514984,2a37c30cb36520093309998d1c1adde0c0877f78a9ff3999e103f30e5240b6c2,succeeded,not_completed,static-js-discovery-completion-v1,180.608721,true,900,,not_supported,0,0,0,0,true,6,[],"[{""budget_name"":""max_cost_usd"",""enforcement_mode"":""advisory"",""evidence_refs"":[],""exceeded"":null,""limit"":5.0,""measured"":null,""note"":""usage_or_enforcement_not_independently_verified"",""reliable"":false,""system_id"":""strix"",""unit"":""usd""},{""budget_name"":""max_model_tokens"",""enforcement_mode"":""advisory"",""evidence_refs"":[],""exceeded"":null,""limit"":100000.0,""measured"":null,""note"":""usage_or_enforcement_not_independently_verified"",""reliable"":false,""system_id"":""strix"",""unit"":""tokens""},{""budget_name"":""max_output_bytes"",""enforcement_mode"":""hard"",""evidence_refs"":[],""exceeded"":false,""limit"":2097152.0,""measured"":20241.0,""note"":"""",""reliable"":true,""system_id"":""strix"",""unit"":""bytes""},{""budget_name"":""max_seconds"",""enforcement_mode"":""hard"",""evidence_refs"":[],""exceeded"":false,""limit"":900.0,""measured"":180.60872095399827,""note"":"""",""reliable"":true,""system_id"":""strix"",""unit"":""seconds""},{""budget_name"":""max_tools"",""enforcement_mode"":""advisory"",""evidence_refs"":[],""exceeded"":null,""limit"":40.0,""measured"":null,""note"":""usage_or_enforcement_not_independently_verified"",""reliable"":false,""system_id"":""strix"",""unit"":""count""}]",true,derived,1,0,0,true,derived,0,0,1,true,verified,0,0,1,true,derived,1,0,0,true,derived,0,0,1,true,verified,0,0,1
1.0,732b6fee232090b10247c995b1a5ceb16c9b3202ca70a83a8fa5a5ab05d730c0,2.0,run-857bf1ce24c640dabaaf092377f57ee0,small-model-stress-v3,strix,static-js-discovery-v3,10,503130654478987192,f6e7c9e4e2427be1918609ef38263d5f23e34434470cf740e700512bec0efc06,timeout,not_completed,static-js-discovery-completion-v1,900,true,900,,not_supported,0,0,0,0,true,19,[],"[{""budget_name"":""max_cost_usd"",""enforcement_mode"":""advisory"",""evidence_refs"":[],""exceeded"":null,""limit"":5.0,""measured"":null,""note"":""usage_or_enforcement_not_independently_verified"",""reliable"":false,""system_id"":""strix"",""unit"":""usd""},{""budget_name"":""max_model_tokens"",""enforcement_mode"":""advisory"",""evidence_refs"":[],""exceeded"":null,""limit"":100000.0,""measured"":null,""note"":""usage_or_enforcement_not_independently_verified"",""reliable"":false,""system_id"":""strix"",""unit"":""tokens""},{""budget_name"":""max_output_bytes"",""enforcement_mode"":""hard"",""evidence_refs"":[],""exceeded"":false,""limit"":2097152.0,""measured"":6469.0,""note"":"""",""reliable"":true,""system_id"":""strix"",""unit"":""bytes""},{""budget_name"":""max_seconds"",""enforcement_mode"":""hard"",""evidence_refs"":[],""exceeded"":false,""limit"":900.0,""measured"":900.0,""note"":"""",""reliable"":true,""system_id"":""strix"",""unit"":""seconds""},{""budget_name"":""max_tools"",""enforcement_mode"":""advisory"",""evidence_refs"":[],""exceeded"":null,""limit"":40.0,""measured"":null,""note"":""usage_or_enforcement_not_independently_verified"",""reliable"":false,""system_id"":""strix"",""unit"":""count""}]",true,derived,1,0,0,true,derived,0,0,1,true,verified,0,0,1,false,unavailable,,,,false,unavailable,,,,false,unavailable,,,
1.0,732b6fee232090b10247c995b1a5ceb16c9b3202ca70a83a8fa5a5ab05d730c0,2.0,run-b7f583c3f2a88229d6179fa0df7445e5,small-model-stress-v3,strix,static-js-discovery-v3,11,683649681491432515,39750a5fffebacca79bf51234cb1e4dd8d753b262e3da20399868e5f263cf1b8,failed,not_completed,static-js-discovery-completion-v1,119.997176,true,900,,not_supported,0,0,0,0,true,0,[],"[{""budget_name"":""max_cost_usd"",""enforcement_mode"":""advisory"",""evidence_refs"":[],""exceeded"":null,""limit"":5.0,""measured"":null,""note"":""usage_or_enforcement_not_independently_verified"",""reliable"":false,""system_id"":""strix"",""unit"":""usd""},{""budget_name"":""max_model_tokens"",""enforcement_mode"":""advisory"",""evidence_refs"":[],""exceeded"":null,""limit"":100000.0,""measured"":null,""note"":""usage_or_enforcement_not_independently_verified"",""reliable"":false,""system_id"":""strix"",""unit"":""tokens""},{""budget_name"":""max_output_bytes"",""enforcement_mode"":""hard"",""evidence_refs"":[],""exceeded"":false,""limit"":2097152.0,""measured"":21514.0,""note"":"""",""reliable"":true,""system_id"":""strix"",""unit"":""bytes""},{""budget_name"":""max_seconds"",""enforcement_mode"":""hard"",""evidence_refs"":[],""exceeded"":false,""limit"":900.0,""measured"":119.99717555400275,""note"":"""",""reliable"":true,""system_id"":""strix"",""unit"":""seconds""},{""budget_name"":""max_tools"",""enforcement_mode"":""advisory"",""evidence_refs"":[],""exceeded"":null,""limit"":40.0,""measured"":null,""note"":""usage_or_enforcement_not_independently_verified"",""reliable"":false,""system_id"":""strix"",""unit"":""count""}]",true,derived,1,0,0,true,derived,0,0,1,true,verified,0,0,1,false,unavailable,,,,false,unavailable,,,,false,unavailable,,,
1.0,732b6fee232090b10247c995b1a5ceb16c9b3202ca70a83a8fa5a5ab05d730c0,2.0,run-bcb204017a3102a3f34558e3e2c6c960,small-model-stress-v3,strix,static-js-discovery-v3,12,902653678405022850,955cf135efcd3114685df43ae3614b4eba583b8d31c0c4cfbda31debe8737c1e,failed,not_completed,static-js-discovery-completion-v1,55.8998843,true,900,,not_supported,0,0,0,0,true,4,[],"[{""budget_name"":""max_cost_usd"",""enforcement_mode"":""advisory"",""evidence_refs"":[],""exceeded"":null,""limit"":5.0,""measured"":null,""note"":""usage_or_enforcement_not_independently_verified"",""reliable"":false,""system_id"":""strix"",""unit"":""usd""},{""budget_name"":""max_model_tokens"",""enforcement_mode"":""advisory"",""evidence_refs"":[],""exceeded"":null,""limit"":100000.0,""measured"":null,""note"":""usage_or_enforcement_not_independently_verified"",""reliable"":false,""system_id"":""strix"",""unit"":""tokens""},{""budget_name"":""max_output_bytes"",""enforcement_mode"":""hard"",""evidence_refs"":[],""exceeded"":false,""limit"":2097152.0,""measured"":17605.0,""note"":"""",""reliable"":true,""system_id"":""strix"",""unit"":""bytes""},{""budget_name"":""max_seconds"",""enforcement_mode"":""hard"",""evidence_refs"":[],""exceeded"":false,""limit"":900.0,""measured"":55.899884254002245,""note"":"""",""reliable"":true,""system_id"":""strix"",""unit"":""seconds""},{""budget_name"":""max_tools"",""enforcement_mode"":""advisory"",""evidence_refs"":[],""exceeded"":null,""limit"":40.0,""measured"":null,""note"":""usage_or_enforcement_not_independently_verified"",""reliable"":false,""system_id"":""strix"",""unit"":""count""}]",true,derived,1,0,0,true,derived,0,0,1,true,verified,0,0,1,false,unavailable,,,,false,unavailable,,,,false,unavailable,,,
1.0,732b6fee232090b10247c995b1a5ceb16c9b3202ca70a83a8fa5a5ab05d730c0,2.0,run-4a0bacfde1a470121f42eee4ace3718e,small-model-stress-v3,strix,transient-recovery-v3,1,552478183083435641,e98fb70e2b5efe438da1e461a70dd4bc4d01eba968bd0e4763a506f53157b94f,failed,not_completed,transient-recovery-completion-v1,155.74041,true,900,,not_supported,0,0,0,0,true,4,[],"[{""budget_name"":""max_cost_usd"",""enforcement_mode"":""advisory"",""evidence_refs"":[],""exceeded"":null,""limit"":5.0,""measured"":null,""note"":""usage_or_enforcement_not_independently_verified"",""reliable"":false,""system_id"":""strix"",""unit"":""usd""},{""budget_name"":""max_model_tokens"",""enforcement_mode"":""advisory"",""evidence_refs"":[],""exceeded"":null,""limit"":100000.0,""measured"":null,""note"":""usage_or_enforcement_not_independently_verified"",""reliable"":false,""system_id"":""strix"",""unit"":""tokens""},{""budget_name"":""max_output_bytes"",""enforcement_mode"":""hard"",""evidence_refs"":[],""exceeded"":false,""limit"":2097152.0,""measured"":23160.0,""note"":"""",""reliable"":true,""system_id"":""strix"",""unit"":""bytes""},{""budget_name"":""max_seconds"",""enforcement_mode"":""hard"",""evidence_refs"":[],""exceeded"":false,""limit"":900.0,""measured"":155.7404097990002,""note"":"""",""reliable"":true,""system_id"":""strix"",""unit"":""seconds""},{""budget_name"":""max_tools"",""enforcement_mode"":""advisory"",""evidence_refs"":[],""exceeded"":null,""limit"":40.0,""measured"":null,""note"":""usage_or_enforcement_not_independently_verified"",""reliable"":false,""system_id"":""strix"",""unit"":""count""}]",true,derived,1,0,0,true,derived,0,0,1,true,verified,0,0,1,false,unavailable,,,,false,unavailable,,,,false,unavailable,,,
1.0,732b6fee232090b10247c995b1a5ceb16c9b3202ca70a83a8fa5a5ab05d730c0,2.0,run-4ea9cb862246b12a824eed9db2abb3c6,small-model-stress-v3,strix,transient-recovery-v3,2,832534819508882933,3a7a1c1ae2901e84d8f78380f8a20031115a6bd53f3bf893be3b537453685217,timeout,not_completed,transient-recovery-completion-v1,900,true,900,,not_supported,0,0,0,0,true,11,[],"[{""budget_name"":""max_cost_usd"",""enforcement_mode"":""advisory"",""evidence_refs"":[],""exceeded"":null,""limit"":5.0,""measured"":null,""note"":""usage_or_enforcement_not_independently_verified"",""reliable"":false,""system_id"":""strix"",""unit"":""usd""},{""budget_name"":""max_model_tokens"",""enforcement_mode"":""advisory"",""evidence_refs"":[],""exceeded"":null,""limit"":100000.0,""measured"":null,""note"":""usage_or_enforcement_not_independently_verified"",""reliable"":false,""system_id"":""strix"",""unit"":""tokens""},{""budget_name"":""max_output_bytes"",""enforcement_mode"":""hard"",""evidence_refs"":[],""exceeded"":false,""limit"":2097152.0,""measured"":6469.0,""note"":"""",""reliable"":true,""system_id"":""strix"",""unit"":""bytes""},{""budget_name"":""max_seconds"",""enforcement_mode"":""hard"",""evidence_refs"":[],""exceeded"":false,""limit"":900.0,""measured"":900.0,""note"":"""",""reliable"":true,""system_id"":""strix"",""unit"":""seconds""},{""budget_name"":""max_tools"",""enforcement_mode"":""advisory"",""evidence_refs"":[],""exceeded"":null,""limit"":40.0,""measured"":null,""note"":""usage_or_enforcement_not_independently_verified"",""reliable"":false,""system_id"":""strix"",""unit"":""count""}]",true,derived,1,0,0,true,derived,0,0,1,true,verified,0,0,1,false,unavailable,,,,false,unavailable,,,,false,unavailable,,,
1.0,732b6fee232090b10247c995b1a5ceb16c9b3202ca70a83a8fa5a5ab05d730c0,2.0,run-c8e1a80873246e099306676bd2cb26e7,small-model-stress-v3,strix,transient-recovery-v3,3,977927800228039817,97412879355ca5e86f1e9491c181e9376569bd3b32f9ab6fc5ffbfdcdb760b6b,failed,not_completed,transient-recovery-completion-v1,108.881752,true,900,,not_supported,0,0,0,0,true,0,[],"[{""budget_name"":""max_cost_usd"",""enforcement_mode"":""advisory"",""evidence_refs"":[],""exceeded"":null,""limit"":5.0,""measured"":null,""note"":""usage_or_enforcement_not_independently_verified"",""reliable"":false,""system_id"":""strix"",""unit"":""usd""},{""budget_name"":""max_model_tokens"",""enforcement_mode"":""advisory"",""evidence_refs"":[],""exceeded"":null,""limit"":100000.0,""measured"":null,""note"":""usage_or_enforcement_not_independently_verified"",""reliable"":false,""system_id"":""strix"",""unit"":""tokens""},{""budget_name"":""max_output_bytes"",""enforcement_mode"":""hard"",""evidence_refs"":[],""exceeded"":false,""limit"":2097152.0,""measured"":21530.0,""note"":"""",""reliable"":true,""system_id"":""strix"",""unit"":""bytes""},{""budget_name"":""max_seconds"",""enforcement_mode"":""hard"",""evidence_refs"":[],""exceeded"":false,""limit"":900.0,""measured"":108.8817523689977,""note"":"""",""reliable"":true,""system_id"":""strix"",""unit"":""seconds""},{""budget_name"":""max_tools"",""enforcement_mode"":""advisory"",""evidence_refs"":[],""exceeded"":null,""limit"":40.0,""measured"":null,""note"":""usage_or_enforcement_not_independently_verified"",""reliable"":false,""system_id"":""strix"",""unit"":""count""}]",true,derived,1,0,0,true,derived,0,0,1,true,verified,0,0,1,false,unavailable,,,,false,unavailable,,,,false,unavailable,,,
1.0,732b6fee232090b10247c995b1a5ceb16c9b3202ca70a83a8fa5a5ab05d730c0,2.0,run-fe467018e41c6e6e89a32d1cbc3549c5,small-model-stress-v3,strix,transient-recovery-v3,4,831162337255700002,6cbfd0871900124f6995b16ead9d663a92ff033299558348648cb314aacc855e,failed,not_completed,transient-recovery-completion-v1,111.612734,true,900,,not_supported,0,0,0,0,true,0,[],"[{""budget_name"":""max_cost_usd"",""enforcement_mode"":""advisory"",""evidence_refs"":[],""exceeded"":null,""limit"":5.0,""measured"":null,""note"":""usage_or_enforcement_not_independently_verified"",""reliable"":false,""system_id"":""strix"",""unit"":""usd""},{""budget_name"":""max_model_tokens"",""enforcement_mode"":""advisory"",""evidence_refs"":[],""exceeded"":null,""limit"":100000.0,""measured"":null,""note"":""usage_or_enforcement_not_independently_verified"",""reliable"":false,""system_id"":""strix"",""unit"":""tokens""},{""budget_name"":""max_output_bytes"",""enforcement_mode"":""hard"",""evidence_refs"":[],""exceeded"":false,""limit"":2097152.0,""measured"":21530.0,""note"":"""",""reliable"":true,""system_id"":""strix"",""unit"":""bytes""},{""budget_name"":""max_seconds"",""enforcement_mode"":""hard"",""evidence_refs"":[],""exceeded"":false,""limit"":900.0,""measured"":111.6127340530038,""note"":"""",""reliable"":true,""system_id"":""strix"",""unit"":""seconds""},{""budget_name"":""max_tools"",""enforcement_mode"":""advisory"",""evidence_refs"":[],""exceeded"":null,""limit"":40.0,""measured"":null,""note"":""usage_or_enforcement_not_independently_verified"",""reliable"":false,""system_id"":""strix"",""unit"":""count""}]",true,derived,1,0,0,true,derived,0,0,1,true,verified,0,0,1,false,unavailable,,,,false,unavailable,,,,false,unavailable,,,
1.0,732b6fee232090b10247c995b1a5ceb16c9b3202ca70a83a8fa5a5ab05d730c0,2.0,run-89a62747a557bdbea0ca54a2270f0f8a,small-model-stress-v3,strix,transient-recovery-v3,5,1000953251901250225,c050420a3eceae31666d45ee17275596f1c5834f19368136da9bc38f80331c01,timeout,not_completed,transient-recovery-completion-v1,900,true,900,,not_supported,0,0,0,0,true,8,[],"[{""budget_name"":""max_cost_usd"",""enforcement_mode"":""advisory"",""evidence_refs"":[],""exceeded"":null,""limit"":5.0,""measured"":null,""note"":""usage_or_enforcement_not_independently_verified"",""reliable"":false,""system_id"":""strix"",""unit"":""usd""},{""budget_name"":""max_model_tokens"",""enforcement_mode"":""advisory"",""evidence_refs"":[],""exceeded"":null,""limit"":100000.0,""measured"":null,""note"":""usage_or_enforcement_not_independently_verified"",""reliable"":false,""system_id"":""strix"",""unit"":""tokens""},{""budget_name"":""max_output_bytes"",""enforcement_mode"":""hard"",""evidence_refs"":[],""exceeded"":false,""limit"":2097152.0,""measured"":6469.0,""note"":"""",""reliable"":true,""system_id"":""strix"",""unit"":""bytes""},{""budget_name"":""max_seconds"",""enforcement_mode"":""hard"",""evidence_refs"":[],""exceeded"":false,""limit"":900.0,""measured"":900.0,""note"":"""",""reliable"":true,""system_id"":""strix"",""unit"":""seconds""},{""budget_name"":""max_tools"",""enforcement_mode"":""advisory"",""evidence_refs"":[],""exceeded"":null,""limit"":40.0,""measured"":null,""note"":""usage_or_enforcement_not_independently_verified"",""reliable"":false,""system_id"":""strix"",""unit"":""count""}]",true,derived,1,0,0,true,derived,0,0,1,true,verified,0,0,1,false,unavailable,,,,false,unavailable,,,,false,unavailable,,,
1.0,732b6fee232090b10247c995b1a5ceb16c9b3202ca70a83a8fa5a5ab05d730c0,2.0,run-63c683ec00dc2ddf4a2735d9533f8a91,small-model-stress-v3,strix,transient-recovery-v3,6,356270876339233770,c00b77093660db2edbe72f9aa5120c6663a6c6679506a79cfb55592955420dd0,succeeded,not_completed,transient-recovery-completion-v1,855.483905,true,900,,not_supported,0,0,0,0,true,87,[],"[{""budget_name"":""max_cost_usd"",""enforcement_mode"":""advisory"",""evidence_refs"":[],""exceeded"":null,""limit"":5.0,""measured"":null,""note"":""usage_or_enforcement_not_independently_verified"",""reliable"":false,""system_id"":""strix"",""unit"":""usd""},{""budget_name"":""max_model_tokens"",""enforcement_mode"":""advisory"",""evidence_refs"":[],""exceeded"":null,""limit"":100000.0,""measured"":null,""note"":""usage_or_enforcement_not_independently_verified"",""reliable"":false,""system_id"":""strix"",""unit"":""tokens""},{""budget_name"":""max_output_bytes"",""enforcement_mode"":""hard"",""evidence_refs"":[],""exceeded"":false,""limit"":2097152.0,""measured"":19267.0,""note"":"""",""reliable"":true,""system_id"":""strix"",""unit"":""bytes""},{""budget_name"":""max_seconds"",""enforcement_mode"":""hard"",""evidence_refs"":[],""exceeded"":false,""limit"":900.0,""measured"":855.483905137,""note"":"""",""reliable"":true,""system_id"":""strix"",""unit"":""seconds""},{""budget_name"":""max_tools"",""enforcement_mode"":""advisory"",""evidence_refs"":[],""exceeded"":null,""limit"":40.0,""measured"":null,""note"":""usage_or_enforcement_not_independently_verified"",""reliable"":false,""system_id"":""strix"",""unit"":""count""}]",true,derived,1,0,0,true,derived,0,0,1,true,verified,0,0,1,true,derived,1,0,0,true,derived,0,0,1,true,verified,0,0,1
1.0,732b6fee232090b10247c995b1a5ceb16c9b3202ca70a83a8fa5a5ab05d730c0,2.0,run-16c91a1b7b2d167f299963ded6ea7f7a,small-model-stress-v3,strix,transient-recovery-v3,7,412838636095298851,0b8691baec876553c3e62587ce57061b17462a173b3e0d17986001e7afab378f,failed,not_completed,transient-recovery-completion-v1,105.403931,true,900,,not_supported,0,0,0,0,true,0,[],"[{""budget_name"":""max_cost_usd"",""enforcement_mode"":""advisory"",""evidence_refs"":[],""exceeded"":null,""limit"":5.0,""measured"":null,""note"":""usage_or_enforcement_not_independently_verified"",""reliable"":false,""system_id"":""strix"",""unit"":""usd""},{""budget_name"":""max_model_tokens"",""enforcement_mode"":""advisory"",""evidence_refs"":[],""exceeded"":null,""limit"":100000.0,""measured"":null,""note"":""usage_or_enforcement_not_independently_verified"",""reliable"":false,""system_id"":""strix"",""unit"":""tokens""},{""budget_name"":""max_output_bytes"",""enforcement_mode"":""hard"",""evidence_refs"":[],""exceeded"":false,""limit"":2097152.0,""measured"":21514.0,""note"":"""",""reliable"":true,""system_id"":""strix"",""unit"":""bytes""},{""budget_name"":""max_seconds"",""enforcement_mode"":""hard"",""evidence_refs"":[],""exceeded"":false,""limit"":900.0,""measured"":105.4039311029992,""note"":"""",""reliable"":true,""system_id"":""strix"",""unit"":""seconds""},{""budget_name"":""max_tools"",""enforcement_mode"":""advisory"",""evidence_refs"":[],""exceeded"":null,""limit"":40.0,""measured"":null,""note"":""usage_or_enforcement_not_independently_verified"",""reliable"":false,""system_id"":""strix"",""unit"":""count""}]",true,derived,1,0,0,true,derived,0,0,1,true,verified,0,0,1,false,unavailable,,,,false,unavailable,,,,false,unavailable,,,
1.0,732b6fee232090b10247c995b1a5ceb16c9b3202ca70a83a8fa5a5ab05d730c0,2.0,run-e8115b03300a8e4d8a846d5e0cb961cb,small-model-stress-v3,strix,transient-recovery-v3,8,839765159322724320,333fef99afbc95d79af9402e0155e127ca30181ba9d22ab02bf7063d9af62058,timeout,not_completed,transient-recovery-completion-v1,900,true,900,,not_supported,0,0,0,0,true,22,[],"[{""budget_name"":""max_cost_usd"",""enforcement_mode"":""advisory"",""evidence_refs"":[],""exceeded"":null,""limit"":5.0,""measured"":null,""note"":""usage_or_enforcement_not_independently_verified"",""reliable"":false,""system_id"":""strix"",""unit"":""usd""},{""budget_name"":""max_model_tokens"",""enforcement_mode"":""advisory"",""evidence_refs"":[],""exceeded"":null,""limit"":100000.0,""measured"":null,""note"":""usage_or_enforcement_not_independently_verified"",""reliable"":false,""system_id"":""strix"",""unit"":""tokens""},{""budget_name"":""max_output_bytes"",""enforcement_mode"":""hard"",""evidence_refs"":[],""exceeded"":false,""limit"":2097152.0,""measured"":17207.0,""note"":"""",""reliable"":true,""system_id"":""strix"",""unit"":""bytes""},{""budget_name"":""max_seconds"",""enforcement_mode"":""hard"",""evidence_refs"":[],""exceeded"":false,""limit"":900.0,""measured"":900.0,""note"":"""",""reliable"":true,""system_id"":""strix"",""unit"":""seconds""},{""budget_name"":""max_tools"",""enforcement_mode"":""advisory"",""evidence_refs"":[],""exceeded"":null,""limit"":40.0,""measured"":null,""note"":""usage_or_enforcement_not_independently_verified"",""reliable"":false,""system_id"":""strix"",""unit"":""count""}]",true,derived,1,0,0,true,derived,0,0,1,true,verified,0,0,1,false,unavailable,,,,false,unavailable,,,,false,unavailable,,,
1.0,732b6fee232090b10247c995b1a5ceb16c9b3202ca70a83a8fa5a5ab05d730c0,2.0,run-70ef50c981830ec093be52a284b4f14f,small-model-stress-v3,strix,transient-recovery-v3,9,483631867788270483,61cda3bb08e8a690550332ef766bc6dc1a88e097bea8d0e89554f25f13ac569c,succeeded,not_completed,transient-recovery-completion-v1,570.099212,true,900,,not_supported,0,0,0,0,true,15,[],"[{""budget_name"":""max_cost_usd"",""enforcement_mode"":""advisory"",""evidence_refs"":[],""exceeded"":null,""limit"":5.0,""measured"":null,""note"":""usage_or_enforcement_not_independently_verified"",""reliable"":false,""system_id"":""strix"",""unit"":""usd""},{""budget_name"":""max_model_tokens"",""enforcement_mode"":""advisory"",""evidence_refs"":[],""exceeded"":null,""limit"":100000.0,""measured"":null,""note"":""usage_or_enforcement_not_independently_verified"",""reliable"":false,""system_id"":""strix"",""unit"":""tokens""},{""budget_name"":""max_output_bytes"",""enforcement_mode"":""hard"",""evidence_refs"":[],""exceeded"":false,""limit"":2097152.0,""measured"":16298.0,""note"":"""",""reliable"":true,""system_id"":""strix"",""unit"":""bytes""},{""budget_name"":""max_seconds"",""enforcement_mode"":""hard"",""evidence_refs"":[],""exceeded"":false,""limit"":900.0,""measured"":570.0992120640003,""note"":"""",""reliable"":true,""system_id"":""strix"",""unit"":""seconds""},{""budget_name"":""max_tools"",""enforcement_mode"":""advisory"",""evidence_refs"":[],""exceeded"":null,""limit"":40.0,""measured"":null,""note"":""usage_or_enforcement_not_independently_verified"",""reliable"":false,""system_id"":""strix"",""unit"":""count""}]",true,derived,1,0,0,true,derived,0,0,1,true,verified,0,0,1,true,derived,1,0,0,true,derived,0,0,1,true,verified,0,0,1
1.0,732b6fee232090b10247c995b1a5ceb16c9b3202ca70a83a8fa5a5ab05d730c0,2.0,run-47763bc3c319f443cffa5b4a5b977cf9,small-model-stress-v3,strix,transient-recovery-v3,10,724883288802173699,cb47eacbdd4de476172ca986fae46079cfedee22140e70714b8b57aec3690490,succeeded,not_completed,transient-recovery-completion-v1,838.879221,true,900,,not_supported,0,0,0,0,true,19,[],"[{""budget_name"":""max_cost_usd"",""enforcement_mode"":""advisory"",""evidence_refs"":[],""exceeded"":null,""limit"":5.0,""measured"":null,""note"":""usage_or_enforcement_not_independently_verified"",""reliable"":false,""system_id"":""strix"",""unit"":""usd""},{""budget_name"":""max_model_tokens"",""enforcement_mode"":""advisory"",""evidence_refs"":[],""exceeded"":null,""limit"":100000.0,""measured"":null,""note"":""usage_or_enforcement_not_independently_verified"",""reliable"":false,""system_id"":""strix"",""unit"":""tokens""},{""budget_name"":""max_output_bytes"",""enforcement_mode"":""hard"",""evidence_refs"":[],""exceeded"":false,""limit"":2097152.0,""measured"":16554.0,""note"":"""",""reliable"":true,""system_id"":""strix"",""unit"":""bytes""},{""budget_name"":""max_seconds"",""enforcement_mode"":""hard"",""evidence_refs"":[],""exceeded"":false,""limit"":900.0,""measured"":838.8792208830018,""note"":"""",""reliable"":true,""system_id"":""strix"",""unit"":""seconds""},{""budget_name"":""max_tools"",""enforcement_mode"":""advisory"",""evidence_refs"":[],""exceeded"":null,""limit"":40.0,""measured"":null,""note"":""usage_or_enforcement_not_independently_verified"",""reliable"":false,""system_id"":""strix"",""unit"":""count""}]",true,derived,1,0,0,true,derived,0,0,1,true,verified,0,0,1,true,derived,1,0,0,true,derived,0,0,1,true,verified,0,0,1
1.0,732b6fee232090b10247c995b1a5ceb16c9b3202ca70a83a8fa5a5ab05d730c0,2.0,run-e7f8754cf0e532a8942de122fee94ce9,small-model-stress-v3,strix,transient-recovery-v3,11,593807552565341660,847343064db2ed90fddcb7d2dd1a7c8bac85117cf099c0a227ae760a5b975589,failed,not_completed,transient-recovery-completion-v1,710.739779,true,900,,not_supported,0,0,0,0,true,38,[],"[{""budget_name"":""max_cost_usd"",""enforcement_mode"":""advisory"",""evidence_refs"":[],""exceeded"":null,""limit"":5.0,""measured"":null,""note"":""usage_or_enforcement_not_independently_verified"",""reliable"":false,""system_id"":""strix"",""unit"":""usd""},{""budget_name"":""max_model_tokens"",""enforcement_mode"":""advisory"",""evidence_refs"":[],""exceeded"":null,""limit"":100000.0,""measured"":null,""note"":""usage_or_enforcement_not_independently_verified"",""reliable"":false,""system_id"":""strix"",""unit"":""tokens""},{""budget_name"":""max_output_bytes"",""enforcement_mode"":""hard"",""evidence_refs"":[],""exceeded"":false,""limit"":2097152.0,""measured"":14094.0,""note"":"""",""reliable"":true,""system_id"":""strix"",""unit"":""bytes""},{""budget_name"":""max_seconds"",""enforcement_mode"":""hard"",""evidence_refs"":[],""exceeded"":false,""limit"":900.0,""measured"":710.7397793260025,""note"":"""",""reliable"":true,""system_id"":""strix"",""unit"":""seconds""},{""budget_name"":""max_tools"",""enforcement_mode"":""advisory"",""evidence_refs"":[],""exceeded"":null,""limit"":40.0,""measured"":null,""note"":""usage_or_enforcement_not_independently_verified"",""reliable"":false,""system_id"":""strix"",""unit"":""count""}]",true,derived,1,0,0,true,derived,0,0,1,true,verified,0,0,1,false,unavailable,,,,false,unavailable,,,,false,unavailable,,,
1.0,732b6fee232090b10247c995b1a5ceb16c9b3202ca70a83a8fa5a5ab05d730c0,2.0,run-68bdb798fd9b062064fbe50c2cb2879f,small-model-stress-v3,strix,transient-recovery-v3,12,741027558049478135,01cfb98193b18cb21f497028d0d8e62101066461763829c2546ae13e191deaac,succeeded,not_completed,transient-recovery-completion-v1,307.536101,true,900,,not_supported,0,0,0,0,true,13,[],"[{""budget_name"":""max_cost_usd"",""enforcement_mode"":""advisory"",""evidence_refs"":[],""exceeded"":null,""limit"":5.0,""measured"":null,""note"":""usage_or_enforcement_not_independently_verified"",""reliable"":false,""system_id"":""strix"",""unit"":""usd""},{""budget_name"":""max_model_tokens"",""enforcement_mode"":""advisory"",""evidence_refs"":[],""exceeded"":null,""limit"":100000.0,""measured"":null,""note"":""usage_or_enforcement_not_independently_verified"",""reliable"":false,""system_id"":""strix"",""unit"":""tokens""},{""budget_name"":""max_output_bytes"",""enforcement_mode"":""hard"",""evidence_refs"":[],""exceeded"":false,""limit"":2097152.0,""measured"":14768.0,""note"":"""",""reliable"":true,""system_id"":""strix"",""unit"":""bytes""},{""budget_name"":""max_seconds"",""enforcement_mode"":""hard"",""evidence_refs"":[],""exceeded"":false,""limit"":900.0,""measured"":307.5361006380044,""note"":"""",""reliable"":true,""system_id"":""strix"",""unit"":""seconds""},{""budget_name"":""max_tools"",""enforcement_mode"":""advisory"",""evidence_refs"":[],""exceeded"":null,""limit"":40.0,""measured"":null,""note"":""usage_or_enforcement_not_independently_verified"",""reliable"":false,""system_id"":""strix"",""unit"":""count""}]",true,derived,1,0,0,true,derived,0,0,1,true,verified,0,0,1,true,derived,1,0,0,true,derived,0,0,1,true,verified,0,0,1
